/* Begin code generated by png-to-badge-asset from /Users/arxi/clang/badge2025/source/apps/microban_assets/chip.png Sat Apr 26 16:22:59 2025. */
static const uint16_t chip_data[32768] = {
	0xffdf, 0xffdf, 0xffdf, 0xffdf, 0xffdf, 0xffdf, 0xffdf, 0xffdf, 0xffdf, 0xffdf, 0xffdf, 0xffdf,
	0xffdf, 0xffdf, 0xffdf, 0xffdf, 0xffdf, 0xffdf, 0xffdf, 0xffdf, 0xffdf, 0xffdf, 0xffdf, 0xffdf,
	0xffdf, 0xffdf, 0xffdf, 0xffdf, 0xffdf, 0xffdf, 0xffdf, 0x8410, 0xffdf, 0xffdf, 0xffdf, 0xffdf,
	0xffdf, 0xffdf, 0xffdf, 0xffdf, 0xffdf, 0xffdf, 0xffdf, 0xffdf, 0xffdf, 0xffdf, 0xffdf, 0xffdf,
	0xffdf, 0xffdf, 0xffdf, 0xffdf, 0xffdf, 0xffdf, 0xffdf, 0xffdf, 0xffdf, 0xffdf, 0xffdf, 0xffdf,
	0xffdf, 0xffdf, 0xffdf, 0x8410, 0x8400, 0x8400, 0x8400, 0x8400, 0x8400, 0x8400, 0x8400, 0x8400,
	0x8400, 0x8400, 0x8400, 0x8400, 0x8400, 0x8400, 0x8400, 0x8400, 0x8400, 0x8400, 0x8400, 0x8400,
	0x8400, 0x8400, 0x8400, 0x8400, 0x8400, 0x8400, 0x8400, 0x8400, 0x8400, 0x8400, 0x8400, 0x0000,
	0x0000, 0x0000, 0x0000, 0x0000, 0x0000, 0x0000, 0x0000, 0x0000, 0x0000, 0x0000, 0x0000, 0x0000,
	0x0000, 0x0000, 0x0000, 0x0000, 0x0000, 0x0000, 0x0000, 0x0000, 0x0000, 0x0000, 0x0000, 0x0000,
	0x0000, 0x0000, 0x0000, 0x0000, 0x0000, 0x0000, 0x0000, 0x0000, 0xffdf, 0xc618, 0xc618, 0xc618,
	0xc618, 0xc618, 0xc618, 0xc618, 0xc618, 0xc618, 0xc618, 0xc618, 0xc618, 0xc618, 0xc618, 0xc618,
	0xc618, 0xc618, 0xc618, 0xc618, 0xc618, 0xc618, 0xc618, 0xc618, 0xc618, 0xc618, 0xc618, 0xc618,
	0xc618, 0xc618, 0xc618, 0x8410, 0xffdf, 0xc618, 0xc618, 0xc618, 0xc618, 0xc618, 0xc618, 0xc618,
	0xc618, 0xc618, 0xc618, 0xc618, 0xc618, 0xc618, 0xc618, 0x0000, 0x0000, 0x0000, 0x0000, 0xc618,
	0xc618, 0xc618, 0xc618, 0xc618, 0xc618, 0xc618, 0xc618, 0xc618, 0xc618, 0xc618, 0xc618, 0x8410,
	0x8400, 0x8400, 0x8400, 0x8400, 0x8400, 0x8400, 0x8400, 0x8400, 0x8400, 0x8400, 0x8400, 0x8400,
	0x8400, 0x8400, 0x8400, 0x8400, 0x8400, 0x8400, 0x8400, 0x8400, 0x8400, 0x8400, 0x8400, 0x8400,
	0x8400, 0x8400, 0x8400, 0x8400, 0x8400, 0x8400, 0x0000, 0x8410, 0x0000, 0x0000, 0x0000, 0x0000,
	0x0000, 0x0000, 0x0000, 0x0000, 0x0000, 0x0000, 0x0000, 0x0000, 0x0000, 0x0000, 0x0000, 0x0000,
	0x0000, 0x0000, 0x0000, 0x0000, 0x0000, 0x0000, 0x0000, 0x0000, 0x0000, 0x0000, 0x0000, 0x0000,
	0x0000, 0x0000, 0x0000, 0x0000, 0xffdf, 0xc618, 0xc618, 0xc618, 0xc618, 0xc618, 0xc618, 0xc618,
	0xc618, 0xc618, 0xc618, 0xc618, 0xc618, 0xc618, 0xc618, 0xc618, 0xc618, 0xc618, 0xc618, 0xc618,
	0xc618, 0xc618, 0xc618, 0xc618, 0xc618, 0xc618, 0xc618, 0xc618, 0xc618, 0xc618, 0xc618, 0x8410,
	0xffdf, 0xc618, 0xc618, 0xc618, 0xc618, 0xc618, 0xc618, 0xc618, 0xc618, 0xc618, 0xc618, 0xc618,
	0xc618, 0x0000, 0x0000, 0x8400, 0x8400, 0x8400, 0x8400, 0x0000, 0x0000, 0xc618, 0xc618, 0xc618,
	0xc618, 0xc618, 0xc618, 0xc618, 0xc618, 0xc618, 0xc618, 0x8410, 0x8400, 0x8400, 0x8400, 0x8400,
	0x8400, 0x8400, 0x8400, 0x8400, 0x8400, 0x8400, 0x8400, 0x8400, 0x8400, 0x8400, 0x8400, 0x8400,
	0x8400, 0x8400, 0x8400, 0x8400, 0x8400, 0x8400, 0x8400, 0x8400, 0x8400, 0x8400, 0x8400, 0x8400,
	0x8400, 0x0000, 0x8410, 0x0000, 0x0000, 0x0000, 0x0000, 0x0000, 0x0000, 0x0000, 0x0000, 0x0000,
	0x0000, 0x0000, 0x0000, 0x0000, 0x0000, 0x0000, 0x0000, 0x0000, 0x0000, 0x0000, 0x0000, 0x0000,
	0x0000, 0x0000, 0x0000, 0x0000, 0x0000, 0x0000, 0x0000, 0x0000, 0x0000, 0x0000, 0x0000, 0x0000,
	0xffdf, 0xc618, 0xc618, 0xc618, 0xc618, 0xc618, 0xc618, 0xc618, 0xc618, 0xc618, 0xc618, 0xc618,
	0xc618, 0xc618, 0xc618, 0xc618, 0xc618, 0xc618, 0xc618, 0xc618, 0xc618, 0xc618, 0xc618, 0xc618,
	0xc618, 0xc618, 0xc618, 0xc618, 0xc618, 0xc618, 0xc618, 0x8410, 0xffdf, 0xc618, 0xc618, 0xc618,
	0xc618, 0xc618, 0xc618, 0xc618, 0xc618, 0xc618, 0xc618, 0xc618, 0x0000, 0x8400, 0x8400, 0x8400,
	0x8400, 0x8400, 0x8400, 0x8410, 0x8400, 0x0000, 0xc618, 0xc618, 0xc618, 0xc618, 0xc618, 0xc618,
	0xc618, 0xc618, 0xc618, 0x8410, 0x8400, 0x8400, 0x8400, 0x8400, 0x8410, 0x8400, 0x8410, 0x8400,
	0x8410, 0x8400, 0x8410, 0x8400, 0x8410, 0x8400, 0x8410, 0x8400, 0x8410, 0x8400, 0x8410, 0x8400,
	0x8410, 0x8400, 0x8410, 0x8400, 0x8410, 0x8400, 0x8410, 0x8400, 0x0000, 0x8410, 0x0000, 0x8410,
	0x0000, 0x0000, 0x0000, 0x0000, 0x0000, 0x0000, 0x0000, 0x0000, 0x0000, 0x0000, 0x0000, 0x0000,
	0x0000, 0x0000, 0x0000, 0x0000, 0x0000, 0x0000, 0x0000, 0x0000, 0x0000, 0x0000, 0x0000, 0x0000,
	0x0000, 0x0000, 0x0000, 0x0000, 0x0000, 0x0000, 0x0000, 0x0000, 0xffdf, 0xc618, 0xc618, 0xc618,
	0xc618, 0xc618, 0xc618, 0xc618, 0xc618, 0xc618, 0xc618, 0xc618, 0xc618, 0xc618, 0xc618, 0xc618,
	0xc618, 0xc618, 0xc618, 0xc618, 0xc618, 0xc618, 0xc618, 0xc618, 0xc618, 0xc618, 0xc618, 0xc618,
	0xc618, 0xc618, 0xc618, 0x8410, 0xffdf, 0xc618, 0xc618, 0xc618, 0xc618, 0xc618, 0xc618, 0xc618,
	0xc618, 0xc618, 0xc618, 0xc618, 0x0000, 0x8400, 0x8400, 0x8400, 0x8400, 0x8400, 0x8400, 0x8410,
	0x8400, 0x0000, 0xc618, 0xc618, 0xc618, 0xc618, 0xc618, 0xc618, 0xc618, 0xc618, 0xc618, 0x8410,
	0x8400, 0x8400, 0x8400, 0x8410, 0x8400, 0x8410, 0x8400, 0x8410, 0x8400, 0x8410, 0x8400, 0x8410,
	0x8400, 0x8410, 0x8400, 0x8410, 0x8400, 0x8410, 0x8400, 0x8410, 0x8400, 0x8410, 0x8400, 0x8410,
	0x8400, 0x8410, 0x8400, 0x8410, 0x8400, 0x0000, 0x8410, 0x0000, 0x0000, 0x0000, 0x0000, 0x0000,
	0x0000, 0x0000, 0x0000, 0x0000, 0x0000, 0x0000, 0x0000, 0x0000, 0x0000, 0x0000, 0x0000, 0x0000,
	0x0000, 0x0000, 0x0000, 0x0000, 0x0000, 0x0000, 0x0000, 0x0000, 0x0000, 0x0000, 0x0000, 0x0000,
	0x0000, 0x0000, 0x0000, 0x0000, 0xffdf, 0xc618, 0xc618, 0xc618, 0xc618, 0xc618, 0xc618, 0xc618,
	0xc618, 0xc618, 0xc618, 0xc618, 0xc618, 0xc618, 0xc618, 0xc618, 0xc618, 0xc618, 0xc618, 0xc618,
	0xc618, 0xc618, 0xc618, 0xc618, 0xc618, 0xc618, 0xc618, 0xc618, 0xc618, 0xc618, 0xc618, 0x8410,
	0xffdf, 0xc618, 0xc618, 0xc618, 0xc618, 0xc618, 0xc618, 0xc618, 0xc618, 0xc618, 0xc618, 0x0000,
	0x8400, 0x8400, 0x8400, 0x8400, 0x8400, 0x8400, 0x8400, 0x0000, 0x8400, 0x8400, 0x0000, 0xc618,
	0xc618, 0xc618, 0xc618, 0xc618, 0xc618, 0xc618, 0xc618, 0x8410, 0x8400, 0x8400, 0x8400, 0x8400,
	0x8410, 0x8400, 0x8410, 0x8400, 0x8410, 0x8400, 0x8410, 0x8400, 0x8410, 0x8400, 0x8410, 0x8400,
	0x8410, 0x8400, 0x8410, 0x8400, 0x8410, 0x8400, 0x8410, 0x8400, 0x8410, 0x8400, 0x8410, 0x8400,
	0x0000, 0x8410, 0x0000, 0x8410, 0x0000, 0x0000, 0x0000, 0x0000, 0x0000, 0x0000, 0x0000, 0x0000,
	0x0000, 0x0000, 0x0000, 0x0000, 0x0000, 0x0000, 0x0000, 0x0000, 0x0000, 0x0000, 0x0000, 0x0000,
	0x0000, 0x0000, 0x0000, 0x0000, 0x0000, 0x0000, 0x0000, 0x0000, 0x0000, 0x0000, 0x0000, 0x0000,
	0xffdf, 0xc618, 0xc618, 0xc618, 0xc618, 0xc618, 0xc618, 0xc618, 0xc618, 0xc618, 0xc618, 0xc618,
	0xc618, 0xc618, 0xc618, 0xc618, 0xc618, 0xc618, 0xc618, 0xc618, 0xc618, 0xc618, 0xc618, 0xc618,
	0xc618, 0xc618, 0xc618, 0xc618, 0xc618, 0xc618, 0xc618, 0x8410, 0xffdf, 0xc618, 0xc618, 0xc618,
	0xc618, 0xc618, 0xc618, 0xc618, 0xc618, 0xc618, 0xc618, 0x0000, 0x8400, 0x0000, 0x0000, 0x0000,
	0x0000, 0x0000, 0x0000, 0xffdf, 0x0000, 0x8400, 0x0000, 0xc618, 0xc618, 0xc618, 0xc618, 0xc618,
	0xc618, 0xc618, 0xc618, 0x8410, 0x8400, 0x8400, 0x8400, 0x8410, 0x8400, 0x8410, 0x8400, 0x8410,
	0x8400, 0x8410, 0x8400, 0x8410, 0x8400, 0x8410, 0x8400, 0x8410, 0x8400, 0x8410, 0x8400, 0x8410,
	0x8400, 0x8410, 0x8400, 0x8410, 0x8400, 0x8410, 0x8400, 0x8410, 0x8400, 0x0000, 0x8410, 0x0000,
	0x0000, 0x0000, 0x0000, 0x0000, 0x0000, 0x0000, 0x0000, 0x0000, 0x0000, 0x0000, 0x0000, 0x0000,
	0x0000, 0x0000, 0x0000, 0x0000, 0x0000, 0x0000, 0x0000, 0x0000, 0x0000, 0x0000, 0x0000, 0x0000,
	0x0000, 0x0000, 0x0000, 0x0000, 0x0000, 0x0000, 0x0000, 0x0000, 0xffdf, 0xc618, 0xc618, 0xc618,
	0xc618, 0xc618, 0xc618, 0xc618, 0xc618, 0xc618, 0xc618, 0xc618, 0xc618, 0xc618, 0xc618, 0xc618,
	0xc618, 0xc618, 0xc618, 0xc618, 0xc618, 0xc618, 0xc618, 0xc618, 0xc618, 0xc618, 0xc618, 0xc618,
	0xc618, 0xc618, 0xc618, 0x8410, 0xffdf, 0xc618, 0xc618, 0xc618, 0xc618, 0xc618, 0xc618, 0xc618,
	0xc618, 0xc618, 0xc618, 0x0000, 0x0000, 0xffdf, 0xffdf, 0xffdf, 0xffdf, 0xffdf, 0xffdf, 0xffdf,
	0xffdf, 0x0000, 0x0000, 0xc618, 0xc618, 0xc618, 0xc618, 0xc618, 0xc618, 0xc618, 0xc618, 0x8410,
	0x8400, 0x8400, 0x8400, 0x8400, 0x8410, 0x8400, 0x8410, 0x8400, 0x8410, 0x8400, 0x8410, 0x8400,
	0x8410, 0x8400, 0x8410, 0x8400, 0x8410, 0x8400, 0x8410, 0x8400, 0x8410, 0x8400, 0x8410, 0x8400,
	0x8410, 0x8400, 0x8410, 0x8400, 0x0000, 0x8410, 0x0000, 0x8410, 0x0000, 0x0000, 0x0000, 0x0000,
	0x0000, 0x0000, 0x0000, 0x0000, 0x0000, 0x0000, 0x0000, 0x0000, 0x0000, 0x0000, 0x0000, 0x0000,
	0x0000, 0x0000, 0x0000, 0x0000, 0x0000, 0x0000, 0x0000, 0x0000, 0x0000, 0x0000, 0x0000, 0x0000,
	0x0000, 0x0000, 0x0000, 0x0000, 0xffdf, 0xc618, 0xc618, 0xc618, 0xc618, 0xc618, 0xc618, 0xc618,
	0xc618, 0xc618, 0xc618, 0xc618, 0xc618, 0xc618, 0xc618, 0xc618, 0xc618, 0xc618, 0xc618, 0xc618,
	0xc618, 0xc618, 0xc618, 0xc618, 0xc618, 0xc618, 0xc618, 0xc618, 0xc618, 0xc618, 0xc618, 0x8410,
	0xffdf, 0xc618, 0xc618, 0xc618, 0xc618, 0xc618, 0xc618, 0xc618, 0xc618, 0xc618, 0xc618, 0x0000,
	0xffdf, 0xffdf, 0xc618, 0x0000, 0xffdf, 0xffdf, 0x0000, 0xc618, 0xffdf, 0xffdf, 0x0000, 0xc618,
	0xc618, 0xc618, 0xc618, 0xc618, 0xc618, 0xc618, 0xc618, 0x8410, 0x8400, 0x8400, 0x8400, 0x8410,
	0x8400, 0x8410, 0x8400, 0x8410, 0x8400, 0x8410, 0x8400, 0x8410, 0x8400, 0x8410, 0x8400, 0x8410,
	0x8400, 0x8410, 0x8400, 0x8410, 0x8400, 0x8410, 0x8400, 0x8410, 0x8400, 0x8410, 0x8400, 0x8410,
	0x8400, 0x0000, 0x8410, 0x0000, 0x0000, 0x0000, 0x0000, 0x0000, 0x0000, 0x0000, 0x0000, 0x0000,
	0x0000, 0x0000, 0x0000, 0x0000, 0x0000, 0x0000, 0x0000, 0x0000, 0x0000, 0x0000, 0x0000, 0x0000,
	0x0000, 0x0000, 0x0000, 0x0000, 0x0000, 0x0000, 0x0000, 0x0000, 0x0000, 0x0000, 0x0000, 0x0000,
	0xffdf, 0xc618, 0xc618, 0xc618, 0xc618, 0xc618, 0xc618, 0xc618, 0xc618, 0xc618, 0xc618, 0xc618,
	0xc618, 0xc618, 0xc618, 0xc618, 0xc618, 0xc618, 0xc618, 0xc618, 0xc618, 0xc618, 0xc618, 0xc618,
	0xc618, 0xc618, 0xc618, 0xc618, 0xc618, 0xc618, 0xc618, 0x8410, 0xffdf, 0xc618, 0xc618, 0xc618,
	0xc618, 0xc618, 0xc618, 0xc618, 0xc618, 0xc618, 0xc618, 0x0000, 0x0000, 0xffdf, 0xffdf, 0xffdf,
	0xffdf, 0xffdf, 0xffdf, 0xffdf, 0xffdf, 0xc618, 0x0000, 0xc618, 0xc618, 0xc618, 0xc618, 0xc618,
	0xc618, 0xc618, 0xc618, 0x8410, 0x8400, 0x8400, 0x8400, 0x8400, 0x8410, 0x8400, 0x8410, 0x8400,
	0x8410, 0x8400, 0x8410, 0x8400, 0x8410, 0x8400, 0x8410, 0x8400, 0x8410, 0x8400, 0x8410, 0x8400,
	0x8410, 0x8400, 0x8410, 0x8400, 0x8410, 0x8400, 0x8410, 0x8400, 0x0000, 0x8410, 0x0000, 0x8410,
	0x0000, 0x0000, 0x0000, 0x0000, 0x0000, 0x0000, 0x0000, 0x0000, 0x0000, 0x0000, 0x0000, 0x0000,
	0x0000, 0x0000, 0x0000, 0x0000, 0x0000, 0x0000, 0x0000, 0x0000, 0x0000, 0x0000, 0x0000, 0x0000,
	0x0000, 0x0000, 0x0000, 0x0000, 0x0000, 0x0000, 0x0000, 0x0000, 0xffdf, 0xc618, 0xc618, 0xc618,
	0xc618, 0xc618, 0xc618, 0xc618, 0xc618, 0xc618, 0xc618, 0xc618, 0xc618, 0xc618, 0xc618, 0xc618,
	0xc618, 0xc618, 0xc618, 0xc618, 0xc618, 0xc618, 0xc618, 0xc618, 0xc618, 0xc618, 0xc618, 0xc618,
	0xc618, 0xc618, 0xc618, 0x8410, 0xffdf, 0xc618, 0xc618, 0xc618, 0xc618, 0xc618, 0xc618, 0xc618,
	0xc618, 0xc618, 0xc618, 0xc618, 0x0000, 0xffdf, 0xffdf, 0xffdf, 0x0000, 0x0000, 0xffdf, 0xc618,
	0xc618, 0x0000, 0xc618, 0xc618, 0xc618, 0xc618, 0xc618, 0xc618, 0xc618, 0xc618, 0xc618, 0x8410,
	0x8400, 0x8400, 0x8400, 0x8410, 0x8400, 0x8410, 0x8400, 0x8410, 0x8400, 0x8410, 0x8400, 0x8410,
	0x8400, 0x8410, 0x8400, 0x8410, 0x8400, 0x8410, 0x8400, 0x8410, 0x8400, 0x8410, 0x8400, 0x8410,
	0x8400, 0x8410, 0x8400, 0x8410, 0x8400, 0x0000, 0x8410, 0x0000, 0x0000, 0x0000, 0x0000, 0x0000,
	0x0000, 0x0000, 0x0000, 0x0000, 0x0000, 0x0000, 0x0000, 0x0000, 0x0000, 0x0000, 0x0000, 0x0000,
	0x0000, 0x0000, 0x0000, 0x0000, 0x0000, 0x0000, 0x0000, 0x0000, 0x0000, 0x0000, 0x0000, 0x0000,
	0x0000, 0x0000, 0x0000, 0x0000, 0xffdf, 0xc618, 0xc618, 0xc618, 0xc618, 0xc618, 0xc618, 0xc618,
	0xc618, 0xc618, 0xc618, 0xc618, 0xc618, 0xc618, 0xc618, 0xc618, 0xc618, 0xc618, 0xc618, 0xc618,
	0xc618, 0xc618, 0xc618, 0xc618, 0xc618, 0xc618, 0xc618, 0xc618, 0xc618, 0xc618, 0xc618, 0x8410,
	0xffdf, 0xc618, 0xc618, 0xc618, 0xc618, 0xc618, 0xc618, 0xc618, 0xc618, 0xc618, 0xc618, 0xc618,
	0xc618, 0x0000, 0x0000, 0xc618, 0xc618, 0xc618, 0xc618, 0x0000, 0x0000, 0xc618, 0xc618, 0xc618,
	0xc618, 0xc618, 0xc618, 0xc618, 0xc618, 0xc618, 0xc618, 0x8410, 0x8400, 0x8400, 0x8400, 0x8400,
	0x8410, 0x8400, 0x8410, 0x8400, 0x8410, 0x8400, 0x8410, 0x8400, 0x8410, 0x8400, 0x8410, 0x8400,
	0x8410, 0x8400, 0x8410, 0x8400, 0x8410, 0x8400, 0x8410, 0x8400, 0x8410, 0x8400, 0x8410, 0x8400,
	0x0000, 0x8410, 0x0000, 0x8410, 0x0000, 0x0000, 0x0000, 0x0000, 0x0000, 0x0000, 0x0000, 0x0000,
	0x0000, 0x0000, 0x0000, 0x0000, 0x0000, 0x0000, 0x0000, 0x0000, 0x0000, 0x0000, 0x0000, 0x0000,
	0x0000, 0x0000, 0x0000, 0x0000, 0x0000, 0x0000, 0x0000, 0x0000, 0x0000, 0x0000, 0x0000, 0x0000,
	0xffdf, 0xc618, 0xc618, 0xc618, 0xc618, 0xc618, 0xc618, 0xc618, 0xc618, 0xc618, 0xc618, 0xc618,
	0xc618, 0xc618, 0xc618, 0xc618, 0xc618, 0xc618, 0xc618, 0xc618, 0xc618, 0xc618, 0xc618, 0xc618,
	0xc618, 0xc618, 0xc618, 0xc618, 0xc618, 0xc618, 0xc618, 0x8410, 0xffdf, 0xc618, 0xc618, 0xc618,
	0xc618, 0xc618, 0xc618, 0xc618, 0x0000, 0x0000, 0xc618, 0x0000, 0x0000, 0x07df, 0x0410, 0x0000,
	0x0000, 0x0000, 0x0000, 0x07df, 0x07df, 0x0000, 0xc618, 0xc618, 0xc618, 0xc618, 0xc618, 0xc618,
	0xc618, 0xc618, 0xc618, 0x8410, 0x8400, 0x8400, 0x8400, 0x8410, 0x8400, 0x8410, 0x8400, 0x8410,
	0x8400, 0x8410, 0x8400, 0x8410, 0x8400, 0x8410, 0x8400, 0x8410, 0x8400, 0x8410, 0x8400, 0x8410,
	0x8400, 0x8410, 0x8400, 0x8410, 0x8400, 0x8410, 0x8400, 0x8410, 0x8400, 0x0000, 0x8410, 0x0000,
	0x0000, 0x0000, 0x0000, 0x0000, 0x0000, 0x0000, 0x0000, 0x0000, 0x0000, 0x0000, 0x0000, 0x0000,
	0x0000, 0x0000, 0x0000, 0x0000, 0x0000, 0x0000, 0x0000, 0x0000, 0x0000, 0x0000, 0x0000, 0x0000,
	0x0000, 0x0000, 0x0000, 0x0000, 0x0000, 0x0000, 0x0000, 0x0000, 0xffdf, 0xc618, 0xc618, 0xc618,
	0xc618, 0xc618, 0xc618, 0xc618, 0xc618, 0xc618, 0xc618, 0xc618, 0xc618, 0xc618, 0xc618, 0xc618,
	0xc618, 0xc618, 0xc618, 0xc618, 0xc618, 0xc618, 0xc618, 0xc618, 0xc618, 0xc618, 0xc618, 0xc618,
	0xc618, 0xc618, 0xc618, 0x8410, 0xffdf, 0xc618, 0xc618, 0xc618, 0xc618, 0xc618, 0xc618, 0x0000,
	0xffdf, 0xc618, 0x0000, 0x07df, 0x07df, 0x0410, 0x0410, 0x0410, 0x0410, 0x0410, 0x0410, 0x0410,
	0x0410, 0x0410, 0x0000, 0xc618, 0xc618, 0xc618, 0xc618, 0xc618, 0xc618, 0xc618, 0xc618, 0x8410,
	0x8400, 0x8400, 0x8400, 0x8400, 0x8410, 0x8400, 0x8410, 0x8400, 0x8410, 0x8400, 0x8410, 0x8400,
	0x8410, 0x8400, 0x8410, 0x8400, 0x8410, 0x8400, 0x8410, 0x8400, 0x8410, 0x8400, 0x8410, 0x8400,
	0x8410, 0x8400, 0x8410, 0x8400, 0x0000, 0x8410, 0x0000, 0x8410, 0x0000, 0x0000, 0x0000, 0x0000,
	0x0000, 0x0000, 0x0000, 0x0000, 0x0000, 0x0000, 0x0000, 0x0000, 0x0000, 0x0000, 0x0000, 0x0000,
	0x0000, 0x0000, 0x0000, 0x0000, 0x0000, 0x0000, 0x0000, 0x0000, 0x0000, 0x0000, 0x0000, 0x0000,
	0x0000, 0x0000, 0x0000, 0x0000, 0xffdf, 0xc618, 0xc618, 0xc618, 0xc618, 0xc618, 0xc618, 0xc618,
	0xc618, 0xc618, 0xc618, 0xc618, 0xc618, 0xc618, 0xc618, 0xc618, 0xc618, 0xc618, 0xc618, 0xc618,
	0xc618, 0xc618, 0xc618, 0xc618, 0xc618, 0xc618, 0xc618, 0xc618, 0xc618, 0xc618, 0xc618, 0x8410,
	0xffdf, 0xc618, 0xc618, 0xc618, 0xc618, 0xc618, 0xc618, 0x0000, 0xc618, 0xc618, 0x0000, 0x0410,
	0x0410, 0x0410, 0x0410, 0x0410, 0x0410, 0x0410, 0x0410, 0x0410, 0x0410, 0x0410, 0x0410, 0x0000,
	0xc618, 0xc618, 0xc618, 0xc618, 0xc618, 0xc618, 0xc618, 0x8410, 0x8400, 0x8400, 0x8400, 0x8410,
	0x8400, 0x8410, 0x8400, 0x8410, 0x8400, 0x8410, 0x8400, 0x8410, 0x8400, 0x8410, 0x8400, 0x8410,
	0x8400, 0x8410, 0x8400, 0x8410, 0x8400, 0x8410, 0x8400, 0x8410, 0x8400, 0x8410, 0x8400, 0x8410,
	0x8400, 0x0000, 0x8410, 0x0000, 0x0000, 0x0000, 0x0000, 0x0000, 0x0000, 0x0000, 0x0000, 0x0000,
	0x0000, 0x0000, 0x0000, 0x0000, 0x0000, 0x0000, 0x0000, 0x0000, 0x0000, 0x0000, 0x0000, 0x0000,
	0x0000, 0x0000, 0x0000, 0x0000, 0x0000, 0x0000, 0x0000, 0x0000, 0x0000, 0x0000, 0x0000, 0x0000,
	0xffdf, 0xc618, 0xc618, 0xc618, 0xc618, 0xc618, 0xc618, 0xc618, 0xc618, 0xc618, 0xc618, 0xc618,
	0xc618, 0xc618, 0xc618, 0xc618, 0xc618, 0xc618, 0xc618, 0xc618, 0xc618, 0xc618, 0xc618, 0xc618,
	0xc618, 0xc618, 0xc618, 0xc618, 0xc618, 0xc618, 0xc618, 0x8410, 0xffdf, 0xc618, 0xc618, 0xc618,
	0xc618, 0xc618, 0xc618, 0x0000, 0x0410, 0x07df, 0x0000, 0x0410, 0x0410, 0x0000, 0x0410, 0x0410,
	0x0410, 0x0410, 0x0410, 0x0000, 0x0410, 0x0410, 0x0410, 0x0410, 0x0000, 0xc618, 0xc618, 0xc618,
	0xc618, 0xc618, 0xc618, 0x8410, 0x8400, 0x8400, 0x8400, 0x8400, 0x8410, 0x8400, 0x8410, 0x8400,
	0x8410, 0x8400, 0x8410, 0x8400, 0x8410, 0x8400, 0x8410, 0x8400, 0x8410, 0x8400, 0x8410, 0x8400,
	0x8410, 0x8400, 0x8410, 0x8400, 0x8410, 0x8400, 0x8410, 0x8400, 0x0000, 0x8410, 0x0000, 0x8410,
	0x0000, 0x0000, 0x0000, 0x0000, 0x0000, 0x0000, 0x0000, 0x0000, 0x0000, 0x0000, 0x0000, 0x0000,
	0x0000, 0x0000, 0x0000, 0x0000, 0x0000, 0x0000, 0x0000, 0x0000, 0x0000, 0x0000, 0x0000, 0x0000,
	0x0000, 0x0000, 0x0000, 0x0000, 0x0000, 0x0000, 0x0000, 0x0000, 0xffdf, 0xc618, 0xc618, 0xc618,
	0xc618, 0xc618, 0xc618, 0xc618, 0xc618, 0xc618, 0xc618, 0xc618, 0xc618, 0xc618, 0xc618, 0xc618,
	0xc618, 0xc618, 0xc618, 0xc618, 0xc618, 0xc618, 0xc618, 0xc618, 0xc618, 0xc618, 0xc618, 0xc618,
	0xc618, 0xc618, 0xc618, 0x8410, 0xffdf, 0xc618, 0xc618, 0xc618, 0xc618, 0xc618, 0xc618, 0xc618,
	0x0000, 0x0410, 0x0410, 0x0410, 0x0000, 0x07df, 0x0410, 0x0410, 0x0410, 0x0410, 0x0410, 0x0410,
	0x0000, 0x0410, 0x0410, 0x0410, 0x0000, 0xc618, 0xc618, 0xc618, 0xc618, 0xc618, 0xc618, 0x8410,
	0x8400, 0x8400, 0x8400, 0x8410, 0x8400, 0x8410, 0x8400, 0x8410, 0x8400, 0x8410, 0x8400, 0x8410,
	0x8400, 0x8410, 0x8400, 0x8410, 0x8400, 0x8410, 0x8400, 0x8410, 0x8400, 0x8410, 0x8400, 0x8410,
	0x8400, 0x8410, 0x8400, 0x8410, 0x8400, 0x0000, 0x8410, 0x0000, 0x0000, 0x0000, 0x0000, 0x0000,
	0x0000, 0x0000, 0x0000, 0x0000, 0x0000, 0x0000, 0x0000, 0x0000, 0x0000, 0x0000, 0x0000, 0x0000,
	0x0000, 0x0000, 0x0000, 0x0000, 0x0000, 0x0000, 0x0000, 0x0000, 0x0000, 0x0000, 0x0000, 0x0000,
	0x0000, 0x0000, 0x0000, 0x0000, 0xffdf, 0xc618, 0xc618, 0xc618, 0xc618, 0xc618, 0xc618, 0xc618,
	0xc618, 0xc618, 0xc618, 0xc618, 0xc618, 0xc618, 0xc618, 0xc618, 0xc618, 0xc618, 0xc618, 0xc618,
	0xc618, 0xc618, 0xc618, 0xc618, 0xc618, 0xc618, 0xc618, 0xc618, 0xc618, 0xc618, 0xc618, 0x8410,
	0xffdf, 0xc618, 0xc618, 0xc618, 0xc618, 0xc618, 0xc618, 0xc618, 0x0000, 0x0410, 0x0410, 0x0000,
	0x0000, 0x0410, 0x0410, 0x0410, 0x0410, 0x0410, 0x0410, 0x0410, 0x0000, 0x0000, 0x0410, 0x0410,
	0x0410, 0x0000, 0xc618, 0xc618, 0xc618, 0xc618, 0xc618, 0x8410, 0x8400, 0x8400, 0x8400, 0x8400,
	0x8410, 0x8400, 0x8410, 0x8400, 0x8410, 0x8400, 0x8410, 0x8400, 0x8410, 0x8400, 0x8410, 0x8400,
	0x8410, 0x8400, 0x8410, 0x8400, 0x8410, 0x8400, 0x8410, 0x8400, 0x8410, 0x8400, 0x8410, 0x8400,
	0x0000, 0x8410, 0x0000, 0x8410, 0x0000, 0x0000, 0x0000, 0x0000, 0x0000, 0x0000, 0x0000, 0x0000,
	0x0000, 0x0000, 0x0000, 0x0000, 0x0000, 0x0000, 0x0000, 0x0000, 0x0000, 0x0000, 0x0000, 0x0000,
	0x0000, 0x0000, 0x0000, 0x0000, 0x0000, 0x0000, 0x0000, 0x0000, 0x0000, 0x0000, 0x0000, 0x0000,
	0xffdf, 0xc618, 0xc618, 0xc618, 0xc618, 0xc618, 0xc618, 0xc618, 0xc618, 0xc618, 0xc618, 0xc618,
	0xc618, 0xc618, 0xc618, 0xc618, 0xc618, 0xc618, 0xc618, 0xc618, 0xc618, 0xc618, 0xc618, 0xc618,
	0xc618, 0xc618, 0xc618, 0xc618, 0xc618, 0xc618, 0xc618, 0x8410, 0xffdf, 0xc618, 0xc618, 0xc618,
	0xc618, 0xc618, 0xc618, 0xc618, 0xc618, 0x0000, 0x0000, 0xc618, 0x0000, 0x07df, 0x0410, 0x0410,
	0x0410, 0x0410, 0x0410, 0x0410, 0x0000, 0xc618, 0x0000, 0xffdf, 0xc618, 0x0000, 0xc618, 0xc618,
	0xc618, 0xc618, 0xc618, 0x8410, 0x8400, 0x8400, 0x8400, 0x8410, 0x8400, 0x8410, 0x8400, 0x8410,
	0x8400, 0x8410, 0x8400, 0x8410, 0x8400, 0x8410, 0x8400, 0x8410, 0x8400, 0x8410, 0x8400, 0x8410,
	0x8400, 0x8410, 0x8400, 0x8410, 0x8400, 0x8410, 0x8400, 0x8410, 0x8400, 0x0000, 0x8410, 0x0000,
	0x0000, 0x0000, 0x0000, 0x0000, 0x0000, 0x0000, 0x0000, 0x0000, 0x0000, 0x0000, 0x0000, 0x0000,
	0x0000, 0x0000, 0x0000, 0x0000, 0x0000, 0x0000, 0x0000, 0x0000, 0x0000, 0x0000, 0x0000, 0x0000,
	0x0000, 0x0000, 0x0000, 0x0000, 0x0000, 0x0000, 0x0000, 0x0000, 0xffdf, 0xc618, 0xc618, 0xc618,
	0xc618, 0xc618, 0xc618, 0xc618, 0xc618, 0xc618, 0xc618, 0xc618, 0xc618, 0xc618, 0xc618, 0xc618,
	0xc618, 0xc618, 0xc618, 0xc618, 0xc618, 0xc618, 0xc618, 0xc618, 0xc618, 0xc618, 0xc618, 0xc618,
	0xc618, 0xc618, 0xc618, 0x8410, 0xffdf, 0xc618, 0xc618, 0xc618, 0xc618, 0xc618, 0xc618, 0xc618,
	0xc618, 0xc618, 0xc618, 0xc618, 0x0000, 0x0400, 0x0400, 0x0400, 0x0400, 0x0400, 0x0400, 0x0400,
	0x0000, 0xc618, 0x0000, 0xc618, 0xc618, 0x0000, 0xc618, 0xc618, 0xc618, 0xc618, 0xc618, 0x8410,
	0x8400, 0x8400, 0x8400, 0x8400, 0x8410, 0x8400, 0x8410, 0x8400, 0x8410, 0x8400, 0x8410, 0x8400,
	0x8410, 0x8400, 0x8410, 0x8400, 0x8410, 0x8400, 0x8410, 0x8400, 0x8410, 0x8400, 0x8410, 0x8400,
	0x8410, 0x8400, 0x8410, 0x8400, 0x0000, 0x8410, 0x0000, 0x8410, 0x0000, 0x0000, 0x0000, 0x0000,
	0x0000, 0x0000, 0x0000, 0x0000, 0x0000, 0x0000, 0x0000, 0x0000, 0x0000, 0x0000, 0x0000, 0x0000,
	0x0000, 0x0000, 0x0000, 0x0000, 0x0000, 0x0000, 0x0000, 0x0000, 0x0000, 0x0000, 0x0000, 0x0000,
	0x0000, 0x0000, 0x0000, 0x0000, 0xffdf, 0xc618, 0xc618, 0xc618, 0xc618, 0xc618, 0xc618, 0xc618,
	0xc618, 0xc618, 0xc618, 0xc618, 0xc618, 0xc618, 0xc618, 0xc618, 0xc618, 0xc618, 0xc618, 0xc618,
	0xc618, 0xc618, 0xc618, 0xc618, 0xc618, 0xc618, 0xc618, 0xc618, 0xc618, 0xc618, 0xc618, 0x8410,
	0xffdf, 0xc618, 0xc618, 0xc618, 0xc618, 0xc618, 0xc618, 0xc618, 0xc618, 0xc618, 0xc618, 0xc618,
	0x0000, 0x07c0, 0x0400, 0x0400, 0x0400, 0x0400, 0x0400, 0x0400, 0x0000, 0xc618, 0xc618, 0x0000,
	0x0000, 0xc618, 0xc618, 0xc618, 0xc618, 0xc618, 0xc618, 0x8410, 0x8400, 0x8400, 0x8400, 0x8410,
	0x8400, 0x8410, 0x8400, 0x8410, 0x8400, 0x8410, 0x8400, 0x8410, 0x8400, 0x8410, 0x8400, 0x8410,
	0x8400, 0x8410, 0x8400, 0x8410, 0x8400, 0x8410, 0x8400, 0x8410, 0x8400, 0x8410, 0x8400, 0x8410,
	0x8400, 0x0000, 0x8410, 0x0000, 0x0000, 0x0000, 0x0000, 0x0000, 0x0000, 0x0000, 0x0000, 0x0000,
	0x0000, 0x0000, 0x0000, 0x0000, 0x0000, 0x0000, 0x0000, 0x0000, 0x0000, 0x0000, 0x0000, 0x0000,
	0x0000, 0x0000, 0x0000, 0x0000, 0x0000, 0x0000, 0x0000, 0x0000, 0x0000, 0x0000, 0x0000, 0x0000,
	0xffdf, 0xc618, 0xc618, 0xc618, 0xc618, 0xc618, 0xc618, 0xc618, 0xc618, 0xc618, 0xc618, 0xc618,
	0xc618, 0xc618, 0xc618, 0xc618, 0xc618, 0xc618, 0xc618, 0xc618, 0xc618, 0xc618, 0xc618, 0xc618,
	0xc618, 0xc618, 0xc618, 0xc618, 0xc618, 0xc618, 0xc618, 0x8410, 0xffdf, 0xc618, 0xc618, 0xc618,
	0xc618, 0xc618, 0xc618, 0xc618, 0xc618, 0xc618, 0xc618, 0xc618, 0x0000, 0x0400, 0x0400, 0x0400,
	0x0000, 0x0400, 0x0400, 0x0400, 0x0000, 0xc618, 0xc618, 0xc618, 0xc618, 0xc618, 0xc618, 0xc618,
	0xc618, 0xc618, 0xc618, 0x8410, 0x8400, 0x8400, 0x8400, 0x8400, 0x8410, 0x8400, 0x8410, 0x8400,
	0x8410, 0x8400, 0x8410, 0x8400, 0x8410, 0x8400, 0x8410, 0x8400, 0x8410, 0x8400, 0x8410, 0x8400,
	0x8410, 0x8400, 0x8410, 0x8400, 0x8410, 0x8400, 0x8410, 0x8400, 0x0000, 0x8410, 0x0000, 0x8410,
	0x0000, 0x0000, 0x0000, 0x0000, 0x0000, 0x0000, 0x0000, 0x0000, 0x0000, 0x0000, 0x0000, 0x0000,
	0x0000, 0x0000, 0x0000, 0x0000, 0x0000, 0x0000, 0x0000, 0x0000, 0x0000, 0x0000, 0x0000, 0x0000,
	0x0000, 0x0000, 0x0000, 0x0000, 0x0000, 0x0000, 0x0000, 0x0000, 0xffdf, 0xc618, 0xc618, 0xc618,
	0xc618, 0xc618, 0xc618, 0xc618, 0xc618, 0xc618, 0xc618, 0xc618, 0xc618, 0xc618, 0xc618, 0xc618,
	0xc618, 0xc618, 0xc618, 0xc618, 0xc618, 0xc618, 0xc618, 0xc618, 0xc618, 0xc618, 0xc618, 0xc618,
	0xc618, 0xc618, 0xc618, 0x8410, 0xffdf, 0xc618, 0xc618, 0xc618, 0xc618, 0xc618, 0xc618, 0xc618,
	0xc618, 0xc618, 0xc618, 0xc618, 0x0000, 0x07c0, 0x0400, 0x0400, 0x0000, 0x0400, 0x0400, 0x0400,
	0x0000, 0xc618, 0xc618, 0xc618, 0xc618, 0xc618, 0xc618, 0xc618, 0xc618, 0xc618, 0xc618, 0x8410,
	0x8400, 0x8400, 0x8400, 0x8410, 0x8400, 0x8410, 0x8400, 0x8410, 0x8400, 0x8410, 0x8400, 0x8410,
	0x8400, 0x8410, 0x8400, 0x8410, 0x8400, 0x8410, 0x8400, 0x8410, 0x8400, 0x8410, 0x8400, 0x8410,
	0x8400, 0x8410, 0x8400, 0x8410, 0x8400, 0x0000, 0x8410, 0x0000, 0x0000, 0x0000, 0x0000, 0x0000,
	0x0000, 0x0000, 0x0000, 0x0000, 0x0000, 0x0000, 0x0000, 0x0000, 0x0000, 0x0000, 0x0000, 0x0000,
	0x0000, 0x0000, 0x0000, 0x0000, 0x0000, 0x0000, 0x0000, 0x0000, 0x0000, 0x0000, 0x0000, 0x0000,
	0x0000, 0x0000, 0x0000, 0x0000, 0xffdf, 0xc618, 0xc618, 0xc618, 0xc618, 0xc618, 0xc618, 0xc618,
	0xc618, 0xc618, 0xc618, 0xc618, 0xc618, 0xc618, 0xc618, 0xc618, 0xc618, 0xc618, 0xc618, 0xc618,
	0xc618, 0xc618, 0xc618, 0xc618, 0xc618, 0xc618, 0xc618, 0xc618, 0xc618, 0xc618, 0xc618, 0x8410,
	0xffdf, 0xc618, 0xc618, 0xc618, 0xc618, 0xc618, 0xc618, 0xc618, 0xc618, 0xc618, 0xc618, 0xc618,
	0x0000, 0x0400, 0x07c0, 0x0400, 0x0000, 0x0400, 0x0400, 0x0400, 0x0000, 0xc618, 0xc618, 0xc618,
	0xc618, 0xc618, 0xc618, 0xc618, 0xc618, 0xc618, 0xc618, 0x8410, 0x8400, 0x8400, 0x8400, 0x8400,
	0x8410, 0x8400, 0x8410, 0x8400, 0x8410, 0x8400, 0x8410, 0x8400, 0x8410, 0x8400, 0x8410, 0x8400,
	0x8410, 0x8400, 0x8410, 0x8400, 0x8410, 0x8400, 0x8410, 0x8400, 0x8410, 0x8400, 0x8410, 0x8400,
	0x0000, 0x8410, 0x0000, 0x8410, 0x0000, 0x0000, 0x0000, 0x0000, 0x0000, 0x0000, 0x0000, 0x0000,
	0x0000, 0x0000, 0x0000, 0x0000, 0x0000, 0x0000, 0x0000, 0x0000, 0x0000, 0x0000, 0x0000, 0x0000,
	0x0000, 0x0000, 0x0000, 0x0000, 0x0000, 0x0000, 0x0000, 0x0000, 0x0000, 0x0000, 0x0000, 0x0000,
	0xffdf, 0xc618, 0xc618, 0xc618, 0xc618, 0xc618, 0xc618, 0xc618, 0xc618, 0xc618, 0xc618, 0xc618,
	0xc618, 0xc618, 0xc618, 0xc618, 0xc618, 0xc618, 0xc618, 0xc618, 0xc618, 0xc618, 0xc618, 0xc618,
	0xc618, 0xc618, 0xc618, 0xc618, 0xc618, 0xc618, 0xc618, 0x8410, 0xffdf, 0xc618, 0xc618, 0xc618,
	0xc618, 0xc618, 0xc618, 0xc618, 0xc618, 0xc618, 0xc618, 0xc618, 0x0000, 0x07c0, 0x0400, 0x0400,
	0x0000, 0x0400, 0x0400, 0x0400, 0x0000, 0xc618, 0xc618, 0xc618, 0xc618, 0xc618, 0xc618, 0xc618,
	0xc618, 0xc618, 0xc618, 0x8410, 0x8400, 0x8400, 0x8400, 0x8410, 0x8400, 0x8410, 0x8400, 0x8410,
	0x8400, 0x8410, 0x8400, 0x8410, 0x8400, 0x8410, 0x8400, 0x8410, 0x8400, 0x8410, 0x8400, 0x8410,
	0x8400, 0x8410, 0x8400, 0x8410, 0x8400, 0x8410, 0x8400, 0x8410, 0x8400, 0x0000, 0x8410, 0x0000,
	0x0000, 0x0000, 0x0000, 0x0000, 0x0000, 0x0000, 0x0000, 0x0000, 0x0000, 0x0000, 0x0000, 0x0000,
	0x0000, 0x0000, 0x0000, 0x0000, 0x0000, 0x0000, 0x0000, 0x0000, 0x0000, 0x0000, 0x0000, 0x0000,
	0x0000, 0x0000, 0x0000, 0x0000, 0x0000, 0x0000, 0x0000, 0x0000, 0xffdf, 0xc618, 0xc618, 0xc618,
	0xc618, 0xc618, 0xc618, 0xc618, 0xc618, 0xc618, 0xc618, 0xc618, 0xc618, 0xc618, 0xc618, 0xc618,
	0xc618, 0xc618, 0xc618, 0xc618, 0xc618, 0xc618, 0xc618, 0xc618, 0xc618, 0xc618, 0xc618, 0xc618,
	0xc618, 0xc618, 0xc618, 0x8410, 0xffdf, 0xc618, 0xc618, 0xc618, 0xc618, 0xc618, 0xc618, 0xc618,
	0xc618, 0xc618, 0xc618, 0xc618, 0x0000, 0x0400, 0x07c0, 0x0400, 0x0000, 0x0400, 0x0400, 0x0400,
	0x0000, 0xc618, 0xc618, 0xc618, 0xc618, 0xc618, 0xc618, 0xc618, 0xc618, 0xc618, 0xc618, 0x8410,
	0x8400, 0x8400, 0x8400, 0x8400, 0x8410, 0x8400, 0x8410, 0x8400, 0x8410, 0x8400, 0x8410, 0x8400,
	0x8410, 0x8400, 0x8410, 0x8400, 0x8410, 0x8400, 0x8410, 0x8400, 0x8410, 0x8400, 0x8410, 0x8400,
	0x8410, 0x8400, 0x8410, 0x8400, 0x0000, 0x8410, 0x0000, 0x8410, 0x0000, 0x0000, 0x0000, 0x0000,
	0x0000, 0x0000, 0x0000, 0x0000, 0x0000, 0x0000, 0x0000, 0x0000, 0x0000, 0x0000, 0x0000, 0x0000,
	0x0000, 0x0000, 0x0000, 0x0000, 0x0000, 0x0000, 0x0000, 0x0000, 0x0000, 0x0000, 0x0000, 0x0000,
	0x0000, 0x0000, 0x0000, 0x0000, 0xffdf, 0xc618, 0xc618, 0xc618, 0xc618, 0xc618, 0xc618, 0xc618,
	0xc618, 0xc618, 0xc618, 0xc618, 0xc618, 0xc618, 0xc618, 0xc618, 0xc618, 0xc618, 0xc618, 0xc618,
	0xc618, 0xc618, 0xc618, 0xc618, 0xc618, 0xc618, 0xc618, 0xc618, 0xc618, 0xc618, 0xc618, 0x8410,
	0xffdf, 0xc618, 0xc618, 0xc618, 0xc618, 0xc618, 0xc618, 0xc618, 0xc618, 0xc618, 0xc618, 0xc618,
	0x0000, 0x07c0, 0x0000, 0x0400, 0x0000, 0x0400, 0x0400, 0x0400, 0x0000, 0xc618, 0xc618, 0xc618,
	0xc618, 0xc618, 0xc618, 0xc618, 0xc618, 0xc618, 0xc618, 0x8410, 0x8400, 0x8400, 0x8400, 0x8410,
	0x8400, 0x8410, 0x8400, 0x8410, 0x8400, 0x8410, 0x8400, 0x8410, 0x8400, 0x8410, 0x8400, 0x8410,
	0x8400, 0x8410, 0x8400, 0x8410, 0x8400, 0x8410, 0x8400, 0x8410, 0x8400, 0x8410, 0x8400, 0x8410,
	0x8400, 0x0000, 0x8410, 0x0000, 0x0000, 0x0000, 0x0000, 0x0000, 0x0000, 0x0000, 0x0000, 0x0000,
	0x0000, 0x0000, 0x0000, 0x0000, 0x0000, 0x0000, 0x0000, 0x0000, 0x0000, 0x0000, 0x0000, 0x0000,
	0x0000, 0x0000, 0x0000, 0x0000, 0x0000, 0x0000, 0x0000, 0x0000, 0x0000, 0x0000, 0x0000, 0x0000,
	0xffdf, 0xc618, 0xc618, 0xc618, 0xc618, 0xc618, 0xc618, 0xc618, 0xc618, 0xc618, 0xc618, 0xc618,
	0xc618, 0xc618, 0xc618, 0xc618, 0xc618, 0xc618, 0xc618, 0xc618, 0xc618, 0xc618, 0xc618, 0xc618,
	0xc618, 0xc618, 0xc618, 0xc618, 0xc618, 0xc618, 0xc618, 0x8410, 0xffdf, 0xc618, 0xc618, 0xc618,
	0xc618, 0xc618, 0xc618, 0xc618, 0xc618, 0xc618, 0xc618, 0xc618, 0x0000, 0x0000, 0x8410, 0x8410,
	0x0000, 0x8410, 0x0000, 0x0000, 0x0000, 0xc618, 0xc618, 0xc618, 0xc618, 0xc618, 0xc618, 0xc618,
	0xc618, 0xc618, 0xc618, 0x8410, 0x8400, 0x8400, 0x8400, 0x8400, 0x8410, 0x8400, 0x8410, 0x8400,
	0x8410, 0x8400, 0x8410, 0x8400, 0x8410, 0x8400, 0x8410, 0x8400, 0x8410, 0x8400, 0x8410, 0x8400,
	0x8410, 0x8400, 0x8410, 0x8400, 0x8410, 0x8400, 0x8410, 0x8400, 0x0000, 0x8410, 0x0000, 0x8410,
	0x0000, 0x0000, 0x0000, 0x0000, 0x0000, 0x0000, 0x0000, 0x0000, 0x0000, 0x0000, 0x0000, 0x0000,
	0x0000, 0x0000, 0x0000, 0x0000, 0x0000, 0x0000, 0x0000, 0x0000, 0x0000, 0x0000, 0x0000, 0x0000,
	0x0000, 0x0000, 0x0000, 0x0000, 0x0000, 0x0000, 0x0000, 0x0000, 0xffdf, 0xc618, 0xc618, 0xc618,
	0xc618, 0xc618, 0xc618, 0xc618, 0xc618, 0xc618, 0xc618, 0xc618, 0xc618, 0xc618, 0xc618, 0xc618,
	0xc618, 0xc618, 0xc618, 0xc618, 0xc618, 0xc618, 0xc618, 0xc618, 0xc618, 0xc618, 0xc618, 0xc618,
	0xc618, 0xc618, 0xc618, 0x8410, 0xffdf, 0xc618, 0xc618, 0xc618, 0xc618, 0xc618, 0xc618, 0xc618,
	0xc618, 0xc618, 0xc618, 0xc618, 0x0000, 0x8410, 0x8410, 0x8410, 0x0000, 0x8410, 0x8410, 0x8410,
	0x0000, 0xc618, 0xc618, 0xc618, 0xc618, 0xc618, 0xc618, 0xc618, 0xc618, 0xc618, 0xc618, 0x8410,
	0x8400, 0x8400, 0x8400, 0x0000, 0x8400, 0x0000, 0x8400, 0x0000, 0x8400, 0x0000, 0x8400, 0x0000,
	0x8400, 0x0000, 0x8400, 0x0000, 0x8400, 0x0000, 0x8400, 0x0000, 0x8400, 0x0000, 0x8400, 0x0000,
	0x8400, 0x0000, 0x8400, 0x0000, 0x8410, 0x0000, 0x8410, 0x0000, 0x0000, 0x0000, 0x0000, 0x0000,
	0x0000, 0x0000, 0x0000, 0x0000, 0x0000, 0x0000, 0x0000, 0x0000, 0x0000, 0x0000, 0x0000, 0x0000,
	0x0000, 0x0000, 0x0000, 0x0000, 0x0000, 0x0000, 0x0000, 0x0000, 0x0000, 0x0000, 0x0000, 0x0000,
	0x0000, 0x0000, 0x0000, 0x0000, 0xffdf, 0xc618, 0xc618, 0xc618, 0xc618, 0xc618, 0xc618, 0xc618,
	0xc618, 0xc618, 0xc618, 0xc618, 0xc618, 0xc618, 0xc618, 0xc618, 0xc618, 0xc618, 0xc618, 0xc618,
	0xc618, 0xc618, 0xc618, 0xc618, 0xc618, 0xc618, 0xc618, 0xc618, 0xc618, 0xc618, 0xc618, 0x8410,
	0xffdf, 0xc618, 0xc618, 0xc618, 0xc618, 0xc618, 0xc618, 0xc618, 0xc618, 0xc618, 0xc618, 0xc618,
	0x0000, 0x8410, 0x8410, 0x0000, 0x8410, 0x0000, 0x8410, 0x8410, 0x0000, 0x8410, 0x8410, 0xc618,
	0xc618, 0xc618, 0xc618, 0xc618, 0xc618, 0xc618, 0xc618, 0x8410, 0x8400, 0x8400, 0x0000, 0x8410,
	0x0000, 0x8410, 0x0000, 0x8410, 0x0000, 0x8410, 0x0000, 0x8410, 0x0000, 0x8410, 0x0000, 0x8410,
	0x0000, 0x8410, 0x0000, 0x8410, 0x0000, 0x8410, 0x0000, 0x8410, 0x0000, 0x8410, 0x0000, 0x8410,
	0x0000, 0x8410, 0x0000, 0x8410, 0x0000, 0x0000, 0x0000, 0x0000, 0x0000, 0x0000, 0x0000, 0x0000,
	0x0000, 0x0000, 0x0000, 0x0000, 0x0000, 0x0000, 0x0000, 0x0000, 0x0000, 0x0000, 0x0000, 0x0000,
	0x0000, 0x0000, 0x0000, 0x0000, 0x0000, 0x0000, 0x0000, 0x0000, 0x0000, 0x0000, 0x0000, 0x0000,
	0xffdf, 0xc618, 0xc618, 0xc618, 0xc618, 0xc618, 0xc618, 0xc618, 0xc618, 0xc618, 0xc618, 0xc618,
	0xc618, 0xc618, 0xc618, 0xc618, 0xc618, 0xc618, 0xc618, 0xc618, 0xc618, 0xc618, 0xc618, 0xc618,
	0xc618, 0xc618, 0xc618, 0xc618, 0xc618, 0xc618, 0xc618, 0x8410, 0xffdf, 0xc618, 0xc618, 0xc618,
	0xc618, 0xc618, 0xc618, 0xc618, 0xc618, 0xc618, 0xc618, 0xc618, 0xc618, 0x0000, 0x0000, 0x8410,
	0x8410, 0x8410, 0x0000, 0x0000, 0x8410, 0x8410, 0x8410, 0x8410, 0x8410, 0xc618, 0xc618, 0xc618,
	0xc618, 0xc618, 0xc618, 0x8410, 0x8400, 0x0000, 0x8410, 0x0000, 0x8410, 0x0000, 0x8410, 0x0000,
	0x8410, 0x0000, 0x8410, 0x0000, 0x8410, 0x0000, 0x8410, 0x0000, 0x8410, 0x0000, 0x8410, 0x0000,
	0x8410, 0x0000, 0x8410, 0x0000, 0x8410, 0x0000, 0x8410, 0x0000, 0x8410, 0x0000, 0x8410, 0x0000,
	0x0000, 0x0000, 0x0000, 0x0000, 0x0000, 0x0000, 0x0000, 0x0000, 0x0000, 0x0000, 0x0000, 0x0000,
	0x0000, 0x0000, 0x0000, 0x0000, 0x0000, 0x0000, 0x0000, 0x0000, 0x0000, 0x0000, 0x0000, 0x0000,
	0x0000, 0x0000, 0x0000, 0x0000, 0x0000, 0x0000, 0x0000, 0x0000, 0x8410, 0x8410, 0x8410, 0x8410,
	0x8410, 0x8410, 0x8410, 0x8410, 0x8410, 0x8410, 0x8410, 0x8410, 0x8410, 0x8410, 0x8410, 0x8410,
	0x8410, 0x8410, 0x8410, 0x8410, 0x8410, 0x8410, 0x8410, 0x8410, 0x8410, 0x8410, 0x8410, 0x8410,
	0x8410, 0x8410, 0x8410, 0x8410, 0x8410, 0x8410, 0x8410, 0x8410, 0x8410, 0x8410, 0x8410, 0x8410,
	0x8410, 0x8410, 0x8410, 0x8410, 0x8410, 0x8410, 0x8410, 0x8410, 0x8410, 0x8410, 0x8410, 0x8410,
	0x8410, 0x8410, 0x8410, 0x8410, 0x8410, 0x8410, 0x8410, 0x8410, 0x8410, 0x8410, 0x8410, 0x8410,
	0x0000, 0x8410, 0x0000, 0x8410, 0x0000, 0x8410, 0x0000, 0x8410, 0x0000, 0x8410, 0x0000, 0x8410,
	0x0000, 0x8410, 0x0000, 0x8410, 0x0000, 0x8410, 0x0000, 0x8410, 0x0000, 0x8410, 0x0000, 0x8410,
	0x0000, 0x8410, 0x0000, 0x8410, 0x0000, 0x8410, 0x0000, 0x8410, 0x0000, 0x0000, 0x0000, 0x0000,
	0x0000, 0x0000, 0x0000, 0x0000, 0x0000, 0x0000, 0x0000, 0x0000, 0x0000, 0x0000, 0x0000, 0x0000,
	0x0000, 0x0000, 0x0000, 0x0000, 0x0000, 0x0000, 0x0000, 0x0000, 0x0000, 0x0000, 0x0000, 0x0000,
	0x0000, 0x0000, 0x0000, 0x0000, 0x07df, 0x07df, 0x07df, 0x07df, 0x07df, 0x07df, 0x07df, 0x07df,
	0x07df, 0x07df, 0x07df, 0x07df, 0x07df, 0x07df, 0x07df, 0x001f, 0x07df, 0x07df, 0x07df, 0x07df,
	0x07df, 0x07df, 0x07df, 0x07df, 0x07df, 0x001f, 0xffdf, 0x001f, 0x07df, 0x07df, 0x07df, 0x001f,
	0x07df, 0x07df, 0x07df, 0x07df, 0x07df, 0x07df, 0x07df, 0x07df, 0x07df, 0x07df, 0x07df, 0x07df,
	0x07df, 0x07df, 0x07df, 0x001f, 0x07df, 0x07df, 0x07df, 0x07df, 0x07df, 0x07df, 0x07df, 0x07df,
	0x07df, 0x07df, 0x07df, 0x07df, 0x07df, 0x07df, 0x07df, 0x07df, 0x0410, 0x0410, 0x0410, 0x0410,
	0x0410, 0x0410, 0x0410, 0x0410, 0x0410, 0x0410, 0x0410, 0x0410, 0x0410, 0x0410, 0x0410, 0x0410,
	0x0410, 0x0410, 0x0410, 0x0410, 0x0410, 0x0410, 0x0410, 0x0410, 0x0410, 0x0410, 0x0410, 0x0410,
	0x0410, 0x0410, 0x0410, 0x0000, 0x0000, 0x0000, 0x0000, 0x0000, 0x0000, 0x0000, 0x0000, 0x0000,
	0x0000, 0x0000, 0x0000, 0x0000, 0x0000, 0x0000, 0x0000, 0x0000, 0x0000, 0x0000, 0x0000, 0x0000,
	0x0000, 0x0000, 0x0000, 0x0000, 0x0000, 0x0000, 0x0000, 0x0000, 0x0000, 0x0000, 0x0000, 0x0000,
	0x07df, 0x07df, 0x07df, 0x001f, 0x07df, 0x07df, 0xffdf, 0x07df, 0x07df, 0x07df, 0x07df, 0x07df,
	0x07df, 0x07df, 0x001f, 0xffdf, 0x001f, 0x07df, 0x07df, 0x07df, 0x001f, 0x07df, 0x07df, 0x001f,
	0x001f, 0xffdf, 0x07df, 0x07df, 0x001f, 0x001f, 0x001f, 0xffdf, 0x07df, 0x07df, 0x07df, 0x001f,
	0x07df, 0x07df, 0xffdf, 0x07df, 0x07df, 0x07df, 0x07df, 0x07df, 0x07df, 0x07df, 0x001f, 0xffdf,
	0x001f, 0x07df, 0x07df, 0x07df, 0x001f, 0x07df, 0x07df, 0xffdf, 0x07df, 0x07df, 0x07df, 0x07df,
	0x07df, 0x07df, 0xffdf, 0x07df, 0x0410, 0x0410, 0x0410, 0x0410, 0x0410, 0x0410, 0x0410, 0x0410,
	0x0410, 0x0410, 0x0410, 0x0410, 0x0410, 0x0410, 0x0410, 0x0410, 0x0410, 0x0410, 0x0410, 0x0410,
	0x0410, 0x0410, 0x0410, 0x0410, 0x0410, 0x0410, 0x0410, 0x0410, 0x0410, 0x0410, 0x0000, 0x8410,
	0x0000, 0x0000, 0x0000, 0x0000, 0x0000, 0x0000, 0x0000, 0x0000, 0x0000, 0x0000, 0x0000, 0x0000,
	0x0000, 0x0000, 0x0000, 0x0000, 0x0000, 0x0000, 0x0000, 0x0000, 0x0000, 0x0000, 0x0000, 0x0000,
	0x0000, 0x0000, 0x0000, 0x0000, 0x0000, 0x0000, 0x0000, 0x0000, 0x07df, 0x07df, 0x001f, 0xffdf,
	0x001f, 0x07df, 0x07df, 0x07df, 0x001f, 0x07df, 0x07df, 0x07df, 0x001f, 0x001f, 0xffdf, 0x07df,
	0x07df, 0x001f, 0x001f, 0x001f, 0xffdf, 0x07df, 0x07df, 0x07df, 0x07df, 0x07df, 0x07df, 0x07df,
	0x07df, 0x07df, 0x07df, 0x07df, 0x07df, 0x07df, 0x001f, 0xffdf, 0x001f, 0x07df, 0x07df, 0x07df,
	0x001f, 0x07df, 0x07df, 0x07df, 0x001f, 0x001f, 0xffdf, 0x07df, 0x07df, 0x001f, 0x001f, 0x001f,
	0xffdf, 0x07df, 0x07df, 0x07df, 0x07df, 0x07df, 0x07df, 0xffdf, 0x07df, 0x07df, 0x07df, 0x07df,
	0x0410, 0x0410, 0x0410, 0x0410, 0x0410, 0x0410, 0x0410, 0x0410, 0x0410, 0x0410, 0x0410, 0x0410,
	0x0410, 0x0410, 0x0410, 0x0410, 0x0410, 0x0410, 0x0410, 0x0410, 0x0410, 0x0410, 0x0410, 0x0410,
	0x0410, 0x0410, 0x0410, 0x0410, 0x0410, 0x0000, 0x8410, 0x0000, 0x0000, 0x0000, 0x0000, 0x0000,
	0x0000, 0x0000, 0x0000, 0x0000, 0x0000, 0x0000, 0x0000, 0x0000, 0x0000, 0x0000, 0x0000, 0x0000,
	0x0000, 0x0000, 0x0000, 0x0000, 0x0000, 0x0000, 0x0000, 0x0000, 0x0000, 0x0000, 0x0000, 0x0000,
	0x0000, 0x0000, 0x0000, 0x0000, 0x001f, 0x001f, 0xffdf, 0x07df, 0x07df, 0x001f, 0x001f, 0x001f,
	0xffdf, 0x07df, 0x07df, 0x07df, 0x07df, 0x07df, 0x07df, 0x07df, 0x07df, 0x07df, 0x07df, 0x07df,
	0x07df, 0x07df, 0x07df, 0x07df, 0x001f, 0x07df, 0x07df, 0xffdf, 0x07df, 0x07df, 0x07df, 0x07df,
	0x001f, 0x001f, 0xffdf, 0x07df, 0x07df, 0x001f, 0x001f, 0x001f, 0xffdf, 0x07df, 0x07df, 0x07df,
	0x07df, 0x07df, 0x07df, 0x001f, 0x07df, 0x07df, 0x07df, 0x07df, 0x07df, 0x07df, 0x07df, 0x07df,
	0x001f, 0x07df, 0x07df, 0x07df, 0x07df, 0x07df, 0x07df, 0x07df, 0x0410, 0x0410, 0x0410, 0x0410,
	0x8410, 0x0410, 0x8410, 0x0410, 0x8410, 0x0410, 0x8410, 0x0410, 0x8410, 0x0410, 0x8410, 0x0410,
	0x8410, 0x0410, 0x8410, 0x0410, 0x8410, 0x0410, 0x8410, 0x0410, 0x8410, 0x0410, 0x8410, 0x0410,
	0x0000, 0x8410, 0x0000, 0x8410, 0x0000, 0x0000, 0x0000, 0x0000, 0x0000, 0x0000, 0x0000, 0x0000,
	0x0000, 0x0000, 0x0000, 0x0000, 0x0000, 0x0000, 0x0000, 0x0000, 0x0000, 0x0000, 0x0000, 0x0000,
	0x0000, 0x0000, 0x0000, 0x0000, 0x0000, 0x0000, 0x0000, 0x0000, 0x0000, 0x0000, 0x0000, 0x0000,
	0x07df, 0x07df, 0x07df, 0x07df, 0x07df, 0x07df, 0x07df, 0x07df, 0x07df, 0x001f, 0x07df, 0x07df,
	0x07df, 0x07df, 0x07df, 0x07df, 0x07df, 0xffdf, 0x07df, 0x07df, 0x07df, 0x07df, 0x07df, 0x001f,
	0xffdf, 0x001f, 0x07df, 0x07df, 0x07df, 0x001f, 0x07df, 0x07df, 0x07df, 0x07df, 0x07df, 0x07df,
	0x07df, 0x07df, 0x07df, 0x07df, 0x07df, 0x001f, 0x07df, 0x07df, 0x07df, 0x07df, 0x07df, 0x07df,
	0x07df, 0xffdf, 0x07df, 0x001f, 0x07df, 0x07df, 0x07df, 0x001f, 0xffdf, 0x001f, 0x07df, 0x07df,
	0x07df, 0x001f, 0x07df, 0x07df, 0x0410, 0x0410, 0x0410, 0x8410, 0x0410, 0x8410, 0x0410, 0x8410,
	0x0410, 0x8410, 0x0410, 0x8410, 0x0410, 0x8410, 0x0410, 0x8410, 0x0410, 0x8410, 0x0410, 0x8410,
	0x0410, 0x8410, 0x0410, 0x8410, 0x0410, 0x8410, 0x0410, 0x8410, 0x0410, 0x0000, 0x8410, 0x0000,
	0x0000, 0x0000, 0x0000, 0x0000, 0x0000, 0x0000, 0x0000, 0x0000, 0x0000, 0x0000, 0x0000, 0x0000,
	0x0000, 0x0000, 0x0000, 0x0000, 0x0000, 0x0000, 0x0000, 0x0000, 0x0000, 0x0000, 0x0000, 0x0000,
	0x0000, 0x0000, 0x0000, 0x0000, 0x0000, 0x0000, 0x0000, 0x0000, 0x07df, 0x07df, 0x07df, 0x07df,
	0x07df, 0x07df, 0x07df, 0x07df, 0x001f, 0xffdf, 0x001f, 0x07df, 0x07df, 0x07df, 0x001f, 0x07df,
	0x07df, 0x07df, 0x07df, 0x07df, 0x07df, 0x001f, 0x001f, 0xffdf, 0x07df, 0x07df, 0x001f, 0x001f,
	0x001f, 0xffdf, 0x07df, 0x07df, 0x07df, 0x07df, 0x07df, 0x07df, 0x07df, 0x07df, 0x07df, 0x07df,
	0x001f, 0xffdf, 0x001f, 0x07df, 0x07df, 0x001f, 0x07df, 0x07df, 0x07df, 0x07df, 0x07df, 0x07df,
	0x07df, 0x001f, 0x001f, 0xffdf, 0x07df, 0x07df, 0x001f, 0x001f, 0x001f, 0xffdf, 0x07df, 0x07df,
	0x0410, 0x0410, 0x0410, 0x0410, 0x8410, 0x0410, 0x8410, 0x0410, 0x8410, 0x0410, 0x8410, 0x0410,
	0x8410, 0x0410, 0x8410, 0x0410, 0x8410, 0x0410, 0x8410, 0x0410, 0x8410, 0x0410, 0x8410, 0x0410,
	0x8410, 0x0410, 0x8410, 0x0410, 0x0000, 0x8410, 0x0000, 0x8410, 0x0000, 0x0000, 0x0000, 0x0000,
	0x0000, 0x0000, 0x0000, 0x0000, 0x0000, 0x0000, 0x0000, 0x0000, 0x0000, 0x0000, 0x0000, 0x0000,
	0x0000, 0x0000, 0x0000, 0x0000, 0x0000, 0x0000, 0x0000, 0x0000, 0x0000, 0x0000, 0x0000, 0x0000,
	0x0000, 0x0000, 0x0000, 0x0000, 0x07df, 0x07df, 0x07df, 0x07df, 0x07df, 0x07df, 0x001f, 0x001f,
	0xffdf, 0x07df, 0x07df, 0x001f, 0x001f, 0x001f, 0xffdf, 0x07df, 0x07df, 0x07df, 0x07df, 0x07df,
	0x07df, 0x07df, 0x07df, 0x07df, 0x07df, 0x07df, 0x07df, 0x07df, 0x07df, 0x07df, 0x07df, 0x07df,
	0x07df, 0x07df, 0x07df, 0x07df, 0x07df, 0x07df, 0x001f, 0x001f, 0xffdf, 0x07df, 0x07df, 0x001f,
	0x07df, 0x07df, 0x07df, 0x0000, 0x0000, 0x0000, 0x0000, 0x07df, 0x07df, 0x07df, 0x07df, 0x07df,
	0x07df, 0x07df, 0x07df, 0x07df, 0x07df, 0x07df, 0x07df, 0x07df, 0x0410, 0x0410, 0x0410, 0x8410,
	0x0410, 0x8410, 0x0410, 0x8410, 0x0410, 0x8410, 0x0410, 0x8410, 0x0410, 0x8410, 0x0410, 0x8410,
	0x0410, 0x8410, 0x0410, 0x8410, 0x0410, 0x8410, 0x0410, 0x8410, 0x0410, 0x8410, 0x0410, 0x8410,
	0x0410, 0x0000, 0x8410, 0x0000, 0x0000, 0x0000, 0x0000, 0x0000, 0x0000, 0x0000, 0x0000, 0x0000,
	0x0000, 0x0000, 0x0000, 0x0000, 0x0000, 0x0000, 0x0000, 0x0000, 0x0000, 0x0000, 0x0000, 0x0000,
	0x0000, 0x0000, 0x0000, 0x0000, 0x0000, 0x0000, 0x0000, 0x0000, 0x0000, 0x0000, 0x0000, 0x0000,
	0x07df, 0x07df, 0x07df, 0x07df, 0x07df, 0x07df, 0x07df, 0x07df, 0x07df, 0x07df, 0x07df, 0x07df,
	0x07df, 0x07df, 0x07df, 0x07df, 0x001f, 0x07df, 0x07df, 0xffdf, 0x07df, 0x07df, 0x07df, 0x07df,
	0x07df, 0xffdf, 0x07df, 0x07df, 0x07df, 0x001f, 0x07df, 0x07df, 0x07df, 0x07df, 0x07df, 0x07df,
	0x07df, 0x07df, 0x07df, 0x07df, 0x07df, 0x07df, 0x07df, 0x07df, 0x07df, 0x0000, 0x0000, 0x8400,
	0x8400, 0x8400, 0x8400, 0x0000, 0x0000, 0x07df, 0x07df, 0x07df, 0x07df, 0x001f, 0x07df, 0x07df,
	0x07df, 0x001f, 0x07df, 0x07df, 0x0410, 0x0410, 0x0410, 0x0410, 0x8410, 0x0410, 0x8410, 0x0410,
	0x8410, 0x0410, 0x8410, 0x0410, 0x8410, 0x0410, 0x8410, 0x0410, 0x8410, 0x0410, 0x8410, 0x0410,
	0x8410, 0x0410, 0x8410, 0x0410, 0x8410, 0x0410, 0x8410, 0x0410, 0x0000, 0x8410, 0x0000, 0x8410,
	0x0000, 0x0000, 0x0000, 0x0000, 0x0000, 0x0000, 0x0000, 0x0000, 0x0000, 0x0000, 0x0000, 0x0000,
	0x0000, 0x0000, 0x0000, 0x0000, 0x0000, 0x0000, 0x0000, 0x0000, 0x0000, 0x0000, 0x0000, 0x0000,
	0x0000, 0x0000, 0x0000, 0x0000, 0x0000, 0x0000, 0x0000, 0x0000, 0x07df, 0x07df, 0x001f, 0x07df,
	0x07df, 0x07df, 0x07df, 0x07df, 0x07df, 0xffdf, 0x07df, 0x07df, 0x07df, 0x07df, 0x07df, 0x001f,
	0xffdf, 0x001f, 0x07df, 0x07df, 0x07df, 0x001f, 0x07df, 0x07df, 0x07df, 0x07df, 0x07df, 0x07df,
	0x001f, 0xffdf, 0x001f, 0x07df, 0x07df, 0x07df, 0x001f, 0x07df, 0x07df, 0x07df, 0x07df, 0x07df,
	0x07df, 0xffdf, 0x07df, 0x07df, 0x0000, 0x8400, 0x8400, 0x8400, 0x8400, 0x8400, 0x8400, 0x8410,
	0x8400, 0x0000, 0x07df, 0x001f, 0x07df, 0x07df, 0x07df, 0x07df, 0x001f, 0xffdf, 0x001f, 0x07df,
	0x0410, 0x0410, 0x0410, 0x8410, 0x0410, 0x8410, 0x0410, 0x8410, 0x0410, 0x8410, 0x0410, 0x8410,
	0x0410, 0x8410, 0x0410, 0x8410, 0x0410, 0x8410, 0x0410, 0x8410, 0x0410, 0x8410, 0x0410, 0x8410,
	0x0410, 0x8410, 0x0410, 0x8410, 0x0410, 0x0000, 0x8410, 0x0000, 0x0000, 0x0000, 0x0000, 0x0000,
	0x0000, 0x0000, 0x0000, 0x0000, 0x0000, 0x0000, 0x0000, 0x0000, 0x0000, 0x0000, 0x0000, 0x0000,
	0x0000, 0x0000, 0x0000, 0x0000, 0x0000, 0x0000, 0x0000, 0x0000, 0x0000, 0x0000, 0x0000, 0x0000,
	0x0000, 0x0000, 0x0000, 0x0000, 0x001f, 0x001f, 0xffdf, 0x07df, 0x07df, 0x001f, 0x07df, 0x07df,
	0x07df, 0x07df, 0x07df, 0x07df, 0x07df, 0x001f, 0x001f, 0xffdf, 0x07df, 0x07df, 0x001f, 0x001f,
	0x001f, 0xffdf, 0x07df, 0x07df, 0x07df, 0x07df, 0x001f, 0x001f, 0xffdf, 0x07df, 0x07df, 0x001f,
	0x001f, 0x001f, 0xffdf, 0x07df, 0x07df, 0x001f, 0x07df, 0x07df, 0x07df, 0x001f, 0x07df, 0x07df,
	0x0000, 0x8400, 0x8400, 0x8400, 0x8400, 0x8400, 0x8400, 0x8410, 0x8400, 0x0000, 0x07df, 0x07df,
	0x07df, 0x07df, 0x001f, 0x001f, 0xffdf, 0x07df, 0x07df, 0x001f, 0x0410, 0x0410, 0x0410, 0x0410,
	0x8410, 0x0410, 0x8410, 0x0410, 0x8410, 0x0410, 0x8410, 0x0410, 0x8410, 0x0410, 0x8410, 0x0410,
	0x8410, 0x0410, 0x8410, 0x0410, 0x8410, 0x0410, 0x8410, 0x0410, 0x8410, 0x0410, 0x8410, 0x0410,
	0x0000, 0x8410, 0x0000, 0x8410, 0x0000, 0x0000, 0x0000, 0x0000, 0x0000, 0x0000, 0x0000, 0x0000,
	0x0000, 0x0000, 0x0000, 0x0000, 0x0000, 0x0000, 0x0000, 0x0000, 0x0000, 0x0000, 0x0000, 0x0000,
	0x0000, 0x0000, 0x0000, 0x0000, 0x0000, 0x0000, 0x0000, 0x0000, 0x0000, 0x0000, 0x0000, 0x0000,
	0x07df, 0x07df, 0x07df, 0x07df, 0x001f, 0xffdf, 0x001f, 0x07df, 0x07df, 0x07df, 0x001f, 0x07df,
	0x07df, 0x07df, 0x07df, 0x07df, 0x07df, 0x07df, 0x07df, 0x07df, 0x07df, 0x07df, 0x07df, 0x07df,
	0x07df, 0x07df, 0x07df, 0x07df, 0x07df, 0x07df, 0x07df, 0x07df, 0x07df, 0x07df, 0x07df, 0x07df,
	0x001f, 0xffdf, 0x001f, 0x07df, 0x07df, 0x07df, 0x07df, 0x0000, 0x8400, 0x8400, 0x8400, 0x8400,
	0x8400, 0x8400, 0x8400, 0x0000, 0x8400, 0x8400, 0x0000, 0x07df, 0x07df, 0x07df, 0x07df, 0x07df,
	0x07df, 0x07df, 0x07df, 0x07df, 0x0410, 0x0410, 0x0410, 0x8410, 0x0410, 0x8410, 0x0410, 0x8410,
	0x0410, 0x8410, 0x0410, 0x8410, 0x0410, 0x8410, 0x0410, 0x8410, 0x0410, 0x8410, 0x0410, 0x8410,
	0x0410, 0x8410, 0x0410, 0x8410, 0x0410, 0x8410, 0x0410, 0x8410, 0x0410, 0x0000, 0x8410, 0x0000,
	0x0000, 0x0000, 0x0000, 0x0000, 0x0000, 0x0000, 0x0000, 0x0000, 0x0000, 0x0000, 0x0000, 0x0000,
	0x0000, 0x0000, 0x0000, 0x0000, 0x0000, 0x0000, 0x0000, 0x0000, 0x0000, 0x0000, 0x0000, 0x0000,
	0x0000, 0x0000, 0x0000, 0x0000, 0x0000, 0x0000, 0x0000, 0x0000, 0x07df, 0x07df, 0x001f, 0x001f,
	0xffdf, 0x07df, 0x07df, 0x001f, 0x001f, 0x001f, 0xffdf, 0x07df, 0x07df, 0x07df, 0x07df, 0x07df,
	0x07df, 0xffdf, 0x07df, 0x07df, 0x07df, 0x07df, 0x07df, 0x07df, 0x001f, 0x07df, 0x07df, 0x07df,
	0x07df, 0x07df, 0x07df, 0x07df, 0x07df, 0x07df, 0x001f, 0x001f, 0xffdf, 0x07df, 0x07df, 0x001f,
	0x001f, 0x001f, 0x07df, 0x0000, 0x8400, 0x0000, 0x0000, 0x0000, 0x0000, 0x0000, 0x0000, 0xffdf,
	0x0000, 0x8400, 0x0000, 0x07df, 0x001f, 0x07df, 0x07df, 0x07df, 0x07df, 0x07df, 0x07df, 0x07df,
	0x0410, 0x0410, 0x0410, 0x0410, 0x8410, 0x0410, 0x8410, 0x0410, 0x8410, 0x0410, 0x8410, 0x0410,
	0x8410, 0x0410, 0x8410, 0x0410, 0x8410, 0x0410, 0x8410, 0x0410, 0x8410, 0x0410, 0x8410, 0x0410,
	0x8410, 0x0410, 0x8410, 0x0410, 0x0000, 0x8410, 0x0000, 0x8410, 0x0000, 0x0000, 0x0000, 0x0000,
	0x0000, 0x0000, 0x0000, 0x0000, 0x0000, 0x0000, 0x0000, 0x0000, 0x0000, 0x0000, 0x0000, 0x0000,
	0x0000, 0x0000, 0x0000, 0x0000, 0x0000, 0x0000, 0x0000, 0x0000, 0x0000, 0x0000, 0x0000, 0x0000,
	0x0000, 0x0000, 0x0000, 0x0000, 0x07df, 0x07df, 0x07df, 0x07df, 0x07df, 0x07df, 0x07df, 0x07df,
	0x07df, 0x07df, 0x07df, 0x07df, 0x07df, 0x07df, 0x07df, 0xffdf, 0x07df, 0x07df, 0x07df, 0x07df,
	0x07df, 0x07df, 0x07df, 0x001f, 0xffdf, 0x001f, 0x07df, 0x07df, 0x07df, 0x001f, 0x07df, 0x07df,
	0x07df, 0x07df, 0x07df, 0x07df, 0x07df, 0x07df, 0x07df, 0x07df, 0x07df, 0x07df, 0x07df, 0x0000,
	0x0000, 0xffdf, 0xffdf, 0xffdf, 0xffdf, 0xffdf, 0xffdf, 0xffdf, 0xffdf, 0x0000, 0x0000, 0x07df,
	0xffdf, 0x001f, 0x07df, 0x07df, 0x07df, 0x001f, 0x07df, 0x07df, 0x0410, 0x0410, 0x0410, 0x8410,
	0x0410, 0x8410, 0x0410, 0x8410, 0x0410, 0x8410, 0x0410, 0x8410, 0x0410, 0x8410, 0x0410, 0x8410,
	0x0410, 0x8410, 0x0410, 0x8410, 0x0410, 0x8410, 0x0410, 0x8410, 0x0410, 0x8410, 0x0410, 0x8410,
	0x0410, 0x0000, 0x8410, 0x0000, 0x0000, 0x0000, 0x0000, 0x0000, 0x0000, 0x0000, 0x0000, 0x0000,
	0x0000, 0x0000, 0x0000, 0x0000, 0x0000, 0x0000, 0x0000, 0x0000, 0x0000, 0x0000, 0x0000, 0x0000,
	0x0000, 0x0000, 0x0000, 0x0000, 0x0000, 0x0000, 0x0000, 0x0000, 0x0000, 0x0000, 0x0000, 0x0000,
	0x07df, 0x07df, 0x07df, 0x07df, 0x07df, 0x07df, 0xffdf, 0x07df, 0x07df, 0x07df, 0x07df, 0x07df,
	0x001f, 0x07df, 0x07df, 0x07df, 0x07df, 0x07df, 0x07df, 0x07df, 0x07df, 0x001f, 0x001f, 0xffdf,
	0x07df, 0x07df, 0x001f, 0x001f, 0x001f, 0xffdf, 0x07df, 0x07df, 0x07df, 0x07df, 0x07df, 0x07df,
	0x07df, 0x07df, 0xffdf, 0x07df, 0x001f, 0x07df, 0x07df, 0x0000, 0xffdf, 0xffdf, 0xc618, 0x0000,
	0xffdf, 0xffdf, 0x0000, 0xc618, 0xffdf, 0xffdf, 0x0000, 0x07df, 0x07df, 0x07df, 0x001f, 0x001f,
	0x001f, 0xffdf, 0x07df, 0x07df, 0x0410, 0x0410, 0x0410, 0x0410, 0x8410, 0x0410, 0x8410, 0x0410,
	0x8410, 0x0410, 0x8410, 0x0410, 0x8410, 0x0410, 0x8410, 0x0410, 0x8410, 0x0410, 0x8410, 0x0410,
	0x8410, 0x0410, 0x8410, 0x0410, 0x8410, 0x0410, 0x8410, 0x0410, 0x0000, 0x8410, 0x0000, 0x8410,
	0x0000, 0x0000, 0x0000, 0x0000, 0x0000, 0x0000, 0x0000, 0x0000, 0x0000, 0x0000, 0x0000, 0x0000,
	0x0000, 0x0000, 0x0000, 0x0000, 0x0000, 0x0000, 0x0000, 0x0000, 0x0000, 0x0000, 0x0000, 0x0000,
	0x0000, 0x0000, 0x0000, 0x0000, 0x0000, 0x0000, 0x0000, 0x0000, 0x07df, 0x07df, 0xffdf, 0x07df,
	0x07df, 0x07df, 0x07df, 0x07df, 0x07df, 0x07df, 0x07df, 0x001f, 0xffdf, 0x001f, 0x07df, 0x07df,
	0x07df, 0x001f, 0x07df, 0x07df, 0x07df, 0x07df, 0x07df, 0x07df, 0x07df, 0x07df, 0x07df, 0x07df,
	0x07df, 0x07df, 0x07df, 0x07df, 0x07df, 0x07df, 0xffdf, 0x07df, 0x07df, 0x07df, 0x07df, 0x07df,
	0x07df, 0x07df, 0x07df, 0x0000, 0x0000, 0xffdf, 0xffdf, 0xffdf, 0xffdf, 0xffdf, 0xffdf, 0xffdf,
	0xffdf, 0xc618, 0x0000, 0x07df, 0x07df, 0x07df, 0x07df, 0x07df, 0x07df, 0x07df, 0x07df, 0x07df,
	0x0410, 0x0410, 0x0410, 0x8410, 0x0410, 0x8410, 0x0410, 0x8410, 0x0410, 0x8410, 0x0410, 0x8410,
	0x0410, 0x8410, 0x0410, 0x8410, 0x0410, 0x8410, 0x0410, 0x8410, 0x0410, 0x8410, 0x0410, 0x8410,
	0x0410, 0x8410, 0x0410, 0x8410, 0x0410, 0x0000, 0x8410, 0x0000, 0x0000, 0x0000, 0x0000, 0x0000,
	0x0000, 0x0000, 0x0000, 0x0000, 0x0000, 0x0000, 0x0000, 0x0000, 0x0000, 0x0000, 0x0000, 0x0000,
	0x0000, 0x0000, 0x0000, 0x0000, 0x0000, 0x0000, 0x0000, 0x0000, 0x0000, 0x0000, 0x0000, 0x0000,
	0x0000, 0x0000, 0x0000, 0x0000, 0x001f, 0x07df, 0x07df, 0x07df, 0x07df, 0x07df, 0x07df, 0x07df,
	0x07df, 0x001f, 0x001f, 0xffdf, 0x07df, 0x07df, 0x001f, 0x001f, 0x001f, 0xffdf, 0x07df, 0x07df,
	0x07df, 0x07df, 0x07df, 0x07df, 0x07df, 0xffdf, 0x07df, 0x07df, 0x07df, 0x07df, 0x07df, 0x07df,
	0x001f, 0x07df, 0x07df, 0x07df, 0x07df, 0x07df, 0x07df, 0x07df, 0x07df, 0x001f, 0x07df, 0x07df,
	0x0000, 0xffdf, 0xffdf, 0xffdf, 0x0000, 0x0000, 0xffdf, 0xc618, 0xc618, 0x0000, 0x07df, 0x07df,
	0x001f, 0x07df, 0x07df, 0x001f, 0x07df, 0x07df, 0x07df, 0x07df, 0x0410, 0x0410, 0x0410, 0x0410,
	0x8410, 0x0410, 0x8410, 0x0410, 0x8410, 0x0410, 0x8410, 0x0410, 0x8410, 0x0410, 0x8410, 0x0410,
	0x8410, 0x0410, 0x8410, 0x0410, 0x8410, 0x0410, 0x8410, 0x0410, 0x8410, 0x0410, 0x8410, 0x0410,
	0x0000, 0x8410, 0x0000, 0x8410, 0x0000, 0x0000, 0x0000, 0x0000, 0x0000, 0x0000, 0x0000, 0x0000,
	0x0000, 0x0000, 0x0000, 0x0000, 0x0000, 0x0000, 0x0000, 0x0000, 0x0000, 0x0000, 0x0000, 0x0000,
	0x0000, 0x0000, 0x0000, 0x0000, 0x0000, 0x0000, 0x0000, 0x0000, 0x0000, 0x0000, 0x0000, 0x0000,
	0xffdf, 0x001f, 0x07df, 0x07df, 0x07df, 0x001f, 0x07df, 0x07df, 0x07df, 0x07df, 0x07df, 0x07df,
	0x07df, 0x07df, 0x07df, 0x07df, 0x07df, 0x07df, 0x07df, 0x07df, 0x07df, 0x07df, 0x001f, 0x07df,
	0x07df, 0x07df, 0x07df, 0x07df, 0x07df, 0x07df, 0x07df, 0x001f, 0xffdf, 0x001f, 0x07df, 0x07df,
	0x07df, 0x001f, 0x07df, 0x07df, 0x07df, 0x07df, 0x07df, 0x07df, 0x07df, 0x0000, 0x0000, 0xc618,
	0xc618, 0xc618, 0xc618, 0x0000, 0x0000, 0x07df, 0x07df, 0x07df, 0x07df, 0x07df, 0x07df, 0x07df,
	0x07df, 0x07df, 0x07df, 0x001f, 0x0410, 0x0410, 0x0410, 0x8410, 0x0410, 0x8410, 0x0410, 0x8410,
	0x0410, 0x8410, 0x0410, 0x8410, 0x0410, 0x8410, 0x0410, 0x8410, 0x0410, 0x8410, 0x0410, 0x8410,
	0x0410, 0x8410, 0x0410, 0x8410, 0x0410, 0x8410, 0x0410, 0x8410, 0x0410, 0x0000, 0x8410, 0x0000,
	0x0000, 0x0000, 0x0000, 0x0000, 0x0000, 0x0000, 0x0000, 0x0000, 0x0000, 0x0000, 0x0000, 0x0000,
	0x0000, 0x0000, 0x0000, 0x0000, 0x0000, 0x0000, 0x0000, 0x0000, 0x0000, 0x0000, 0x0000, 0x0000,
	0x0000, 0x0000, 0x0000, 0x0000, 0x0000, 0x0000, 0x0000, 0x0000, 0x07df, 0x07df, 0x001f, 0x001f,
	0x001f, 0xffdf, 0x07df, 0x07df, 0x07df, 0x07df, 0x07df, 0x07df, 0x07df, 0x07df, 0x07df, 0x07df,
	0xffdf, 0x07df, 0x07df, 0x07df, 0x07df, 0x001f, 0xffdf, 0x001f, 0x07df, 0x07df, 0x07df, 0x001f,
	0x07df, 0x001f, 0x001f, 0xffdf, 0x07df, 0x07df, 0x001f, 0x001f, 0x001f, 0xffdf, 0x07df, 0x0000,
	0x0000, 0x07df, 0x07df, 0x0000, 0x0000, 0x07df, 0x0410, 0x0000, 0x0000, 0x0000, 0x0000, 0x07df,
	0x07df, 0x0000, 0x07df, 0x07df, 0x07df, 0x07df, 0x07df, 0x001f, 0x07df, 0x001f, 0x001f, 0xffdf,
	0x0410, 0x0410, 0x0410, 0x0410, 0x8410, 0x0410, 0x8410, 0x0410, 0x8410, 0x0410, 0x8410, 0x0410,
	0x8410, 0x0410, 0x8410, 0x0410, 0x8410, 0x0410, 0x8410, 0x0410, 0x8410, 0x0410, 0x8410, 0x0410,
	0x8410, 0x0410, 0x8410, 0x0410, 0x0000, 0x8410, 0x0000, 0x8410, 0x0000, 0x0000, 0x0000, 0x0000,
	0x0000, 0x0000, 0x0000, 0x0000, 0x0000, 0x0000, 0x0000, 0x0000, 0x0000, 0x0000, 0x0000, 0x0000,
	0x0000, 0x0000, 0x0000, 0x0000, 0x0000, 0x0000, 0x0000, 0x0000, 0x0000, 0x0000, 0x0000, 0x0000,
	0x0000, 0x0000, 0x0000, 0x0000, 0x07df, 0x07df, 0x07df, 0x07df, 0x07df, 0x07df, 0x07df, 0x07df,
	0x07df, 0x07df, 0x07df, 0xffdf, 0x07df, 0x07df, 0x07df, 0x07df, 0x07df, 0x07df, 0x07df, 0x001f,
	0x001f, 0xffdf, 0x07df, 0x07df, 0x001f, 0x001f, 0x001f, 0xffdf, 0x07df, 0x07df, 0x07df, 0x07df,
	0x07df, 0x07df, 0x07df, 0x07df, 0x07df, 0x07df, 0x0000, 0xffdf, 0xc618, 0x0000, 0x0000, 0x07df,
	0x07df, 0x0410, 0x0410, 0x0410, 0x0410, 0x0410, 0x0410, 0x0410, 0x0410, 0x0410, 0x0000, 0x07df,
	0x07df, 0x001f, 0x001f, 0xffdf, 0x07df, 0x07df, 0x07df, 0x07df, 0x0410, 0x0410, 0x0410, 0x8410,
	0x0410, 0x8410, 0x0410, 0x8410, 0x0410, 0x8410, 0x0410, 0x8410, 0x0410, 0x8410, 0x0410, 0x8410,
	0x0410, 0x8410, 0x0410, 0x8410, 0x0410, 0x8410, 0x0410, 0x8410, 0x0410, 0x8410, 0x0410, 0x8410,
	0x0410, 0x0000, 0x8410, 0x0000, 0x0000, 0x0000, 0x0000, 0x0000, 0x0000, 0x0000, 0x0000, 0x0000,
	0x0000, 0x0000, 0x0000, 0x0000, 0x0000, 0x0000, 0x0000, 0x0000, 0x0000, 0x0000, 0x0000, 0x0000,
	0x0000, 0x0000, 0x0000, 0x0000, 0x0000, 0x0000, 0x0000, 0x0000, 0x0000, 0x0000, 0x0000, 0x0000,
	0x07df, 0x07df, 0x07df, 0x07df, 0x07df, 0x07df, 0x07df, 0x07df, 0x001f, 0x07df, 0x07df, 0x07df,
	0x07df, 0x07df, 0x07df, 0x07df, 0x07df, 0x07df, 0x07df, 0x07df, 0x07df, 0x07df, 0x07df, 0x07df,
	0x07df, 0x07df, 0x07df, 0x07df, 0x07df, 0x07df, 0x07df, 0x07df, 0x07df, 0x07df, 0x07df, 0x07df,
	0x07df, 0x07df, 0x0000, 0xc618, 0xc618, 0x0410, 0x0000, 0x0410, 0x0410, 0x0410, 0x0410, 0x0410,
	0x0410, 0x0410, 0x0410, 0x0410, 0x0410, 0x0410, 0x0410, 0x0000, 0x07df, 0x07df, 0x07df, 0x07df,
	0x07df, 0x07df, 0x07df, 0x07df, 0x0410, 0x0410, 0x0410, 0x0410, 0x8410, 0x0410, 0x8410, 0x0410,
	0x8410, 0x0410, 0x8410, 0x0410, 0x8410, 0x0410, 0x8410, 0x0410, 0x8410, 0x0410, 0x8410, 0x0410,
	0x8410, 0x0410, 0x8410, 0x0410, 0x8410, 0x0410, 0x8410, 0x0410, 0x0000, 0x8410, 0x0000, 0x8410,
	0x0000, 0x0000, 0x0000, 0x0000, 0x0000, 0x0000, 0x0000, 0x0000, 0x0000, 0x0000, 0x0000, 0x0000,
	0x0000, 0x0000, 0x0000, 0x0000, 0x0000, 0x0000, 0x0000, 0x0000, 0x0000, 0x0000, 0x0000, 0x0000,
	0x0000, 0x0000, 0x0000, 0x0000, 0x0000, 0x0000, 0x0000, 0x0000, 0x07df, 0x07df, 0x07df, 0x07df,
	0x07df, 0x07df, 0x07df, 0x001f, 0xffdf, 0x001f, 0x07df, 0x07df, 0x07df, 0x001f, 0x07df, 0x07df,
	0xffdf, 0x07df, 0x07df, 0x07df, 0x001f, 0x07df, 0x07df, 0x07df, 0x07df, 0x07df, 0x07df, 0xffdf,
	0x07df, 0x07df, 0x07df, 0x07df, 0x07df, 0x07df, 0x07df, 0x07df, 0x07df, 0x07df, 0x07df, 0x0000,
	0x0410, 0x0410, 0x0410, 0x0000, 0x0000, 0x0410, 0x0410, 0x0410, 0x0410, 0x0410, 0x0410, 0x0410,
	0x0410, 0x0000, 0x0410, 0x0410, 0x0000, 0x07df, 0x001f, 0x07df, 0x07df, 0x07df, 0x07df, 0x07df,
	0x0410, 0x0410, 0x0410, 0x8410, 0x0410, 0x8410, 0x0410, 0x8410, 0x0410, 0x8410, 0x0410, 0x8410,
	0x0410, 0x8410, 0x0410, 0x8410, 0x0410, 0x8410, 0x0410, 0x8410, 0x0410, 0x8410, 0x0410, 0x8410,
	0x0410, 0x8410, 0x0410, 0x8410, 0x0410, 0x0000, 0x8410, 0x0000, 0x0000, 0x0000, 0x0000, 0x0000,
	0x0000, 0x0000, 0x0000, 0x0000, 0x0000, 0x0000, 0x0000, 0x0000, 0x0000, 0x0000, 0x0000, 0x0000,
	0x0000, 0x0000, 0x0000, 0x0000, 0x0000, 0x0000, 0x0000, 0x0000, 0x0000, 0x0000, 0x0000, 0x0000,
	0x0000, 0x0000, 0x0000, 0x0000, 0x07df, 0x07df, 0x07df, 0x07df, 0x07df, 0x001f, 0x001f, 0xffdf,
	0x07df, 0x07df, 0x001f, 0x001f, 0x001f, 0xffdf, 0x07df, 0x07df, 0x07df, 0x07df, 0x07df, 0x001f,
	0xffdf, 0x001f, 0x07df, 0x07df, 0x07df, 0x001f, 0x07df, 0x07df, 0x07df, 0x001f, 0x07df, 0x07df,
	0x07df, 0x07df, 0x07df, 0x07df, 0x07df, 0x001f, 0x07df, 0x07df, 0x0000, 0x0000, 0x0000, 0x07df,
	0x07df, 0x0000, 0x0000, 0x0410, 0x0410, 0x0410, 0x0410, 0x0000, 0x0000, 0x07df, 0x0000, 0x0000,
	0x0000, 0x07df, 0x07df, 0x07df, 0x07df, 0x001f, 0x07df, 0x07df, 0x0410, 0x0410, 0x0410, 0x0410,
	0x8410, 0x0410, 0x8410, 0x0410, 0x8410, 0x0410, 0x8410, 0x0410, 0x8410, 0x0410, 0x8410, 0x0410,
	0x8410, 0x0410, 0x8410, 0x0410, 0x8410, 0x0410, 0x8410, 0x0410, 0x8410, 0x0410, 0x8410, 0x0410,
	0x0000, 0x8410, 0x0000, 0x8410, 0x0000, 0x0000, 0x0000, 0x0000, 0x0000, 0x0000, 0x0000, 0x0000,
	0x0000, 0x0000, 0x0000, 0x0000, 0x0000, 0x0000, 0x0000, 0x0000, 0x0000, 0x0000, 0x0000, 0x0000,
	0x0000, 0x0000, 0x0000, 0x0000, 0x0000, 0x0000, 0x0000, 0x0000, 0x0000, 0x0000, 0x0000, 0x0000,
	0x07df, 0x07df, 0x001f, 0x07df, 0x07df, 0x07df, 0x07df, 0x07df, 0x07df, 0x07df, 0x07df, 0x07df,
	0x07df, 0x07df, 0x07df, 0x07df, 0x07df, 0x001f, 0x001f, 0xffdf, 0x07df, 0x07df, 0x001f, 0x001f,
	0x001f, 0xffdf, 0x07df, 0x07df, 0x001f, 0xffdf, 0x001f, 0x07df, 0x07df, 0x07df, 0x001f, 0x07df,
	0x07df, 0x07df, 0x07df, 0x07df, 0x07df, 0x07df, 0x07df, 0x07df, 0x07df, 0x07df, 0x07df, 0x0000,
	0x0000, 0x0000, 0x0000, 0x07df, 0x07df, 0x07df, 0x07df, 0x07df, 0x07df, 0x07df, 0x07df, 0x07df,
	0x001f, 0xffdf, 0x001f, 0x07df, 0x0410, 0x0410, 0x0410, 0x8410, 0x0410, 0x8410, 0x0410, 0x8410,
	0x0410, 0x8410, 0x0410, 0x8410, 0x0410, 0x8410, 0x0410, 0x8410, 0x0410, 0x8410, 0x0410, 0x8410,
	0x0410, 0x8410, 0x0410, 0x8410, 0x0410, 0x8410, 0x0410, 0x8410, 0x0410, 0x0000, 0x8410, 0x0000,
	0x0000, 0x0000, 0x0000, 0x0000, 0x0000, 0x0000, 0x0000, 0x0000, 0x0000, 0x0000, 0x0000, 0x0000,
	0x0000, 0x0000, 0x0000, 0x0000, 0x0000, 0x0000, 0x0000, 0x0000, 0x0000, 0x0000, 0x0000, 0x0000,
	0x0000, 0x0000, 0x0000, 0x0000, 0x0000, 0x0000, 0x0000, 0x0000, 0x001f, 0x001f, 0xffdf, 0x07df,
	0x07df, 0x07df, 0x07df, 0x07df, 0x07df, 0x07df, 0x07df, 0xffdf, 0x07df, 0x07df, 0x07df, 0x001f,
	0x07df, 0x07df, 0x07df, 0x07df, 0x07df, 0x07df, 0x07df, 0x07df, 0x07df, 0x07df, 0x001f, 0x001f,
	0xffdf, 0x07df, 0x07df, 0x001f, 0x001f, 0x001f, 0xffdf, 0x07df, 0x07df, 0x07df, 0x07df, 0x07df,
	0x07df, 0x07df, 0x001f, 0xffdf, 0x07df, 0x07df, 0x07df, 0x07df, 0x07df, 0x07df, 0x07df, 0x07df,
	0x07df, 0x07df, 0x001f, 0x07df, 0x07df, 0x07df, 0x001f, 0x001f, 0xffdf, 0x07df, 0x07df, 0x001f,
	0x0410, 0x0410, 0x0410, 0x0410, 0x8410, 0x0410, 0x8410, 0x0410, 0x8410, 0x0410, 0x8410, 0x0410,
	0x8410, 0x0410, 0x8410, 0x0410, 0x8410, 0x0410, 0x8410, 0x0410, 0x8410, 0x0410, 0x8410, 0x0410,
	0x8410, 0x0410, 0x8410, 0x0410, 0x0000, 0x8410, 0x0000, 0x8410, 0x0000, 0x0000, 0x0000, 0x0000,
	0x0000, 0x0000, 0x0000, 0x0000, 0x0000, 0x0000, 0x0000, 0x0000, 0x0000, 0x0000, 0x0000, 0x0000,
	0x0000, 0x0000, 0x0000, 0x0000, 0x0000, 0x0000, 0x0000, 0x0000, 0x0000, 0x0000, 0x0000, 0x0000,
	0x0000, 0x0000, 0x0000, 0x0000, 0x07df, 0x07df, 0x07df, 0x07df, 0xffdf, 0x07df, 0x07df, 0xffdf,
	0x07df, 0x07df, 0x07df, 0x07df, 0x07df, 0x07df, 0x001f, 0xffdf, 0x001f, 0x07df, 0x07df, 0x07df,
	0x001f, 0x07df, 0x07df, 0xffdf, 0x07df, 0x07df, 0x07df, 0x07df, 0x07df, 0x07df, 0x07df, 0x07df,
	0x07df, 0x07df, 0x07df, 0x07df, 0xffdf, 0x07df, 0x07df, 0xffdf, 0x001f, 0x07df, 0x07df, 0x07df,
	0x07df, 0x07df, 0x001f, 0xffdf, 0x001f, 0x07df, 0x07df, 0x07df, 0x001f, 0x07df, 0x07df, 0xffdf,
	0x001f, 0x07df, 0x07df, 0x07df, 0x07df, 0x07df, 0x07df, 0x07df, 0x0410, 0x0410, 0x0410, 0x8410,
	0x0410, 0x8410, 0x0410, 0x8410, 0x0410, 0x8410, 0x0410, 0x8410, 0x0410, 0x8410, 0x0410, 0x8410,
	0x0410, 0x8410, 0x0410, 0x8410, 0x0410, 0x8410, 0x0410, 0x8410, 0x0410, 0x8410, 0x0410, 0x8410,
	0x0410, 0x0000, 0x8410, 0x0000, 0x0000, 0x0000, 0x0000, 0x0000, 0x0000, 0x0000, 0x0000, 0x0000,
	0x0000, 0x0000, 0x0000, 0x0000, 0x0000, 0x0000, 0x0000, 0x0000, 0x0000, 0x0000, 0x0000, 0x0000,
	0x0000, 0x0000, 0x0000, 0x0000, 0x0000, 0x0000, 0x0000, 0x0000, 0x0000, 0x0000, 0x0000, 0x0000,
	0x07df, 0x001f, 0x07df, 0x07df, 0x07df, 0x07df, 0x07df, 0x07df, 0x07df, 0x07df, 0x07df, 0x07df,
	0x001f, 0x001f, 0xffdf, 0x07df, 0x07df, 0x001f, 0x001f, 0x001f, 0xffdf, 0x07df, 0x07df, 0x07df,
	0x07df, 0x07df, 0x07df, 0x07df, 0x07df, 0xffdf, 0x07df, 0x07df, 0x07df, 0x001f, 0x07df, 0x07df,
	0x07df, 0x07df, 0x07df, 0x07df, 0x07df, 0x07df, 0x07df, 0x07df, 0x001f, 0x001f, 0xffdf, 0x07df,
	0x07df, 0x001f, 0x001f, 0x001f, 0xffdf, 0x07df, 0x07df, 0x07df, 0x07df, 0x07df, 0x07df, 0x07df,
	0x07df, 0xffdf, 0x07df, 0x07df, 0x0410, 0x0410, 0x0410, 0x0410, 0x8410, 0x0410, 0x8410, 0x0410,
	0x8410, 0x0410, 0x8410, 0x0410, 0x8410, 0x0410, 0x8410, 0x0410, 0x8410, 0x0410, 0x8410, 0x0410,
	0x8410, 0x0410, 0x8410, 0x0410, 0x8410, 0x0410, 0x8410, 0x0410, 0x0000, 0x8410, 0x0000, 0x8410,
	0x0000, 0x0000, 0x0000, 0x0000, 0x0000, 0x0000, 0x0000, 0x0000, 0x0000, 0x0000, 0x0000, 0x0000,
	0x0000, 0x0000, 0x0000, 0x0000, 0x0000, 0x0000, 0x0000, 0x0000, 0x0000, 0x0000, 0x0000, 0x0000,
	0x0000, 0x0000, 0x0000, 0x0000, 0x0000, 0x0000, 0x0000, 0x0000, 0x001f, 0xffdf, 0x001f, 0x07df,
	0x07df, 0x07df, 0x001f, 0x07df, 0x07df, 0xffdf, 0x07df, 0x07df, 0x07df, 0x07df, 0x07df, 0x07df,
	0x07df, 0x07df, 0x07df, 0x07df, 0x07df, 0x07df, 0x07df, 0x07df, 0x07df, 0x07df, 0x07df, 0x07df,
	0x07df, 0x07df, 0x07df, 0x07df, 0x001f, 0xffdf, 0x001f, 0x07df, 0x07df, 0x07df, 0x001f, 0x07df,
	0x07df, 0xffdf, 0x07df, 0x07df, 0x07df, 0x07df, 0x07df, 0x07df, 0x07df, 0x07df, 0x07df, 0x07df,
	0x07df, 0x07df, 0x07df, 0x07df, 0x07df, 0x07df, 0x07df, 0x07df, 0x07df, 0x07df, 0x07df, 0x07df,
	0x0410, 0x0410, 0x0410, 0x8410, 0x0410, 0x8410, 0x0410, 0x8410, 0x0410, 0x8410, 0x0410, 0x8410,
	0x0410, 0x8410, 0x0410, 0x8410, 0x0410, 0x8410, 0x0410, 0x8410, 0x0410, 0x8410, 0x0410, 0x8410,
	0x0410, 0x8410, 0x0410, 0x8410, 0x0410, 0x0000, 0x8410, 0x0000, 0x0000, 0x0000, 0x0000, 0x0000,
	0x0000, 0x0000, 0x0000, 0x0000, 0x0000, 0x0000, 0x0000, 0x0000, 0x0000, 0x0000, 0x0000, 0x0000,
	0x0000, 0x0000, 0x0000, 0x0000, 0x0000, 0x0000, 0x0000, 0x0000, 0x0000, 0x0000, 0x0000, 0x0000,
	0x0000, 0x0000, 0x0000, 0x0000, 0xffdf, 0x07df, 0x07df, 0x001f, 0x001f, 0x001f, 0xffdf, 0x07df,
	0x07df, 0x07df, 0x07df, 0x07df, 0xffdf, 0x07df, 0x07df, 0x07df, 0x07df, 0x07df, 0x07df, 0x07df,
	0x07df, 0x07df, 0x07df, 0x001f, 0x07df, 0x07df, 0xffdf, 0x07df, 0x07df, 0x07df, 0x001f, 0x001f,
	0xffdf, 0x07df, 0x07df, 0x001f, 0x001f, 0x001f, 0xffdf, 0x07df, 0x07df, 0x07df, 0x07df, 0x07df,
	0xffdf, 0x07df, 0x07df, 0x07df, 0x07df, 0x07df, 0x07df, 0x07df, 0x07df, 0x07df, 0x07df, 0x001f,
	0x07df, 0x07df, 0xffdf, 0x07df, 0x07df, 0x07df, 0x001f, 0x001f, 0x0410, 0x0410, 0x0410, 0x0410,
	0x8410, 0x0410, 0x8410, 0x0410, 0x8410, 0x0410, 0x8410, 0x0410, 0x8410, 0x0410, 0x8410, 0x0410,
	0x8410, 0x0410, 0x8410, 0x0410, 0x8410, 0x0410, 0x8410, 0x0410, 0x8410, 0x0410, 0x8410, 0x0410,
	0x0000, 0x8410, 0x0000, 0x8410, 0x0000, 0x0000, 0x0000, 0x0000, 0x0000, 0x0000, 0x0000, 0x0000,
	0x0000, 0x0000, 0x0000, 0x0000, 0x0000, 0x0000, 0x0000, 0x0000, 0x0000, 0x0000, 0x0000, 0x0000,
	0x0000, 0x0000, 0x0000, 0x0000, 0x0000, 0x0000, 0x0000, 0x0000, 0x0000, 0x0000, 0x0000, 0x0000,
	0x07df, 0x07df, 0x07df, 0x07df, 0x07df, 0x07df, 0x07df, 0x07df, 0x07df, 0x001f, 0x07df, 0x07df,
	0x07df, 0x07df, 0x07df, 0x07df, 0x07df, 0xffdf, 0x07df, 0x07df, 0x07df, 0x07df, 0x001f, 0xffdf,
	0x001f, 0x07df, 0x07df, 0x07df, 0x001f, 0x07df, 0x07df, 0x07df, 0x07df, 0x07df, 0x07df, 0x07df,
	0x07df, 0x07df, 0x07df, 0x07df, 0x07df, 0x001f, 0x07df, 0x07df, 0x07df, 0x07df, 0x07df, 0x07df,
	0x07df, 0xffdf, 0x07df, 0x07df, 0x07df, 0x07df, 0x001f, 0xffdf, 0x001f, 0x07df, 0x07df, 0x07df,
	0x001f, 0x07df, 0x07df, 0x07df, 0x0410, 0x0410, 0x0410, 0x0000, 0x0410, 0x0000, 0x0410, 0x0000,
	0x0410, 0x0000, 0x0410, 0x0000, 0x0410, 0x0000, 0x0410, 0x0000, 0x0410, 0x0000, 0x0410, 0x0000,
	0x0410, 0x0000, 0x0410, 0x0000, 0x0410, 0x0000, 0x0410, 0x0000, 0x8410, 0x0000, 0x8410, 0x0000,
	0x0000, 0x0000, 0x0000, 0x0000, 0x0000, 0x0000, 0x0000, 0x0000, 0x0000, 0x0000, 0x0000, 0x0000,
	0x0000, 0x0000, 0x0000, 0x0000, 0x0000, 0x0000, 0x0000, 0x0000, 0x0000, 0x0000, 0x0000, 0x0000,
	0x0000, 0x0000, 0x0000, 0x0000, 0x0000, 0x0000, 0x0000, 0x0000, 0x07df, 0x07df, 0x07df, 0x07df,
	0x07df, 0x07df, 0x07df, 0x07df, 0x001f, 0xffdf, 0x001f, 0x07df, 0x07df, 0x07df, 0x001f, 0x07df,
	0x07df, 0x07df, 0x07df, 0x07df, 0x001f, 0x001f, 0xffdf, 0x07df, 0x07df, 0x001f, 0x001f, 0x001f,
	0xffdf, 0x07df, 0x07df, 0x07df, 0x07df, 0x07df, 0x07df, 0x07df, 0x07df, 0x07df, 0x07df, 0x07df,
	0x001f, 0xffdf, 0x001f, 0x07df, 0x07df, 0x07df, 0x001f, 0x07df, 0x07df, 0x07df, 0x07df, 0x07df,
	0x001f, 0x001f, 0xffdf, 0x07df, 0x07df, 0x001f, 0x001f, 0x001f, 0xffdf, 0x07df, 0x07df, 0x07df,
	0x0410, 0x0410, 0x0000, 0x8410, 0x0000, 0x8410, 0x0000, 0x8410, 0x0000, 0x8410, 0x0000, 0x8410,
	0x0000, 0x8410, 0x0000, 0x8410, 0x0000, 0x8410, 0x0000, 0x8410, 0x0000, 0x8410, 0x0000, 0x8410,
	0x0000, 0x8410, 0x0000, 0x8410, 0x0000, 0x8410, 0x0000, 0x8410, 0x0000, 0x0000, 0x0000, 0x0000,
	0x0000, 0x0000, 0x0000, 0x0000, 0x0000, 0x0000, 0x0000, 0x0000, 0x0000, 0x0000, 0x0000, 0x0000,
	0x0000, 0x0000, 0x0000, 0x0000, 0x0000, 0x0000, 0x0000, 0x0000, 0x0000, 0x0000, 0x0000, 0x0000,
	0x0000, 0x0000, 0x0000, 0x0000, 0x07df, 0x07df, 0x07df, 0x07df, 0x07df, 0x07df, 0x001f, 0x001f,
	0xffdf, 0x07df, 0x07df, 0x001f, 0x001f, 0x001f, 0xffdf, 0x07df, 0x07df, 0x07df, 0x07df, 0x07df,
	0x07df, 0x07df, 0x07df, 0x07df, 0x07df, 0x07df, 0x07df, 0x07df, 0x07df, 0x07df, 0x07df, 0x07df,
	0x07df, 0x07df, 0x07df, 0x07df, 0x07df, 0x07df, 0x001f, 0x001f, 0xffdf, 0x07df, 0x07df, 0x001f,
	0x001f, 0x001f, 0xffdf, 0x07df, 0x07df, 0x07df, 0x07df, 0x07df, 0x07df, 0x07df, 0x07df, 0x07df,
	0x07df, 0x07df, 0x07df, 0x07df, 0x07df, 0x07df, 0x07df, 0x07df, 0x0410, 0x0000, 0x8410, 0x0000,
	0x8410, 0x0000, 0x8410, 0x0000, 0x8410, 0x0000, 0x8410, 0x0000, 0x8410, 0x0000, 0x8410, 0x0000,
	0x8410, 0x0000, 0x8410, 0x0000, 0x8410, 0x0000, 0x8410, 0x0000, 0x8410, 0x0000, 0x8410, 0x0000,
	0x8410, 0x0000, 0x8410, 0x0000, 0x0000, 0x0000, 0x0000, 0x0000, 0x0000, 0x0000, 0x0000, 0x0000,
	0x0000, 0x0000, 0x0000, 0x0000, 0x0000, 0x0000, 0x0000, 0x0000, 0x0000, 0x0000, 0x0000, 0x0000,
	0x0000, 0x0000, 0x0000, 0x0000, 0x0000, 0x0000, 0x0000, 0x0000, 0x0000, 0x0000, 0x0000, 0x0000,
	0x07df, 0x07df, 0x07df, 0x07df, 0x07df, 0x07df, 0x07df, 0x07df, 0x07df, 0x07df, 0x07df, 0x07df,
	0x07df, 0x07df, 0x07df, 0x07df, 0x07df, 0xffdf, 0x07df, 0x07df, 0x07df, 0x07df, 0x07df, 0x07df,
	0x07df, 0x07df, 0x001f, 0x07df, 0x07df, 0x07df, 0x07df, 0x07df, 0x07df, 0x07df, 0x07df, 0x07df,
	0x07df, 0x07df, 0x07df, 0x07df, 0x07df, 0x07df, 0x07df, 0x07df, 0x07df, 0x07df, 0x07df, 0x07df,
	0x07df, 0xffdf, 0x07df, 0x07df, 0x07df, 0x07df, 0x07df, 0x07df, 0x07df, 0x07df, 0x07df, 0x07df,
	0x07df, 0x07df, 0x07df, 0x07df, 0x0000, 0x8410, 0x0000, 0x8410, 0x0000, 0x8410, 0x0000, 0x8410,
	0x0000, 0x8410, 0x0000, 0x8410, 0x0000, 0x8410, 0x0000, 0x8410, 0x0000, 0x8410, 0x0000, 0x8410,
	0x0000, 0x8410, 0x0000, 0x8410, 0x0000, 0x8410, 0x0000, 0x8410, 0x0000, 0x8410, 0x0000, 0x8410,
	0x0000, 0x0000, 0x0000, 0x0000, 0x0000, 0x0000, 0x0000, 0x0000, 0x0000, 0x0000, 0x0000, 0x0000,
	0x0000, 0x0000, 0x0000, 0x0000, 0x0000, 0x0000, 0x0000, 0x0000, 0x0000, 0x0000, 0x0000, 0x0000,
	0x0000, 0x0000, 0x0000, 0x0000, 0x0000, 0x0000, 0x0000, 0x0000, 0xc618, 0xc618, 0xc618, 0x8410,
	0x0000, 0x8410, 0x8410, 0xc618, 0x8410, 0x8410, 0x8410, 0x8410, 0x8410, 0x8410, 0x8410, 0x8410,
	0x8410, 0x8410, 0x8410, 0x8410, 0x8410, 0xc618, 0x8410, 0x0000, 0x8410, 0x8410, 0xc618, 0x8410,
	0x8410, 0x0000, 0x8410, 0x0000, 0xc618, 0xc618, 0xc618, 0xc618, 0xc618, 0xc618, 0xc618, 0xc618,
	0xc618, 0xc618, 0xc618, 0xc618, 0xc618, 0xc618, 0xc618, 0xc618, 0xc618, 0xc618, 0xc618, 0xc618,
	0xc618, 0xc618, 0xc618, 0xc618, 0xc618, 0xc618, 0xc618, 0xc618, 0xc618, 0xc618, 0xc618, 0xc618,
	0x8410, 0x8410, 0x8410, 0x8410, 0x8410, 0x8410, 0x8410, 0x8410, 0x8410, 0x8410, 0x8410, 0x8410,
	0x8410, 0x8410, 0x8410, 0x8410, 0x8410, 0x8410, 0x8410, 0x8410, 0x8410, 0x8410, 0x8410, 0x8410,
	0x8410, 0x8410, 0x8410, 0x8410, 0x8410, 0x8410, 0x8410, 0x8410, 0x0000, 0x0000, 0x0000, 0x0000,
	0x0000, 0x0000, 0x0000, 0x0000, 0x0000, 0x0000, 0xffdf, 0x0000, 0x8410, 0x8410, 0x8410, 0x0000,
	0x0000, 0x0000, 0x0000, 0x0000, 0x0000, 0x0000, 0x0000, 0x0000, 0x0000, 0x0000, 0x0000, 0x0000,
	0x0000, 0x0000, 0x8410, 0xffdf, 0xc618, 0xc618, 0xc618, 0x8410, 0x8410, 0x8410, 0x8410, 0xc618,
	0x8410, 0x0000, 0x8410, 0x8410, 0x8410, 0x8410, 0x8410, 0x8410, 0x8410, 0x8410, 0x8410, 0x8410,
	0x8410, 0xc618, 0x8410, 0x8410, 0x8410, 0x8410, 0xc618, 0x8410, 0x0000, 0x8410, 0x0000, 0xc618,
	0xc618, 0xc618, 0xc618, 0xc618, 0xc618, 0xc618, 0xc618, 0xc618, 0xc618, 0xc618, 0xc618, 0xc618,
	0xc618, 0xc618, 0xc618, 0xc618, 0xc618, 0xc618, 0xc618, 0xc618, 0xc618, 0xc618, 0xc618, 0xc618,
	0xc618, 0xc618, 0xc618, 0xc618, 0xc618, 0xc618, 0xc618, 0xc618, 0x8410, 0x8410, 0x8410, 0x8410,
	0x8410, 0x8410, 0x8410, 0x8410, 0x8410, 0x8410, 0x8410, 0x8410, 0x8410, 0x8410, 0x8410, 0x8410,
	0x8410, 0x8410, 0x8410, 0x8410, 0x8410, 0x8410, 0x8410, 0x8410, 0x8410, 0x8410, 0x8410, 0x8410,
	0x8410, 0x8410, 0x8410, 0x8410, 0x0000, 0xc618, 0x0000, 0xc618, 0x0000, 0x0000, 0x0000, 0xc618,
	0x0000, 0x8410, 0x0000, 0x0000, 0x0000, 0x0000, 0x0000, 0x0000, 0x0000, 0x0000, 0x0000, 0xffdf,
	0x0000, 0x0000, 0x8410, 0x0000, 0x0000, 0x8410, 0x8410, 0x0000, 0x0000, 0x0000, 0x0000, 0x8410,
	0xc618, 0xc618, 0xc618, 0x8410, 0x0000, 0x8410, 0x8410, 0xc618, 0x8410, 0x8410, 0x8410, 0x8410,
	0x8410, 0x8410, 0x8410, 0x8410, 0x8410, 0x8410, 0x8410, 0x8410, 0x8410, 0xc618, 0x8410, 0x0000,
	0x8410, 0x8410, 0xc618, 0x8410, 0x8410, 0x0000, 0xc618, 0xc618, 0xc618, 0xc618, 0xc618, 0xc618,
	0xc618, 0xc618, 0xc618, 0xc618, 0xc618, 0xc618, 0xc618, 0xc618, 0xc618, 0xc618, 0xc618, 0xc618,
	0xc618, 0xc618, 0xc618, 0xc618, 0xc618, 0xc618, 0xc618, 0xc618, 0xc618, 0xc618, 0xc618, 0xc618,
	0xc618, 0xc618, 0xc618, 0xc618, 0x8410, 0x8410, 0x8410, 0x8410, 0x8410, 0x8410, 0x8410, 0x8410,
	0x8410, 0x8410, 0x8410, 0x8410, 0x8410, 0x8410, 0x8410, 0x8410, 0x8410, 0x8410, 0x8410, 0x8410,
	0x8410, 0x8410, 0x8410, 0x8410, 0x8410, 0x8410, 0x8410, 0x8410, 0x8410, 0x8410, 0x8410, 0x8410,
	0x0000, 0x0000, 0x0000, 0x8410, 0x0000, 0xc618, 0x0000, 0x0000, 0x0000, 0x8410, 0x0000, 0xc618,
	0x0000, 0xc618, 0x0000, 0x8410, 0x8410, 0x0000, 0x0000, 0x0000, 0x0000, 0x0000, 0x8410, 0x0000,
	0x0000, 0x0000, 0x0000, 0x8410, 0x8410, 0xffdf, 0x8410, 0x8410, 0x8410, 0x8410, 0x8410, 0x8410,
	0x8410, 0x8410, 0x8410, 0xc618, 0x8410, 0x0000, 0x8410, 0x8410, 0x8410, 0x8410, 0x8410, 0x8410,
	0x8410, 0x8410, 0x8410, 0x8410, 0x8410, 0xc618, 0x8410, 0x8410, 0x8410, 0x8410, 0xc618, 0x8410,
	0x8410, 0x8410, 0x8410, 0x8410, 0x8410, 0x8410, 0x8410, 0x8410, 0x8410, 0x8410, 0x8410, 0x8410,
	0x8410, 0x8410, 0x8410, 0x8410, 0x8410, 0x8410, 0x8410, 0x8410, 0x8410, 0x8410, 0x8410, 0x8410,
	0x8410, 0x8410, 0x8410, 0x8410, 0x8410, 0x8410, 0x8410, 0x8410, 0x8410, 0x8410, 0x8410, 0x8410,
	0x8410, 0x8410, 0x8410, 0x8410, 0x8410, 0x8410, 0x8410, 0x8410, 0x8410, 0x8410, 0x8410, 0x8410,
	0x8410, 0x8410, 0x8410, 0x8410, 0x8410, 0x8410, 0x8410, 0x8410, 0x8410, 0x8410, 0x8410, 0x8410,
	0x8410, 0x8410, 0x8410, 0x8410, 0x8410, 0x8410, 0x8410, 0x8410, 0x0000, 0xc618, 0xffdf, 0x8410,
	0x0000, 0x0000, 0x8410, 0x0000, 0x0000, 0x0000, 0x0000, 0x0000, 0x0000, 0x0000, 0x0000, 0x0000,
	0x8410, 0x8410, 0x0000, 0x0000, 0x0000, 0x8410, 0x8410, 0x0000, 0x0000, 0x0000, 0x0000, 0x0000,
	0xc618, 0x0000, 0x0000, 0x0000, 0x0000, 0x8410, 0x0000, 0x8410, 0x0000, 0x8410, 0x8410, 0xc618,
	0x8410, 0x8410, 0x8410, 0x8410, 0x8410, 0x8410, 0x8410, 0x8410, 0x8410, 0x8410, 0x8410, 0x8410,
	0x8410, 0xc618, 0x8410, 0x0000, 0x8410, 0x8410, 0xc618, 0x8410, 0x0000, 0x8410, 0x0000, 0x8410,
	0x0000, 0x8410, 0x0000, 0x8410, 0x0000, 0x8410, 0x0000, 0x8410, 0x0000, 0x8410, 0x0000, 0x8410,
	0x0000, 0x8410, 0x0000, 0x8410, 0x0000, 0x8410, 0x0000, 0x8410, 0x0000, 0x8410, 0x0000, 0x8410,
	0x0000, 0x8410, 0x0000, 0x8410, 0x0000, 0x8410, 0x0000, 0x8410, 0x8410, 0x8410, 0x8410, 0x8410,
	0x8410, 0x8410, 0x8410, 0x8410, 0x8410, 0x8410, 0x8410, 0x8410, 0x8410, 0x8410, 0x8410, 0x8410,
	0x8410, 0x8410, 0x8410, 0x8410, 0x8410, 0x8410, 0x8410, 0x8410, 0x8410, 0x8410, 0x8410, 0x8410,
	0x8410, 0x8410, 0x8410, 0x8410, 0x0000, 0x0000, 0x8410, 0x8410, 0x0000, 0x0000, 0x8410, 0x0000,
	0xffdf, 0x0000, 0x8410, 0x8410, 0x0000, 0x0000, 0xffdf, 0x0000, 0xffdf, 0x0000, 0x8410, 0xc618,
	0x0000, 0x0000, 0x0000, 0xffdf, 0x0000, 0x0000, 0xc618, 0x0000, 0x0000, 0x0000, 0xc618, 0x0000,
	0x8410, 0x8410, 0x8410, 0x8410, 0x8410, 0x8410, 0x8410, 0xc618, 0x8410, 0x0000, 0x8410, 0x8410,
	0x8410, 0x8410, 0x8410, 0x8410, 0x8410, 0x8410, 0x8410, 0x8410, 0x8410, 0xc618, 0x8410, 0x8410,
	0x8410, 0x8410, 0x8410, 0x8410, 0x8410, 0x8410, 0x8410, 0x8410, 0x8410, 0x8410, 0x8410, 0x8410,
	0x8410, 0x8410, 0x8410, 0x8410, 0x8410, 0x8410, 0x8410, 0x8410, 0x8410, 0x8410, 0x8410, 0x8410,
	0x8410, 0x8410, 0x8410, 0x8410, 0x8410, 0x8410, 0x8410, 0x8410, 0x8410, 0x8410, 0x8410, 0x8410,
	0x8410, 0x8410, 0x8410, 0x8410, 0x8410, 0x8410, 0x8410, 0x8410, 0x8410, 0x8410, 0x8410, 0x8410,
	0x8410, 0x8410, 0x8410, 0x8410, 0x8410, 0x8410, 0x8410, 0x8410, 0x8410, 0x8410, 0x8410, 0x8410,
	0x8410, 0x8410, 0x8410, 0x8410, 0x8410, 0x8410, 0x8410, 0x8410, 0x8410, 0x8410, 0x8410, 0x8410,
	0x0000, 0x0000, 0x8410, 0x0000, 0x0000, 0x0000, 0x8410, 0x0000, 0x0000, 0x0000, 0x0000, 0x8410,
	0x0000, 0x0000, 0x0000, 0x0000, 0x0000, 0x0000, 0x8410, 0x0000, 0x0000, 0x0000, 0x0000, 0x0000,
	0x8410, 0x0000, 0x0000, 0x0000, 0xc618, 0x0000, 0x0000, 0x0000, 0x8410, 0x8410, 0x8410, 0x8410,
	0x8410, 0x8410, 0x8410, 0xc618, 0x8410, 0x8410, 0x8410, 0x8410, 0x8410, 0x8410, 0x8410, 0x8410,
	0x8410, 0x8410, 0x8410, 0x8410, 0x8410, 0xc618, 0x8410, 0x0000, 0x8410, 0x8410, 0x8410, 0x8410,
	0x8410, 0x8410, 0x8410, 0x8410, 0x8410, 0x8410, 0x8410, 0x8410, 0x8410, 0x8410, 0x8410, 0x8410,
	0x8410, 0x8410, 0x8410, 0x8410, 0x8410, 0x8410, 0x8410, 0x8410, 0x8410, 0x8410, 0x8410, 0x8410,
	0x8410, 0x8410, 0x8410, 0x8410, 0x8410, 0x8410, 0x8410, 0x8410, 0x8410, 0x8410, 0x8410, 0x8410,
	0x8410, 0x8410, 0x8410, 0x8410, 0x8410, 0x8410, 0x8410, 0x8410, 0x8410, 0x8410, 0x8410, 0x8410,
	0x8410, 0x8410, 0x8410, 0x8410, 0x8410, 0x8410, 0x8410, 0x8410, 0x8410, 0x8410, 0x8410, 0x8410,
	0x8410, 0x8410, 0x8410, 0x8410, 0x8410, 0x8410, 0x8410, 0x8410, 0xc618, 0x0000, 0x8410, 0x0000,
	0x0000, 0x0000, 0x0000, 0x0000, 0x0000, 0x0000, 0xc618, 0x0000, 0x0000, 0xc618, 0x8410, 0x0000,
	0xc618, 0x0000, 0x8410, 0x0000, 0xc618, 0x0000, 0x0000, 0x8410, 0x8410, 0x0000, 0x0000, 0x8410,
	0x0000, 0x0000, 0x8410, 0x0000, 0xc618, 0xc618, 0xc618, 0xc618, 0xc618, 0xc618, 0xc618, 0xc618,
	0x8410, 0x0000, 0x8410, 0x8410, 0x8410, 0x8410, 0x8410, 0x8410, 0x8410, 0x8410, 0x8410, 0x8410,
	0x8410, 0xc618, 0xc618, 0xc618, 0xc618, 0xc618, 0xc618, 0xc618, 0xc618, 0xc618, 0xc618, 0xc618,
	0xc618, 0xc618, 0xc618, 0xc618, 0xc618, 0xc618, 0xc618, 0xc618, 0xc618, 0xc618, 0xc618, 0xc618,
	0xc618, 0xc618, 0xc618, 0xc618, 0xc618, 0xc618, 0xc618, 0xc618, 0xc618, 0xc618, 0xc618, 0xc618,
	0xc618, 0xc618, 0xc618, 0xc618, 0xc618, 0xc618, 0xc618, 0xc618, 0x8410, 0x8410, 0x8410, 0x8410,
	0x8410, 0x8410, 0x8410, 0x8410, 0x8410, 0x8410, 0x8410, 0x8410, 0x8410, 0x8410, 0x8410, 0x8410,
	0x8410, 0x8410, 0x8410, 0x8410, 0x8410, 0x8410, 0x8410, 0x8410, 0x8410, 0x8410, 0x8410, 0x8410,
	0x8410, 0x8410, 0x8410, 0x8410, 0x0000, 0x0000, 0x0000, 0x0000, 0x0000, 0xffdf, 0x0000, 0xc618,
	0x0000, 0x0000, 0x0000, 0x0000, 0x0000, 0x0000, 0x8410, 0x0000, 0x0000, 0x0000, 0x0000, 0x0000,
	0x0000, 0x8410, 0x0000, 0x0000, 0x0000, 0x0000, 0xffdf, 0x8410, 0x0000, 0x0000, 0x8410, 0x0000,
	0x8410, 0x8410, 0x8410, 0x8410, 0x8410, 0x8410, 0x8410, 0x8410, 0x8410, 0x8410, 0x8410, 0x8410,
	0x8410, 0x8410, 0x8410, 0x8410, 0x8410, 0x8410, 0x8410, 0x8410, 0x8410, 0x8410, 0x8410, 0x8410,
	0x8410, 0x8410, 0x8410, 0x8410, 0x8410, 0x8410, 0x8410, 0x8410, 0x8410, 0x8410, 0x8410, 0x8410,
	0x8410, 0x8410, 0x8410, 0x8410, 0x8410, 0x8410, 0x8410, 0x8410, 0x8410, 0x8410, 0x8410, 0x8410,
	0x8410, 0x8410, 0x8410, 0x8410, 0x8410, 0x8410, 0x8410, 0x8410, 0x8410, 0x8410, 0x8410, 0x8410,
	0x8410, 0x8410, 0x8410, 0x8410, 0x8410, 0x8410, 0x8410, 0x8410, 0x8410, 0x8410, 0x8410, 0x8410,
	0x8410, 0x8410, 0x8410, 0x8410, 0x8410, 0x8410, 0x8410, 0x8410, 0x8410, 0x8410, 0x8410, 0x8410,
	0x8410, 0x8410, 0x8410, 0x8410, 0x8410, 0x8410, 0x8410, 0x8410, 0x8410, 0x8410, 0x8410, 0x8410,
	0x0000, 0x0000, 0x0000, 0x0000, 0x8410, 0x0000, 0x0000, 0x0000, 0x0000, 0x8410, 0x8410, 0x8410,
	0x0000, 0x0000, 0x8410, 0x0000, 0xc618, 0x0000, 0x0000, 0x0000, 0x0000, 0x8410, 0x0000, 0x0000,
	0xc618, 0x0000, 0x0000, 0x0000, 0x0000, 0x0000, 0x8410, 0x0000, 0x8410, 0x0000, 0x8410, 0x0000,
	0x8410, 0x0000, 0x8410, 0x0000, 0x8410, 0x0000, 0x8410, 0x8410, 0x8410, 0x8410, 0x8410, 0x8410,
	0x8410, 0x8410, 0x8410, 0x8410, 0x8410, 0x0000, 0x8410, 0x0000, 0x8410, 0x0000, 0x8410, 0x0000,
	0x8410, 0x0000, 0x8410, 0x0000, 0x8410, 0x0000, 0x8410, 0x0000, 0x8410, 0x0000, 0x8410, 0x0000,
	0x8410, 0x0000, 0x8410, 0x0000, 0x8410, 0x0000, 0x8410, 0x0000, 0x8410, 0x0000, 0x8410, 0x0000,
	0x8410, 0x0000, 0x8410, 0x0000, 0x8410, 0x0000, 0x8410, 0x0000, 0x8410, 0x0000, 0x8410, 0x0000,
	0x8410, 0x8410, 0x8410, 0x8410, 0x8410, 0x8410, 0x8410, 0x8410, 0x8410, 0x8410, 0x8410, 0x8410,
	0x8410, 0x8410, 0x8410, 0x8410, 0x8410, 0x8410, 0x8410, 0x8410, 0x8410, 0x8410, 0x8410, 0x8410,
	0x8410, 0x8410, 0x8410, 0x8410, 0x8410, 0x8410, 0x8410, 0x8410, 0x0000, 0xffdf, 0x0000, 0x0000,
	0x0000, 0x0000, 0xc618, 0x0000, 0x8410, 0x8410, 0x0000, 0x0000, 0x0000, 0x0000, 0x8410, 0x0000,
	0x0000, 0x0000, 0x8410, 0x0000, 0x0000, 0x8410, 0x8410, 0x8410, 0x0000, 0x0000, 0x0000, 0x0000,
	0xffdf, 0x0000, 0x8410, 0x8410, 0x8410, 0x8410, 0x8410, 0x8410, 0x8410, 0x8410, 0x8410, 0x8410,
	0x8410, 0x8410, 0x8410, 0x8410, 0x8410, 0x8410, 0x8410, 0x8410, 0x8410, 0x8410, 0x8410, 0x8410,
	0x8410, 0x8410, 0x8410, 0x8410, 0x8410, 0x8410, 0x8410, 0x8410, 0x8410, 0x8410, 0x8410, 0x8410,
	0x8410, 0x8410, 0x8410, 0x8410, 0x8410, 0x8410, 0x8410, 0x8410, 0x8410, 0x8410, 0x8410, 0x8410,
	0x8410, 0x8410, 0x8410, 0x8410, 0x8410, 0x8410, 0x8410, 0x8410, 0x8410, 0x8410, 0x8410, 0x8410,
	0x8410, 0x8410, 0x8410, 0x8410, 0x8410, 0x8410, 0x8410, 0x8410, 0x8410, 0x8410, 0x8410, 0x8410,
	0x8410, 0x8410, 0x8410, 0x8410, 0x8410, 0x8410, 0x8410, 0x8410, 0x8410, 0x8410, 0x8410, 0x8410,
	0x8410, 0x8410, 0x8410, 0x8410, 0x8410, 0x8410, 0x8410, 0x8410, 0x8410, 0x8410, 0x8410, 0x8410,
	0x8410, 0x8410, 0x8410, 0x8410, 0x0000, 0x0000, 0x0000, 0x0000, 0xc618, 0x0000, 0x0000, 0x0000,
	0x0000, 0x0000, 0x0000, 0xc618, 0x0000, 0x8410, 0xffdf, 0xffdf, 0x0000, 0x0000, 0x8410, 0x0000,
	0x0000, 0x0000, 0x0000, 0xffdf, 0x0000, 0x0000, 0x8410, 0x0000, 0x0000, 0x0000, 0x0000, 0x0000,
	0x8410, 0x8410, 0x8410, 0x8410, 0x8410, 0x8410, 0x8410, 0x8410, 0x8410, 0x8410, 0x8410, 0x8410,
	0x8410, 0x8410, 0x8410, 0x8410, 0x8410, 0x8410, 0x8410, 0x8410, 0x8410, 0x8410, 0x8410, 0x8410,
	0x8410, 0x8410, 0x8410, 0x8410, 0x8410, 0x8410, 0x8410, 0x8410, 0x8410, 0x8410, 0x8410, 0x8410,
	0x8410, 0x8410, 0x8410, 0x8410, 0x8410, 0x8410, 0x8410, 0x8410, 0x8410, 0x8410, 0x8410, 0x8410,
	0x8410, 0x8410, 0x8410, 0x8410, 0x8410, 0x8410, 0x8410, 0x8410, 0x8410, 0x8410, 0x8410, 0x8410,
	0x8410, 0x8410, 0x8410, 0x8410, 0x8410, 0x8410, 0x8410, 0x8410, 0x8410, 0x8410, 0x8410, 0x8410,
	0x8410, 0x8410, 0x8410, 0x8410, 0x8410, 0x8410, 0x8410, 0x8410, 0x8410, 0x8410, 0x8410, 0x8410,
	0x8410, 0x8410, 0x8410, 0x8410, 0x8410, 0x8410, 0x8410, 0x8410, 0x8410, 0x8410, 0x8410, 0x8410,
	0x0000, 0xc618, 0x0000, 0x8410, 0x0000, 0x0000, 0xffdf, 0x8410, 0x0000, 0x0000, 0x0000, 0x0000,
	0xc618, 0x0000, 0x0000, 0x0000, 0x0000, 0x0000, 0x0000, 0x0000, 0x0000, 0xc618, 0x0000, 0x0000,
	0x0000, 0x0000, 0x8410, 0x0000, 0x0000, 0x0000, 0xc618, 0x0000, 0x8410, 0x8410, 0x8410, 0x8410,
	0x8410, 0x8410, 0x8410, 0x8410, 0x8410, 0x8410, 0x8410, 0x8410, 0x8410, 0x8410, 0x8410, 0x8410,
	0x8410, 0x8410, 0x8410, 0x8410, 0x8410, 0x8410, 0x8410, 0x8410, 0x8410, 0x8410, 0x8410, 0x8410,
	0x8410, 0x8410, 0x8410, 0x8410, 0x8410, 0x8410, 0x8410, 0x8410, 0x8410, 0x8410, 0x8410, 0x8410,
	0x8410, 0x8410, 0x8410, 0x8410, 0x8410, 0x8410, 0x8410, 0x8410, 0x8410, 0x8410, 0x8410, 0x8410,
	0x8410, 0x8410, 0x8410, 0x8410, 0x8410, 0x8410, 0x8410, 0x8410, 0x8410, 0x8410, 0x8410, 0x8410,
	0x8410, 0x8410, 0x8410, 0x8410, 0x8410, 0x8410, 0x8410, 0x8410, 0x8410, 0x8410, 0x8410, 0x8410,
	0x8410, 0x8410, 0x8410, 0x8410, 0x8410, 0x8410, 0x8410, 0x8410, 0x8410, 0x8410, 0x8410, 0x8410,
	0x8410, 0x8410, 0x8410, 0x8410, 0x8410, 0x8410, 0x8410, 0x8410, 0x0000, 0x0000, 0x0000, 0x8410,
	0x0000, 0xc618, 0xffdf, 0x8410, 0x0000, 0x0000, 0xffdf, 0x8410, 0x0000, 0x0000, 0x0000, 0xffdf,
	0x0000, 0x0000, 0x8410, 0xc618, 0x0000, 0x0000, 0x0000, 0x0000, 0xc618, 0x0000, 0x8410, 0x0000,
	0xc618, 0x0000, 0x0000, 0x0000, 0x8410, 0x8410, 0x8410, 0x8410, 0x8410, 0x8410, 0x8410, 0x8410,
	0x8410, 0x8410, 0x8410, 0x8410, 0x8410, 0x8410, 0x8410, 0x8410, 0x8410, 0x8410, 0x8410, 0x8410,
	0x8410, 0x8410, 0x8410, 0x8410, 0x8410, 0x8410, 0x8410, 0x8410, 0x8410, 0x8410, 0x8410, 0x8410,
	0x8410, 0x8410, 0x8410, 0x8410, 0x8410, 0x8410, 0x8410, 0x8410, 0x8410, 0x8410, 0x8410, 0x8410,
	0x8410, 0x8410, 0x8410, 0x8410, 0x8410, 0x8410, 0x8410, 0x8410, 0x8410, 0x8410, 0x8410, 0x8410,
	0x8410, 0x8410, 0x8410, 0x8410, 0x8410, 0x8410, 0x8410, 0x8410, 0x8410, 0x8410, 0x8410, 0x8410,
	0x8410, 0x8410, 0x8410, 0x8410, 0x8410, 0x8410, 0x8410, 0x8410, 0x8410, 0x8410, 0x8410, 0x8410,
	0x8410, 0x8410, 0x8410, 0x8410, 0x8410, 0x8410, 0x8410, 0x8410, 0x8410, 0x8410, 0x8410, 0x8410,
	0x8410, 0x8410, 0x8410, 0x8410, 0x0000, 0x0000, 0x8410, 0x8410, 0x0000, 0x0000, 0x0000, 0x8410,
	0x0000, 0x0000, 0xffdf, 0x0000, 0x0000, 0x0000, 0x0000, 0x0000, 0x0000, 0x0000, 0x0000, 0x0000,
	0x0000, 0x8410, 0x8410, 0xffdf, 0x0000, 0x8410, 0xffdf, 0x0000, 0x0000, 0x0000, 0x8410, 0x0000,
	0x8410, 0x8410, 0x8410, 0x8410, 0x8410, 0x8410, 0x8410, 0x8410, 0x8410, 0x8410, 0x8410, 0x8410,
	0x8410, 0x8410, 0x8410, 0x8410, 0x8410, 0x8410, 0x8410, 0x8410, 0x8410, 0x8410, 0x8410, 0x8410,
	0x8410, 0x8410, 0x8410, 0x8410, 0x8410, 0x8410, 0x8410, 0x8410, 0x8410, 0x8410, 0x8410, 0x8410,
	0x8410, 0x8410, 0x8410, 0x8410, 0x8410, 0x8410, 0x8410, 0x8410, 0x8410, 0x8410, 0x8410, 0x8410,
	0x8410, 0x8410, 0x8410, 0x8410, 0x8410, 0x8410, 0x8410, 0x8410, 0x8410, 0x8410, 0x8410, 0x8410,
	0x8410, 0x8410, 0x8410, 0x8410, 0x8410, 0x8410, 0x8410, 0x8410, 0x8410, 0x8410, 0x8410, 0x8410,
	0x8410, 0x8410, 0x8410, 0x8410, 0x8410, 0x8410, 0x8410, 0x8410, 0x8410, 0x8410, 0x8410, 0x8410,
	0x8410, 0x8410, 0x8410, 0x8410, 0x8410, 0x8410, 0x8410, 0x8410, 0x8410, 0x8410, 0x8410, 0x8410,
	0x0000, 0x0000, 0x0000, 0xffdf, 0x0000, 0xc618, 0x0000, 0x0000, 0x0000, 0x0000, 0x0000, 0x0000,
	0x0000, 0x8410, 0x8410, 0x0000, 0x0000, 0x0000, 0x0000, 0xffdf, 0x8410, 0x8410, 0x0000, 0x0000,
	0x0000, 0x0000, 0x0000, 0x0000, 0xffdf, 0x8410, 0x8410, 0x0000, 0x8410, 0x8410, 0x8410, 0x8410,
	0x8410, 0x8410, 0x8410, 0x8410, 0x8410, 0x8410, 0x8410, 0x8410, 0x8410, 0x8410, 0x8410, 0x8410,
	0x8410, 0x8410, 0x8410, 0x8410, 0x8410, 0x8410, 0x8410, 0x8410, 0x8410, 0x8410, 0x8410, 0x8410,
	0x8410, 0x8410, 0x8410, 0x8410, 0x8410, 0x8410, 0x8410, 0x8410, 0x8410, 0x8410, 0x8410, 0x8410,
	0x8410, 0x8410, 0x8410, 0x8410, 0x8410, 0x8410, 0x8410, 0x8410, 0x8410, 0x8410, 0x8410, 0x8410,
	0x8410, 0x8410, 0x8410, 0x8410, 0x8410, 0x8410, 0x8410, 0x8410, 0x8410, 0x8410, 0x8410, 0x8410,
	0x8410, 0x8410, 0x8410, 0x8410, 0x8410, 0x8410, 0x8410, 0x8410, 0x8410, 0x8410, 0x8410, 0x8410,
	0x8410, 0x8410, 0x8410, 0x8410, 0x8410, 0x8410, 0x8410, 0x8410, 0x8410, 0x8410, 0x8410, 0x8410,
	0x8410, 0x8410, 0x8410, 0x8410, 0x8410, 0x8410, 0x8410, 0x8410, 0x0000, 0x0000, 0x0000, 0x0000,
	0x0000, 0x0000, 0x0000, 0x8410, 0x8410, 0x8410, 0x8410, 0x0000, 0xc618, 0x0000, 0x8410, 0x8410,
	0x0000, 0xffdf, 0x0000, 0x0000, 0x0000, 0x0000, 0x0000, 0x0000, 0x0000, 0x0000, 0xc618, 0x0000,
	0x0000, 0x0000, 0x0000, 0x0000, 0x8410, 0x8410, 0x8410, 0x8410, 0x8410, 0x8410, 0x8410, 0x8410,
	0x8410, 0x8410, 0x8410, 0x8410, 0x8410, 0x8410, 0x8410, 0x8410, 0x8410, 0x8410, 0x8410, 0x8410,
	0x8410, 0x8410, 0x8410, 0x8410, 0x8410, 0x8410, 0x8410, 0x8410, 0x8410, 0x8410, 0x8410, 0x8410,
	0x8410, 0x8410, 0x8410, 0x8410, 0x8410, 0x8410, 0x8410, 0x8410, 0x8410, 0x8410, 0x8410, 0x8410,
	0x8410, 0x8410, 0x8410, 0x8410, 0x8410, 0x8410, 0x8410, 0x8410, 0x8410, 0x8410, 0x8410, 0x8410,
	0x8410, 0x8410, 0x8410, 0x8410, 0x8410, 0x8410, 0x8410, 0x8410, 0x8410, 0x8410, 0x8410, 0x8410,
	0x8410, 0x8410, 0x8410, 0x8410, 0x8410, 0x8410, 0x8410, 0x8410, 0x8410, 0x8410, 0x8410, 0x8410,
	0x8410, 0x8410, 0x8410, 0x8410, 0x8410, 0x8410, 0x8410, 0x8410, 0x8410, 0x8410, 0x8410, 0x8410,
	0x8410, 0x8410, 0x8410, 0x8410, 0x0000, 0xffdf, 0x0000, 0x0000, 0x0000, 0x0000, 0xc618, 0x0000,
	0x0000, 0x0000, 0x8410, 0x0000, 0x0000, 0x0000, 0x0000, 0x0000, 0x0000, 0x0000, 0x8410, 0x0000,
	0xc618, 0x0000, 0x0000, 0x0000, 0x8410, 0x0000, 0x0000, 0x0000, 0x0000, 0x0000, 0x0000, 0x0000,
	0x8410, 0x8410, 0x8410, 0x8410, 0x8410, 0x8410, 0x8410, 0x8410, 0x8410, 0x8410, 0x8410, 0x8410,
	0x8410, 0x8410, 0x8410, 0x8410, 0x8410, 0x8410, 0x8410, 0x8410, 0x8410, 0x8410, 0x8410, 0x8410,
	0x8410, 0x8410, 0x8410, 0x8410, 0x8410, 0x8410, 0x8410, 0x8410, 0x8410, 0x8410, 0x8410, 0x8410,
	0x8410, 0x8410, 0x8410, 0x8410, 0x8410, 0x8410, 0x8410, 0x8410, 0x8410, 0x8410, 0x8410, 0x8410,
	0x8410, 0x8410, 0x8410, 0x8410, 0x8410, 0x8410, 0x8410, 0x8410, 0x8410, 0x8410, 0x8410, 0x8410,
	0x8410, 0x8410, 0x8410, 0x8410, 0x8410, 0x8410, 0x8410, 0x8410, 0x8410, 0x8410, 0x8410, 0x8410,
	0x8410, 0x8410, 0x8410, 0x8410, 0x8410, 0x8410, 0x8410, 0x8410, 0x8410, 0x8410, 0x8410, 0x8410,
	0x8410, 0x8410, 0x8410, 0x8410, 0x8410, 0x8410, 0x8410, 0x8410, 0x8410, 0x8410, 0x8410, 0x8410,
	0x0000, 0x0000, 0x0000, 0x0000, 0x8410, 0x0000, 0x0000, 0x0000, 0x8410, 0x8410, 0x8410, 0x0000,
	0x0000, 0xc618, 0x0000, 0x0000, 0x0000, 0x0000, 0x8410, 0x0000, 0x0000, 0xc618, 0x0000, 0x8410,
	0x8410, 0x0000, 0x0000, 0x0000, 0x8410, 0x8410, 0x0000, 0x0000, 0x8410, 0x8410, 0x8410, 0x8410,
	0x8410, 0x8410, 0x8410, 0x8410, 0x8410, 0x8410, 0x8410, 0x8410, 0x8410, 0x8410, 0x8410, 0x8410,
	0x8410, 0x8410, 0x8410, 0x8410, 0x8410, 0x8410, 0x8410, 0x8410, 0x8410, 0x8410, 0x8410, 0x8410,
	0x8410, 0x8410, 0x8410, 0x8410, 0x8410, 0x8410, 0x8410, 0x8410, 0x8410, 0x8410, 0x8410, 0x8410,
	0x8410, 0x8410, 0x8410, 0x8410, 0x8410, 0x8410, 0x8410, 0x8410, 0x8410, 0x8410, 0x8410, 0x8410,
	0x8410, 0x8410, 0x8410, 0x8410, 0x8410, 0x8410, 0x8410, 0x8410, 0x8410, 0x8410, 0x8410, 0x8410,
	0x8410, 0x8410, 0x8410, 0x8410, 0x8410, 0x8410, 0x8410, 0x8410, 0x8410, 0x8410, 0x8410, 0x8410,
	0x8410, 0x8410, 0x8410, 0x8410, 0x8410, 0x8410, 0x8410, 0x8410, 0x8410, 0x8410, 0x8410, 0x8410,
	0x8410, 0x8410, 0x8410, 0x8410, 0x8410, 0x8410, 0x8410, 0x8410, 0x0000, 0x0000, 0x0000, 0x8410,
	0x8410, 0xc618, 0x0000, 0x0000, 0x0000, 0x0000, 0x0000, 0x0000, 0x0000, 0x0000, 0x0000, 0x8410,
	0x0000, 0x0000, 0x8410, 0x0000, 0x0000, 0x0000, 0x0000, 0x0000, 0x0000, 0xffdf, 0x0000, 0x0000,
	0x0000, 0x8410, 0x0000, 0x0000, 0x8410, 0x8410, 0x8410, 0x8410, 0x8410, 0x8410, 0x8410, 0x8410,
	0x8410, 0x8410, 0x8410, 0x8410, 0x8410, 0x8410, 0x8410, 0x8410, 0x8410, 0x8410, 0x8410, 0x8410,
	0x8410, 0x8410, 0x8410, 0x8410, 0x8410, 0x8410, 0x8410, 0x8410, 0x8410, 0x8410, 0x8410, 0x8410,
	0x8410, 0x8410, 0x8410, 0x8410, 0x8410, 0x8410, 0x8410, 0x8410, 0x8410, 0x8410, 0x8410, 0x8410,
	0x8410, 0x8410, 0x8410, 0x8410, 0x8410, 0x8410, 0x8410, 0x8410, 0x8410, 0x8410, 0x8410, 0x8410,
	0x8410, 0x8410, 0x8410, 0x8410, 0x8410, 0x8410, 0x8410, 0x8410, 0x8410, 0x8410, 0x8410, 0x8410,
	0x8410, 0x8410, 0x8410, 0x8410, 0x8410, 0x8410, 0x8410, 0x8410, 0x8410, 0x8410, 0x8410, 0x8410,
	0x8410, 0x8410, 0x8410, 0x8410, 0x8410, 0x8410, 0x8410, 0x8410, 0x8410, 0x8410, 0x8410, 0x8410,
	0x8410, 0x8410, 0x8410, 0x8410, 0x0000, 0x0000, 0x0000, 0x0000, 0x0000, 0x0000, 0x0000, 0x0000,
	0x0000, 0xffdf, 0x0000, 0x8410, 0x8410, 0x0000, 0x0000, 0x8410, 0x0000, 0x0000, 0x0000, 0xc618,
	0x0000, 0x0000, 0x0000, 0x0000, 0x8410, 0x0000, 0x8410, 0x0000, 0x0000, 0x8410, 0x8410, 0xffdf,
	0x8410, 0x8410, 0x8410, 0x8410, 0x8410, 0x8410, 0x8410, 0x8410, 0x8410, 0x8410, 0x8410, 0x8410,
	0x8410, 0x8410, 0x8410, 0x8410, 0x8410, 0x8410, 0x8410, 0x8410, 0x8410, 0x8410, 0x8410, 0x8410,
	0x8410, 0x8410, 0x8410, 0x8410, 0x8410, 0x8410, 0x8410, 0x8410, 0x8410, 0x8410, 0x8410, 0x8410,
	0x8410, 0x8410, 0x8410, 0x8410, 0x8410, 0x8410, 0x8410, 0x8410, 0x8410, 0x8410, 0x8410, 0x8410,
	0x8410, 0x8410, 0x8410, 0x8410, 0x8410, 0x8410, 0x8410, 0x8410, 0x8410, 0x8410, 0x8410, 0x8410,
	0x8410, 0x8410, 0x8410, 0x8410, 0x8410, 0x8410, 0x8410, 0x8410, 0x8410, 0x8410, 0x8410, 0x8410,
	0x8410, 0x8410, 0x8410, 0x8410, 0x8410, 0x8410, 0x8410, 0x8410, 0x8410, 0x8410, 0x8410, 0x8410,
	0x8410, 0x8410, 0x8410, 0x8410, 0x8410, 0x8410, 0x8410, 0x8410, 0x8410, 0x8410, 0x8410, 0x8410,
	0x0000, 0xc618, 0xc618, 0x0000, 0x0000, 0xc618, 0x0000, 0x8410, 0x0000, 0x0000, 0x0000, 0x0000,
	0xffdf, 0x0000, 0xffdf, 0x8410, 0x0000, 0xc618, 0x0000, 0x0000, 0x0000, 0x0000, 0xffdf, 0x0000,
	0x8410, 0x0000, 0x8410, 0x8410, 0x0000, 0x0000, 0x8410, 0x0000, 0xc618, 0xc618, 0xc618, 0xc618,
	0xc618, 0xc618, 0xc618, 0xc618, 0xc618, 0xc618, 0x8410, 0x8410, 0x8410, 0x8410, 0x8410, 0x8410,
	0x8410, 0x8410, 0x8410, 0x8410, 0x8410, 0xc618, 0xc618, 0xc618, 0xc618, 0xc618, 0xc618, 0xc618,
	0xc618, 0xc618, 0xc618, 0xc618, 0xc618, 0xc618, 0xc618, 0xc618, 0xc618, 0xc618, 0xc618, 0xc618,
	0xc618, 0xc618, 0xc618, 0xc618, 0xc618, 0xc618, 0xc618, 0xc618, 0xc618, 0xc618, 0xc618, 0xc618,
	0xc618, 0xc618, 0xc618, 0xc618, 0xc618, 0xc618, 0xc618, 0xc618, 0xc618, 0xc618, 0xc618, 0xc618,
	0x8410, 0x8410, 0x8410, 0x8410, 0x8410, 0x8410, 0x8410, 0x8410, 0x8410, 0x8410, 0x8410, 0x8410,
	0x8410, 0x8410, 0x8410, 0x8410, 0x8410, 0x8410, 0x8410, 0x8410, 0x8410, 0x8410, 0x8410, 0x8410,
	0x8410, 0x8410, 0x8410, 0x8410, 0x8410, 0x8410, 0x8410, 0x8410, 0x0000, 0x0000, 0x0000, 0x0000,
	0x0000, 0x0000, 0x8410, 0x8410, 0x0000, 0x0000, 0x8410, 0x0000, 0x0000, 0x0000, 0x0000, 0x8410,
	0x8410, 0x0000, 0x0000, 0xffdf, 0x0000, 0x0000, 0x0000, 0x0000, 0x8410, 0x0000, 0x0000, 0x8410,
	0x0000, 0x0000, 0x0000, 0x0000, 0x8410, 0x8410, 0x8410, 0x8410, 0x8410, 0x8410, 0x8410, 0x8410,
	0x8410, 0x8410, 0x8410, 0x8410, 0x8410, 0x8410, 0x8410, 0x8410, 0x8410, 0x8410, 0x8410, 0x8410,
	0x8410, 0xc618, 0x8410, 0x8410, 0x8410, 0x8410, 0x8410, 0x8410, 0x8410, 0x8410, 0x8410, 0x8410,
	0x8410, 0x8410, 0x8410, 0x8410, 0x8410, 0x8410, 0x8410, 0x8410, 0x8410, 0x8410, 0x8410, 0x8410,
	0x8410, 0x8410, 0x8410, 0x8410, 0x8410, 0x8410, 0x8410, 0x8410, 0x8410, 0x8410, 0x8410, 0x8410,
	0x8410, 0x8410, 0x8410, 0x8410, 0x8410, 0x8410, 0x8410, 0x8410, 0x8410, 0x8410, 0x8410, 0x8410,
	0x8410, 0x8410, 0x8410, 0x8410, 0x8410, 0x8410, 0x8410, 0x8410, 0x8410, 0x8410, 0x8410, 0x8410,
	0x8410, 0x8410, 0x8410, 0x8410, 0x8410, 0x8410, 0x8410, 0x8410, 0x8410, 0x8410, 0x8410, 0x8410,
	0x8410, 0x8410, 0x8410, 0x8410, 0x0000, 0x0000, 0x0000, 0xffdf, 0x8410, 0x8410, 0x8410, 0x0000,
	0x0000, 0x0000, 0x8410, 0x8410, 0x0000, 0xc618, 0x0000, 0x0000, 0x0000, 0x0000, 0x0000, 0x0000,
	0x0000, 0x0000, 0x8410, 0x0000, 0x8410, 0x0000, 0x0000, 0x0000, 0x0000, 0xffdf, 0x0000, 0x0000,
	0x0000, 0x8410, 0x0000, 0x8410, 0x0000, 0x8410, 0x0000, 0x8410, 0x0000, 0x0000, 0x8410, 0x8410,
	0x8410, 0x8410, 0x8410, 0x8410, 0x8410, 0x8410, 0x8410, 0x8410, 0x8410, 0xc618, 0x8410, 0x8410,
	0x0000, 0x8410, 0x0000, 0x8410, 0x0000, 0x8410, 0x0000, 0x8410, 0x0000, 0x8410, 0x0000, 0x8410,
	0x0000, 0x8410, 0x0000, 0x8410, 0x0000, 0x8410, 0x0000, 0x8410, 0x0000, 0x8410, 0x0000, 0x8410,
	0x0000, 0x8410, 0x0000, 0x8410, 0x0000, 0x8410, 0x0000, 0x8410, 0x0000, 0x8410, 0x0000, 0x8410,
	0x0000, 0x8410, 0x0000, 0x8410, 0x8410, 0x8410, 0x8410, 0x8410, 0x8410, 0x8410, 0x8410, 0x8410,
	0x8410, 0x8410, 0x8410, 0x8410, 0x8410, 0x8410, 0x8410, 0x8410, 0x8410, 0x8410, 0x8410, 0x8410,
	0x8410, 0x8410, 0x8410, 0x8410, 0x8410, 0x8410, 0x8410, 0x8410, 0x8410, 0x8410, 0x8410, 0x8410,
	0xc618, 0x0000, 0x0000, 0x0000, 0x0000, 0x0000, 0x0000, 0x0000, 0xffdf, 0x0000, 0x0000, 0x0000,
	0x0000, 0x0000, 0x0000, 0x0000, 0xc618, 0x0000, 0x8410, 0x0000, 0x0000, 0x0000, 0x8410, 0x0000,
	0x0000, 0x0000, 0x0000, 0x0000, 0x0000, 0x0000, 0x0000, 0x0000, 0x8410, 0x8410, 0x8410, 0x8410,
	0x8410, 0x8410, 0x8410, 0x8410, 0x8410, 0x8410, 0x8410, 0x8410, 0x8410, 0x8410, 0x8410, 0x8410,
	0x8410, 0x8410, 0x8410, 0x8410, 0x8410, 0xc618, 0x8410, 0x0000, 0x8410, 0x8410, 0x8410, 0x8410,
	0x8410, 0x8410, 0x8410, 0x8410, 0x8410, 0x8410, 0x8410, 0x8410, 0x8410, 0x8410, 0x8410, 0x8410,
	0x8410, 0x8410, 0x8410, 0x8410, 0x8410, 0x8410, 0x8410, 0x8410, 0x8410, 0x8410, 0x8410, 0x8410,
	0x8410, 0x8410, 0x8410, 0x8410, 0x8410, 0x8410, 0x8410, 0x8410, 0x8410, 0x8410, 0x8410, 0x8410,
	0x8410, 0x8410, 0x8410, 0x8410, 0x8410, 0x8410, 0x8410, 0x8410, 0x8410, 0x8410, 0x8410, 0x8410,
	0x8410, 0x8410, 0x8410, 0x8410, 0x8410, 0x8410, 0x8410, 0x8410, 0x8410, 0x8410, 0x8410, 0x8410,
	0x8410, 0x8410, 0x8410, 0x8410, 0x8410, 0x8410, 0x8410, 0x8410, 0x0000, 0x0000, 0x0000, 0x0000,
	0x0000, 0x0000, 0x0000, 0x0000, 0xffdf, 0x0000, 0x0000, 0x0000, 0x0000, 0x8410, 0x0000, 0x0000,
	0x0000, 0x0000, 0x8410, 0x8410, 0x0000, 0x8410, 0x8410, 0x0000, 0xffdf, 0x0000, 0xc618, 0x0000,
	0xffdf, 0x8410, 0x8410, 0x8410, 0x8410, 0x8410, 0x8410, 0x8410, 0x8410, 0x8410, 0x8410, 0x8410,
	0x8410, 0x0000, 0x8410, 0x8410, 0x8410, 0x8410, 0x8410, 0x8410, 0x8410, 0x8410, 0x8410, 0x8410,
	0x8410, 0xc618, 0x8410, 0x8410, 0x8410, 0x8410, 0x8410, 0x8410, 0x8410, 0x8410, 0x8410, 0x8410,
	0x8410, 0x8410, 0x8410, 0x8410, 0x8410, 0x8410, 0x8410, 0x8410, 0x8410, 0x8410, 0x8410, 0x8410,
	0x8410, 0x8410, 0x8410, 0x8410, 0x8410, 0x8410, 0x8410, 0x8410, 0x8410, 0x8410, 0x8410, 0x8410,
	0x8410, 0x8410, 0x8410, 0x8410, 0x8410, 0x8410, 0x8410, 0x8410, 0x8410, 0x8410, 0x8410, 0x8410,
	0x8410, 0x8410, 0x8410, 0x8410, 0x8410, 0x8410, 0x8410, 0x8410, 0x8410, 0x8410, 0x8410, 0x8410,
	0x8410, 0x8410, 0x8410, 0x8410, 0x8410, 0x8410, 0x8410, 0x8410, 0x8410, 0x8410, 0x8410, 0x8410,
	0x8410, 0x8410, 0x8410, 0x8410, 0x0000, 0x8410, 0x8410, 0x0000, 0x8410, 0x0000, 0x0000, 0x0000,
	0x0000, 0x8410, 0x0000, 0xc618, 0x0000, 0x8410, 0x0000, 0x8410, 0x0000, 0x0000, 0x0000, 0xffdf,
	0x0000, 0x0000, 0x0000, 0x0000, 0x0000, 0x0000, 0x0000, 0x0000, 0x0000, 0x0000, 0x0000, 0x0000,
	0xc618, 0xc618, 0xc618, 0xc618, 0xc618, 0xc618, 0xc618, 0xc618, 0x8410, 0x8410, 0x8410, 0x8410,
	0x8410, 0x8410, 0x8410, 0x8410, 0x8410, 0x8410, 0x8410, 0x8410, 0x8410, 0xc618, 0x8410, 0x0000,
	0x8410, 0x8410, 0xc618, 0xc618, 0xc618, 0xc618, 0xc618, 0xc618, 0xc618, 0xc618, 0xc618, 0xc618,
	0xc618, 0xc618, 0xc618, 0xc618, 0xc618, 0xc618, 0xc618, 0xc618, 0xc618, 0xc618, 0xc618, 0xc618,
	0xc618, 0xc618, 0xc618, 0xc618, 0xc618, 0xc618, 0xc618, 0xc618, 0xc618, 0xc618, 0xc618, 0xc618,
	0xc618, 0xc618, 0xc618, 0xc618, 0x8410, 0x8410, 0x8410, 0x8410, 0x8410, 0x8410, 0x8410, 0x8410,
	0x8410, 0x8410, 0x8410, 0x8410, 0x8410, 0x8410, 0x8410, 0x8410, 0x8410, 0x8410, 0x8410, 0x8410,
	0x8410, 0x8410, 0x8410, 0x8410, 0x8410, 0x8410, 0x8410, 0x8410, 0x8410, 0x8410, 0x8410, 0x8410,
	0x0000, 0x0000, 0x0000, 0xc618, 0x0000, 0x0000, 0xffdf, 0x0000, 0x0000, 0x8410, 0x0000, 0x0000,
	0x0000, 0x0000, 0x0000, 0x8410, 0x0000, 0x0000, 0xffdf, 0xffdf, 0x0000, 0x0000, 0x8410, 0x0000,
	0x0000, 0xc618, 0x0000, 0x0000, 0x0000, 0x0000, 0x8410, 0x8410, 0x8410, 0x8410, 0x8410, 0x8410,
	0x8410, 0x8410, 0x8410, 0xc618, 0x8410, 0x0000, 0x8410, 0x8410, 0x8410, 0x8410, 0x8410, 0x8410,
	0x8410, 0x8410, 0x8410, 0x8410, 0x8410, 0xc618, 0x8410, 0x8410, 0x8410, 0x8410, 0xc618, 0x8410,
	0x8410, 0x8410, 0x8410, 0x8410, 0x8410, 0x8410, 0x8410, 0x8410, 0x8410, 0x8410, 0x8410, 0x8410,
	0x8410, 0x8410, 0x8410, 0x8410, 0x8410, 0x8410, 0x8410, 0x8410, 0x8410, 0x8410, 0x8410, 0x8410,
	0x8410, 0x8410, 0x8410, 0x8410, 0x8410, 0x8410, 0x8410, 0x8410, 0x8410, 0x8410, 0x8410, 0x8410,
	0x8410, 0x8410, 0x8410, 0x8410, 0x8410, 0x8410, 0x8410, 0x8410, 0x8410, 0x8410, 0x8410, 0x8410,
	0x8410, 0x8410, 0x8410, 0x8410, 0x8410, 0x8410, 0x8410, 0x8410, 0x8410, 0x8410, 0x8410, 0x8410,
	0x8410, 0x8410, 0x8410, 0x8410, 0x8410, 0x8410, 0x8410, 0x8410, 0x0000, 0xffdf, 0x0000, 0x0000,
	0x0000, 0x8410, 0x8410, 0x0000, 0x0000, 0x8410, 0x8410, 0xc618, 0x0000, 0x0000, 0x0000, 0x8410,
	0x8410, 0x0000, 0x0000, 0x0000, 0x0000, 0x0000, 0x8410, 0x8410, 0x0000, 0x0000, 0x0000, 0xffdf,
	0x0000, 0x8410, 0x8410, 0x0000, 0x8410, 0x0000, 0x8410, 0x0000, 0x8410, 0x8410, 0x8410, 0xc618,
	0x8410, 0x8410, 0x8410, 0x8410, 0x8410, 0x8410, 0x8410, 0x8410, 0x8410, 0x8410, 0x8410, 0x8410,
	0x8410, 0xc618, 0x8410, 0x0000, 0x8410, 0x8410, 0xc618, 0x8410, 0x8410, 0x0000, 0x8410, 0x0000,
	0x8410, 0x0000, 0x8410, 0x0000, 0x8410, 0x0000, 0x8410, 0x0000, 0x8410, 0x0000, 0x8410, 0x0000,
	0x8410, 0x0000, 0x8410, 0x0000, 0x8410, 0x0000, 0x8410, 0x0000, 0x8410, 0x0000, 0x8410, 0x0000,
	0x8410, 0x0000, 0x8410, 0x0000, 0x8410, 0x0000, 0x8410, 0x0000, 0x8410, 0x8410, 0x8410, 0x8410,
	0x8410, 0x8410, 0x8410, 0x8410, 0x8410, 0x8410, 0x8410, 0x8410, 0x8410, 0x8410, 0x8410, 0x8410,
	0x8410, 0x8410, 0x8410, 0x8410, 0x8410, 0x8410, 0x8410, 0x8410, 0x8410, 0x8410, 0x8410, 0x8410,
	0x8410, 0x8410, 0x8410, 0x8410, 0xffdf, 0x0000, 0x0000, 0x0000, 0x0000, 0x0000, 0x0000, 0x0000,
	0x0000, 0x0000, 0x8410, 0x0000, 0x0000, 0x0000, 0xffdf, 0x0000, 0x8410, 0x0000, 0xc618, 0x0000,
	0x0000, 0x0000, 0x0000, 0x8410, 0x0000, 0xc618, 0x0000, 0x0000, 0x0000, 0x8410, 0x0000, 0x0000,
	0xc618, 0xc618, 0xc618, 0x8410, 0x8410, 0x8410, 0x8410, 0xc618, 0x8410, 0x0000, 0x8410, 0x8410,
	0x8410, 0x8410, 0x8410, 0x8410, 0x8410, 0x8410, 0x8410, 0x8410, 0x8410, 0xc618, 0x8410, 0x8410,
	0x8410, 0x8410, 0xc618, 0x8410, 0x0000, 0x8410, 0x0000, 0x8410, 0x0000, 0x8410, 0x0000, 0x8410,
	0x0000, 0x8410, 0x0000, 0x8410, 0x0000, 0x8410, 0x0000, 0x8410, 0x0000, 0x8410, 0x0000, 0x8410,
	0x0000, 0x8410, 0x0000, 0x8410, 0x0000, 0x8410, 0x0000, 0x8410, 0x0000, 0x8410, 0x0000, 0x8410,
	0x0000, 0x8410, 0x0000, 0x8410, 0x8410, 0x8410, 0x8410, 0x8410, 0x8410, 0x8410, 0x8410, 0x8410,
	0x8410, 0x8410, 0x8410, 0x8410, 0x8410, 0x8410, 0x8410, 0x8410, 0x8410, 0x8410, 0x8410, 0x8410,
	0x8410, 0x8410, 0x8410, 0x8410, 0x8410, 0x8410, 0x8410, 0x8410, 0x8410, 0x8410, 0x8410, 0x8410,
	0x0000, 0x0000, 0x8410, 0xffdf, 0x0000, 0x0000, 0x8410, 0x0000, 0x0000, 0x0000, 0xc618, 0x0000,
	0x0000, 0x0000, 0x0000, 0x0000, 0x0000, 0xffdf, 0x0000, 0x0000, 0x8410, 0xffdf, 0x0000, 0x0000,
	0x0000, 0x0000, 0x8410, 0x8410, 0x0000, 0x0000, 0x0000, 0x0000, 0xc618, 0xc618, 0xc618, 0x8410,
	0x0000, 0x8410, 0x8410, 0xc618, 0x8410, 0x8410, 0x8410, 0x8410, 0x8410, 0x8410, 0x8410, 0x8410,
	0x8410, 0x8410, 0x8410, 0x8410, 0x8410, 0xc618, 0x8410, 0x0000, 0x8410, 0x8410, 0xc618, 0x8410,
	0x8410, 0x0000, 0x8410, 0x0000, 0x8410, 0x0000, 0x8410, 0x0000, 0x8410, 0x0000, 0x8410, 0x0000,
	0x8410, 0x0000, 0x8410, 0x0000, 0x8410, 0x0000, 0x8410, 0x0000, 0x8410, 0x0000, 0x8410, 0x0000,
	0x8410, 0x0000, 0x8410, 0x0000, 0x8410, 0x0000, 0x8410, 0x0000, 0x8410, 0x0000, 0x8410, 0x0000,
	0x8410, 0x8410, 0x8410, 0x8410, 0x8410, 0x8410, 0x8410, 0x8410, 0x8410, 0x8410, 0x8410, 0x8410,
	0x8410, 0x8410, 0x8410, 0x8410, 0x8410, 0x8410, 0x8410, 0x8410, 0x8410, 0x8410, 0x8410, 0x8410,
	0x8410, 0x8410, 0x8410, 0x8410, 0x8410, 0x8410, 0x8410, 0x8410, 0x0000, 0x0000, 0x0000, 0x0000,
	0x0000, 0x0000, 0x0000, 0x0000, 0xc618, 0x0000, 0x0000, 0x0000, 0x0000, 0x8410, 0x0000, 0x0000,
	0x0000, 0x0000, 0x0000, 0x8410, 0x8410, 0x0000, 0x0000, 0x0000, 0x0000, 0x0000, 0x8410, 0x0000,
	0x0000, 0xc618, 0x0000, 0x0000, 0xc618, 0xc618, 0xc618, 0x8410, 0x8410, 0x8410, 0x8410, 0xc618,
	0x8410, 0x0000, 0x8410, 0x8410, 0x8410, 0x8410, 0x8410, 0x8410, 0x8410, 0x8410, 0x8410, 0x8410,
	0x8410, 0xc618, 0x8410, 0x8410, 0x8410, 0x8410, 0xc618, 0x8410, 0x0000, 0x8410, 0x0000, 0x8410,
	0x0000, 0x8410, 0x0000, 0x8410, 0x0000, 0x8410, 0x0000, 0x8410, 0x0000, 0x8410, 0x0000, 0x8410,
	0x0000, 0x8410, 0x0000, 0x8410, 0x0000, 0x8410, 0x0000, 0x8410, 0x0000, 0x8410, 0x0000, 0x8410,
	0x0000, 0x8410, 0x0000, 0x8410, 0x0000, 0x8410, 0x0000, 0x8410, 0x8410, 0x8410, 0x8410, 0x8410,
	0x8410, 0x8410, 0x8410, 0x8410, 0x8410, 0x8410, 0x8410, 0x8410, 0x8410, 0x8410, 0x8410, 0x8410,
	0x8410, 0x8410, 0x8410, 0x8410, 0x8410, 0x8410, 0x8410, 0x8410, 0x8410, 0x8410, 0x8410, 0x8410,
	0x8410, 0x8410, 0x8410, 0x8410, 0x0000, 0x0000, 0x0000, 0xc618, 0x0000, 0x0000, 0xc618, 0x0000,
	0x0000, 0x0000, 0x0000, 0x0000, 0x8410, 0x8410, 0x0000, 0xc618, 0x0000, 0x0000, 0x0000, 0x0000,
	0x8410, 0x0000, 0x0000, 0x0000, 0xc618, 0x0000, 0x0000, 0x0000, 0x0000, 0x0000, 0x0000, 0xc618,
	0xc618, 0xc618, 0xc618, 0x8410, 0x0000, 0x8410, 0x8410, 0xc618, 0x8410, 0x8410, 0x8410, 0x8410,
	0x8410, 0x8410, 0x8410, 0x8410, 0x8410, 0x8410, 0x8410, 0x8410, 0x8410, 0xc618, 0x8410, 0x0000,
	0x8410, 0x8410, 0xc618, 0x8410, 0x8410, 0x0000, 0x8410, 0x0000, 0xc618, 0xc618, 0xc618, 0xc618,
	0xc618, 0xc618, 0xc618, 0xc618, 0xc618, 0xc618, 0xc618, 0xc618, 0xc618, 0xc618, 0xc618, 0xc618,
	0xc618, 0xc618, 0xc618, 0xc618, 0xc618, 0xc618, 0xc618, 0xc618, 0xc618, 0xc618, 0xc618, 0xc618,
	0xc618, 0xc618, 0xc618, 0x0000, 0x0000, 0x0000, 0x0000, 0x0000, 0x0000, 0x0000, 0x0000, 0x0000,
	0x0000, 0x0000, 0x0000, 0x0000, 0x0000, 0x0000, 0x0000, 0x0000, 0x0000, 0x0000, 0x0000, 0x0000,
	0x0000, 0x0000, 0x0000, 0x0000, 0x0000, 0x0000, 0x0000, 0x0000, 0x0000, 0x0000, 0x0000, 0x0000,
	0x0000, 0x0000, 0x0000, 0x0000, 0x0000, 0x0000, 0x0000, 0x0000, 0x0000, 0x0000, 0x0000, 0x0000,
	0x0000, 0x0000, 0x0000, 0x0000, 0x0000, 0x0000, 0x0000, 0x0000, 0x0000, 0x0000, 0x0000, 0x0000,
	0x0000, 0x0000, 0x0000, 0x0000, 0x0000, 0x0000, 0x0000, 0x0000, 0xc618, 0xc618, 0xc618, 0x8410,
	0x8410, 0x8410, 0x8410, 0xc618, 0x8410, 0x0000, 0x8410, 0x8410, 0x8410, 0x8410, 0x8410, 0x8410,
	0x8410, 0x8410, 0x8410, 0x8410, 0x8410, 0xc618, 0x8410, 0x8410, 0x8410, 0x8410, 0xc618, 0x8410,
	0x0000, 0x8410, 0x0000, 0x8410, 0xc618, 0xc618, 0xc618, 0xc618, 0xc618, 0xc618, 0xc618, 0xc618,
	0xc618, 0xc618, 0xc618, 0xc618, 0xc618, 0xc618, 0xc618, 0xc618, 0xc618, 0xc618, 0xc618, 0xc618,
	0xc618, 0xc618, 0xc618, 0xc618, 0xc618, 0xc618, 0xc618, 0xc618, 0xc618, 0xc618, 0x0000, 0x8410,
	0x0000, 0xc618, 0xffdf, 0xffdf, 0xffdf, 0xffdf, 0x0000, 0x0000, 0x8410, 0xffdf, 0x0000, 0x0000,
	0x0000, 0x8410, 0xffdf, 0x0000, 0x0000, 0x8410, 0xffdf, 0xffdf, 0xffdf, 0xffdf, 0xffdf, 0x0000,
	0x8410, 0xffdf, 0xffdf, 0xffdf, 0xffdf, 0xffdf, 0x0000, 0x0000, 0x0000, 0x0000, 0x0000, 0x0000,
	0x0000, 0x0000, 0x0000, 0x0000, 0x0000, 0x0000, 0x0000, 0x0000, 0x0000, 0x0000, 0x0000, 0x0000,
	0x0000, 0x0000, 0x0000, 0x0000, 0x0000, 0x0000, 0x0000, 0x0000, 0x0000, 0x0000, 0x0000, 0x0000,
	0x0000, 0x0000, 0x0000, 0x0000, 0xc618, 0xc618, 0xc618, 0x8410, 0x0000, 0x8410, 0x8410, 0xc618,
	0x8410, 0x8410, 0x8410, 0x8410, 0x8410, 0x8410, 0x8410, 0x8410, 0x8410, 0x8410, 0x8410, 0x8410,
	0x8410, 0xc618, 0x8410, 0x0000, 0x8410, 0x8410, 0xc618, 0x8410, 0x8410, 0x0000, 0x8410, 0x0000,
	0xc618, 0xc618, 0xc618, 0xc618, 0xc618, 0xc618, 0xc618, 0xc618, 0xc618, 0xc618, 0xc618, 0xc618,
	0xc618, 0xc618, 0xc618, 0xc618, 0xc618, 0xc618, 0xc618, 0xc618, 0xc618, 0xc618, 0xc618, 0xc618,
	0xc618, 0xc618, 0xc618, 0xc618, 0xc618, 0x0000, 0x8410, 0x0000, 0x8410, 0xffdf, 0xc618, 0x8410,
	0x8410, 0xffdf, 0xffdf, 0x0000, 0x8410, 0xffdf, 0x0000, 0x0000, 0x0000, 0x8410, 0xffdf, 0x0000,
	0x0000, 0x8410, 0x8410, 0x8410, 0xffdf, 0xc618, 0xc618, 0x0000, 0x8410, 0x8410, 0x8410, 0x8410,
	0x8410, 0xffdf, 0xffdf, 0x0000, 0x0000, 0x0000, 0x0000, 0x0000, 0x0000, 0x0000, 0x0000, 0x0000,
	0x0000, 0x0000, 0x0000, 0x0000, 0x0000, 0x0000, 0x0000, 0x0000, 0x0000, 0x0000, 0x0000, 0x0000,
	0x0000, 0x0000, 0x0000, 0x0000, 0x0000, 0x0000, 0x0000, 0x0000, 0x0000, 0x0000, 0x0000, 0x0000,
	0xc618, 0xc618, 0xc618, 0x8410, 0x8410, 0x8410, 0x8410, 0xc618, 0x8410, 0x0000, 0x8410, 0x8410,
	0x8410, 0x8410, 0x8410, 0x8410, 0x8410, 0x8410, 0x8410, 0x8410, 0x8410, 0xc618, 0x8410, 0x8410,
	0x8410, 0x8410, 0xc618, 0x8410, 0x0000, 0x8410, 0x0000, 0x8410, 0xc618, 0xc618, 0xc618, 0x8410,
	0x8410, 0x8410, 0x8410, 0x8410, 0x8410, 0x8410, 0x8410, 0x8410, 0x8410, 0x8410, 0x8410, 0x8410,
	0x8410, 0x8410, 0x8410, 0x8410, 0x8410, 0x8410, 0x8410, 0x8410, 0x8410, 0x8410, 0x8410, 0x8410,
	0x0000, 0x8410, 0x0000, 0x8410, 0x8410, 0xffdf, 0x0000, 0x0000, 0x0000, 0x8410, 0xc618, 0x0000,
	0x8410, 0xffdf, 0x0000, 0x0000, 0x0000, 0x8410, 0xffdf, 0x0000, 0x0000, 0x0000, 0x0000, 0x8410,
	0xffdf, 0x0000, 0x0000, 0x0000, 0x0000, 0x0000, 0x0000, 0x0000, 0x0000, 0x8410, 0xffdf, 0x0000,
	0x0000, 0x0000, 0x0000, 0x0000, 0x0000, 0x0000, 0x0000, 0x0000, 0x0000, 0x0000, 0x0000, 0x0000,
	0x0000, 0x0000, 0x0000, 0x0000, 0x0000, 0x0000, 0x0000, 0x0000, 0x0000, 0x0000, 0x0000, 0x0000,
	0x0000, 0x0000, 0x0000, 0x0000, 0x0000, 0x0000, 0x0000, 0x0000, 0xc618, 0xc618, 0xc618, 0x8410,
	0x0000, 0x8410, 0x8410, 0xc618, 0x8410, 0x8410, 0x8410, 0x8410, 0x8410, 0x8410, 0x8410, 0x8410,
	0x8410, 0x8410, 0x8410, 0x8410, 0x8410, 0xc618, 0x8410, 0x0000, 0x8410, 0x8410, 0xc618, 0x8410,
	0x8410, 0x0000, 0x8410, 0x0000, 0xc618, 0xc618, 0xc618, 0x8410, 0x0000, 0x8410, 0x0000, 0x8410,
	0x0000, 0x8410, 0x0000, 0x8410, 0x0000, 0x8410, 0x0000, 0x8410, 0x0000, 0x8410, 0x0000, 0x8410,
	0x0000, 0x8410, 0x0000, 0x8410, 0x0000, 0x8410, 0x0000, 0x8410, 0x8410, 0x0000, 0x8410, 0x0000,
	0x8410, 0xffdf, 0x0000, 0x0000, 0x0000, 0x0000, 0x0000, 0x0000, 0x8410, 0xffdf, 0xffdf, 0xffdf,
	0x0000, 0x8410, 0xffdf, 0x0000, 0x0000, 0x0000, 0x0000, 0x8410, 0xffdf, 0x0000, 0x0000, 0x0000,
	0x8410, 0xffdf, 0xffdf, 0xffdf, 0x8410, 0x8410, 0x0000, 0x0000, 0x0000, 0x0000, 0x0000, 0x0000,
	0x0000, 0x0000, 0x0000, 0x0000, 0x0000, 0x0000, 0x0000, 0x0000, 0x0000, 0x0000, 0x0000, 0x0000,
	0x0000, 0x0000, 0x0000, 0x0000, 0x0000, 0x0000, 0x0000, 0x0000, 0x0000, 0x0000, 0x0000, 0x0000,
	0x0000, 0x0000, 0x0000, 0x0000, 0xc618, 0xc618, 0xc618, 0x8410, 0x8410, 0x8410, 0x8410, 0xc618,
	0x8410, 0x0000, 0x8410, 0x8410, 0x8410, 0x8410, 0x8410, 0x8410, 0x8410, 0x8410, 0x8410, 0x8410,
	0x8410, 0xc618, 0x8410, 0x8410, 0x8410, 0x8410, 0xc618, 0x8410, 0x0000, 0x8410, 0x0000, 0x8410,
	0xc618, 0xc618, 0xc618, 0x8410, 0x8410, 0x8410, 0x8410, 0x8410, 0x8410, 0x8410, 0x8410, 0x8410,
	0x8410, 0x8410, 0x8410, 0x8410, 0x8410, 0x8410, 0x8410, 0x8410, 0x8410, 0x8410, 0x8410, 0x8410,
	0x8410, 0x8410, 0xc618, 0x8410, 0x0000, 0x8410, 0x0000, 0x8410, 0x8410, 0xffdf, 0x0000, 0x0000,
	0x0000, 0xc618, 0xffdf, 0x0000, 0x8410, 0xffdf, 0x0000, 0x0000, 0x0000, 0x8410, 0xffdf, 0x0000,
	0x0000, 0x0000, 0x0000, 0x8410, 0xffdf, 0x0000, 0x0000, 0x0000, 0x8410, 0xffdf, 0x0000, 0x0000,
	0x0000, 0x0000, 0x0000, 0x0000, 0x0000, 0x0000, 0x0000, 0x0000, 0x0000, 0x0000, 0x0000, 0x0000,
	0x0000, 0x0000, 0x0000, 0x0000, 0x0000, 0x0000, 0x0000, 0x0000, 0x0000, 0x0000, 0x0000, 0x0000,
	0x0000, 0x0000, 0x0000, 0x0000, 0x0000, 0x0000, 0x0000, 0x0000, 0x0000, 0x0000, 0x0000, 0x0000,
	0xc618, 0xc618, 0xc618, 0x8410, 0x0000, 0x8410, 0x8410, 0xc618, 0x8410, 0x8410, 0x8410, 0x8410,
	0x8410, 0x8410, 0x8410, 0x8410, 0x8410, 0x8410, 0x8410, 0x8410, 0x8410, 0xc618, 0x8410, 0x0000,
	0x8410, 0x8410, 0xc618, 0x8410, 0x8410, 0x0000, 0x8410, 0x0000, 0xc618, 0xc618, 0xc618, 0x8410,
	0x0000, 0x8410, 0x8410, 0x8410, 0x8410, 0x8410, 0x8410, 0x8410, 0x8410, 0x8410, 0x8410, 0x8410,
	0x8410, 0x8410, 0x8410, 0x8410, 0x8410, 0x8410, 0x8410, 0x8410, 0x8410, 0x8410, 0xc618, 0x8410,
	0x8410, 0x0000, 0x8410, 0x0000, 0x8410, 0xffdf, 0xffdf, 0xffdf, 0xc618, 0xffdf, 0xffdf, 0x0000,
	0x8410, 0xffdf, 0x0000, 0x0000, 0x0000, 0x8410, 0xffdf, 0x0000, 0x0000, 0x8410, 0xc618, 0x8410,
	0xffdf, 0xffdf, 0xffdf, 0x0000, 0x8410, 0xffdf, 0x0000, 0x0000, 0x0000, 0x0000, 0x0000, 0x0000,
	0x0000, 0x0000, 0x0000, 0x0000, 0x0000, 0x0000, 0x0000, 0x0000, 0x0000, 0x0000, 0x0000, 0x0000,
	0x0000, 0x0000, 0x0000, 0x0000, 0x0000, 0x0000, 0x0000, 0x0000, 0x0000, 0x0000, 0x0000, 0x0000,
	0x0000, 0x0000, 0x0000, 0x0000, 0x0000, 0x0000, 0x0000, 0x0000, 0xc618, 0xc618, 0xc618, 0x8410,
	0x8410, 0x8410, 0x8410, 0xc618, 0x8410, 0x0000, 0x8410, 0x8410, 0x8410, 0x8410, 0x8410, 0x8410,
	0x8410, 0x8410, 0x8410, 0x8410, 0x8410, 0xc618, 0x8410, 0x8410, 0x8410, 0x8410, 0xc618, 0x8410,
	0x0000, 0x8410, 0x0000, 0x8410, 0xc618, 0xc618, 0xc618, 0x8410, 0x8410, 0x8410, 0x8410, 0xc618,
	0xc618, 0xc618, 0xc618, 0xc618, 0xc618, 0xc618, 0xc618, 0xc618, 0xc618, 0xc618, 0xc618, 0xc618,
	0xc618, 0xc618, 0xc618, 0x8410, 0x8410, 0x8410, 0xc618, 0x8410, 0x0000, 0x8410, 0x0000, 0x8410,
	0x0000, 0x8410, 0x8410, 0x8410, 0x8410, 0x8410, 0x0000, 0x0000, 0x8410, 0xc618, 0x0000, 0x0000,
	0x0000, 0x8410, 0xc618, 0x0000, 0x0000, 0x8410, 0x8410, 0x8410, 0x8410, 0x8410, 0xffdf, 0x0000,
	0x8410, 0xffdf, 0x0000, 0x0000, 0x0000, 0x0000, 0x0000, 0x0000, 0x0000, 0x0000, 0x0000, 0x0000,
	0x0000, 0x0000, 0x0000, 0x0000, 0x0000, 0x0000, 0x0000, 0x0000, 0x0000, 0x0000, 0x0000, 0x0000,
	0x0000, 0x0000, 0x0000, 0x0000, 0x0000, 0x0000, 0x0000, 0x0000, 0x0000, 0x0000, 0x0000, 0x0000,
	0x0000, 0x0000, 0x0000, 0x0000, 0xc618, 0xc618, 0xc618, 0x8410, 0x0000, 0x8410, 0x8410, 0xc618,
	0x8410, 0x8410, 0x8410, 0x8410, 0x8410, 0x8410, 0x8410, 0x8410, 0x8410, 0x8410, 0x8410, 0x8410,
	0x8410, 0xc618, 0x8410, 0x0000, 0x8410, 0x8410, 0xc618, 0x8410, 0x8410, 0x0000, 0x8410, 0x0000,
	0xc618, 0xc618, 0xc618, 0x8410, 0x0000, 0x8410, 0x8410, 0xc618, 0x8410, 0x8410, 0x8410, 0x8410,
	0x8410, 0x8410, 0x8410, 0x8410, 0x8410, 0x8410, 0x8410, 0x8410, 0x8410, 0x8410, 0x8410, 0x0000,
	0x8410, 0x8410, 0xc618, 0x8410, 0x8410, 0x0000, 0x8410, 0x0000, 0x0000, 0x0000, 0x0000, 0x0000,
	0x0000, 0x0000, 0x0000, 0x0000, 0x0000, 0x0000, 0x0000, 0x0000, 0x0000, 0x0000, 0x0000, 0x0000,
	0x0000, 0x0000, 0x0000, 0x0000, 0x0000, 0x0000, 0x0000, 0x0000, 0x0000, 0x0000, 0x0000, 0x0000,
	0x0000, 0x0000, 0x0000, 0x0000, 0x0000, 0x0000, 0x0000, 0x0000, 0x0000, 0x0000, 0x0000, 0x0000,
	0x0000, 0x0000, 0x0000, 0x0000, 0x0000, 0x0000, 0x0000, 0x0000, 0x0000, 0x0000, 0x0000, 0x0000,
	0x0000, 0x0000, 0x0000, 0x0000, 0x0000, 0x0000, 0x0000, 0x0000, 0x0000, 0x0000, 0x0000, 0x0000,
	0xc618, 0xc618, 0xc618, 0x8410, 0x8410, 0x8410, 0x8410, 0xc618, 0x8410, 0x0000, 0x8410, 0x8410,
	0x8410, 0x8410, 0x8410, 0x8410, 0x8410, 0x8410, 0x8410, 0x8410, 0x8410, 0xc618, 0x8410, 0x8410,
	0x8410, 0x8410, 0xc618, 0x8410, 0x0000, 0x8410, 0x0000, 0x8410, 0xc618, 0xc618, 0xc618, 0x8410,
	0x8410, 0x8410, 0x8410, 0xc618, 0x8410, 0x0000, 0x8410, 0x0000, 0x8410, 0x0000, 0x8410, 0x0000,
	0x8410, 0x0000, 0x8410, 0x0000, 0x8410, 0x0000, 0x8410, 0x8410, 0x8410, 0x8410, 0xc618, 0x8410,
	0x0000, 0x8410, 0x0000, 0x8410, 0x8410, 0xffdf, 0xffdf, 0xc618, 0xffdf, 0x0000, 0x0000, 0xffdf,
	0xffdf, 0xffdf, 0x0000, 0x0000, 0xc618, 0x0000, 0x0000, 0x0000, 0xffdf, 0x0000, 0xffdf, 0x0000,
	0x8410, 0xc618, 0xffdf, 0xffdf, 0xffdf, 0x0000, 0xffdf, 0x0000, 0x0000, 0x0000, 0xffdf, 0x0000,
	0x0000, 0x0000, 0x0000, 0x0000, 0x0000, 0x0000, 0x0000, 0x0000, 0x0000, 0x0000, 0x0000, 0x0000,
	0x0000, 0x0000, 0x0000, 0x0000, 0x0000, 0x0000, 0x0000, 0x0000, 0x0000, 0x0000, 0x0000, 0x0000,
	0x0000, 0x0000, 0x0000, 0x0000, 0x0000, 0x0000, 0x0000, 0x0000, 0xc618, 0xc618, 0xc618, 0x8410,
	0x0000, 0x8410, 0x8410, 0xc618, 0x8410, 0x8410, 0x8410, 0x8410, 0x8410, 0x8410, 0x8410, 0x8410,
	0x8410, 0x8410, 0x8410, 0x8410, 0x8410, 0xc618, 0x8410, 0x0000, 0x8410, 0x8410, 0xc618, 0x8410,
	0x8410, 0x0000, 0x8410, 0x0000, 0xc618, 0xc618, 0xc618, 0x8410, 0x0000, 0x8410, 0x8410, 0xc618,
	0x8410, 0x8410, 0x8410, 0x8410, 0x8410, 0x8410, 0x8410, 0x8410, 0x8410, 0x8410, 0x8410, 0x8410,
	0x8410, 0xc618, 0x8410, 0x0000, 0x8410, 0x8410, 0xc618, 0x8410, 0x8410, 0x0000, 0x8410, 0x0000,
	0x0000, 0x0000, 0x0000, 0x0000, 0xffdf, 0x0000, 0x8410, 0x0000, 0x0000, 0x0000, 0xffdf, 0x0000,
	0x8410, 0xffdf, 0x0000, 0x8410, 0xffdf, 0x0000, 0xffdf, 0x0000, 0x0000, 0x0000, 0x8410, 0x0000,
	0x0000, 0x0000, 0xffdf, 0x0000, 0x0000, 0x0000, 0xffdf, 0x0000, 0x0000, 0x0000, 0x0000, 0x0000,
	0x0000, 0x0000, 0x0000, 0x0000, 0x0000, 0x0000, 0x0000, 0x0000, 0x0000, 0x0000, 0x0000, 0x0000,
	0x0000, 0x0000, 0x0000, 0x0000, 0x0000, 0x0000, 0x0000, 0x0000, 0x0000, 0x0000, 0x0000, 0x0000,
	0x0000, 0x0000, 0x0000, 0x0000, 0xc618, 0xc618, 0xc618, 0x8410, 0x8410, 0x8410, 0x8410, 0xc618,
	0x8410, 0x0000, 0x8410, 0x8410, 0x8410, 0x8410, 0x8410, 0x8410, 0x8410, 0x8410, 0x8410, 0x8410,
	0x8410, 0xc618, 0x8410, 0x8410, 0x8410, 0x8410, 0xc618, 0x8410, 0x0000, 0x8410, 0x0000, 0x8410,
	0xc618, 0xc618, 0xc618, 0x8410, 0x8410, 0x8410, 0x8410, 0xc618, 0x8410, 0x0000, 0x8410, 0x8410,
	0x8410, 0x8410, 0x8410, 0x8410, 0x8410, 0x8410, 0x8410, 0x8410, 0x8410, 0xc618, 0x8410, 0x8410,
	0x8410, 0x8410, 0xc618, 0x8410, 0x0000, 0x8410, 0x0000, 0x8410, 0x0000, 0x0000, 0x0000, 0xffdf,
	0x0000, 0x0000, 0x8410, 0x0000, 0x0000, 0x0000, 0x0000, 0x0000, 0x8410, 0x0000, 0x8410, 0x0000,
	0xffdf, 0x0000, 0xffdf, 0x0000, 0x0000, 0x0000, 0xffdf, 0x0000, 0x0000, 0x0000, 0xc618, 0x0000,
	0x0000, 0x0000, 0xffdf, 0x0000, 0x0000, 0x0000, 0x0000, 0x0000, 0x0000, 0x0000, 0x0000, 0x0000,
	0x0000, 0x0000, 0x0000, 0x0000, 0x0000, 0x0000, 0x0000, 0x0000, 0x0000, 0x0000, 0x0000, 0x0000,
	0x0000, 0x0000, 0x0000, 0x0000, 0x0000, 0x0000, 0x0000, 0x0000, 0x0000, 0x0000, 0x0000, 0x0000,
	0xc618, 0xc618, 0xc618, 0x8410, 0x0000, 0x8410, 0x8410, 0xc618, 0x8410, 0x8410, 0x8410, 0x8410,
	0x8410, 0x8410, 0x8410, 0x8410, 0x8410, 0x8410, 0x8410, 0x8410, 0x8410, 0xc618, 0x8410, 0x0000,
	0x8410, 0x8410, 0xc618, 0x8410, 0x8410, 0x0000, 0x8410, 0x0000, 0xc618, 0xc618, 0xc618, 0x8410,
	0x0000, 0x8410, 0x8410, 0xc618, 0x8410, 0x8410, 0x8410, 0x8410, 0x8410, 0x8410, 0x8410, 0x8410,
	0x8410, 0x8410, 0x8410, 0x8410, 0x8410, 0xc618, 0x8410, 0x0000, 0x8410, 0x8410, 0xc618, 0x8410,
	0x8410, 0x0000, 0x8410, 0x0000, 0x0000, 0x0000, 0xffdf, 0x0000, 0x0000, 0x0000, 0x0000, 0xc618,
	0xffdf, 0xffdf, 0x0000, 0x0000, 0xffdf, 0x0000, 0x0000, 0x0000, 0xffdf, 0x0000, 0xffdf, 0x0000,
	0x0000, 0x0000, 0xffdf, 0x0000, 0x0000, 0x0000, 0x8410, 0xffdf, 0xffdf, 0x8410, 0xffdf, 0x0000,
	0x0000, 0x0000, 0x0000, 0x0000, 0x0000, 0x0000, 0x0000, 0x0000, 0x0000, 0x0000, 0x0000, 0x0000,
	0x0000, 0x0000, 0x0000, 0x0000, 0x0000, 0x0000, 0x0000, 0x0000, 0x0000, 0x0000, 0x0000, 0x0000,
	0x0000, 0x0000, 0x0000, 0x0000, 0x0000, 0x0000, 0x0000, 0x0000, 0xc618, 0xc618, 0xc618, 0x8410,
	0x8410, 0x8410, 0x8410, 0xc618, 0x8410, 0x0000, 0x8410, 0x8410, 0x8410, 0x8410, 0x8410, 0x8410,
	0x8410, 0x8410, 0x8410, 0x8410, 0x8410, 0xc618, 0x8410, 0x8410, 0x8410, 0x8410, 0xc618, 0x8410,
	0x0000, 0x8410, 0x0000, 0x8410, 0xc618, 0xc618, 0xc618, 0x8410, 0x8410, 0x8410, 0x8410, 0xc618,
	0x8410, 0x0000, 0x8410, 0x8410, 0x8410, 0x8410, 0x8410, 0x8410, 0x8410, 0x8410, 0x8410, 0x8410,
	0x8410, 0xc618, 0x8410, 0x8410, 0x8410, 0x8410, 0xc618, 0x8410, 0x0000, 0x8410, 0x0000, 0x8410,
	0x0000, 0xffdf, 0x0000, 0x0000, 0x0000, 0x0000, 0x0000, 0x0000, 0x0000, 0x0000, 0xffdf, 0x0000,
	0xffdf, 0x0000, 0x0000, 0x0000, 0xffdf, 0x0000, 0xffdf, 0x0000, 0x0000, 0x0000, 0xffdf, 0x0000,
	0x0000, 0x0000, 0x8410, 0x0000, 0x0000, 0x0000, 0xffdf, 0x0000, 0x0000, 0x0000, 0x0000, 0x0000,
	0x0000, 0x0000, 0x0000, 0x0000, 0x0000, 0x0000, 0x0000, 0x0000, 0x0000, 0x0000, 0x0000, 0x0000,
	0x0000, 0x0000, 0x0000, 0x0000, 0x0000, 0x0000, 0x0000, 0x0000, 0x0000, 0x0000, 0x0000, 0x0000,
	0x0000, 0x0000, 0x0000, 0x0000, 0xc618, 0xc618, 0xc618, 0x8410, 0x0000, 0x8410, 0x8410, 0xc618,
	0x8410, 0x8410, 0x8410, 0x8410, 0x8410, 0x8410, 0x8410, 0x8410, 0x8410, 0x8410, 0x8410, 0x8410,
	0x8410, 0xc618, 0x8410, 0x0000, 0x8410, 0x8410, 0xc618, 0x8410, 0x8410, 0x0000, 0x8410, 0x0000,
	0xc618, 0xc618, 0xc618, 0x8410, 0x0000, 0x8410, 0x8410, 0xc618, 0x8410, 0x8410, 0x8410, 0x8410,
	0x8410, 0x8410, 0x8410, 0x8410, 0x8410, 0x8410, 0x8410, 0x8410, 0x8410, 0xc618, 0x8410, 0x0000,
	0x8410, 0x8410, 0xc618, 0x8410, 0x8410, 0x0000, 0x8410, 0x0000, 0x8410, 0x0000, 0x0000, 0x0000,
	0x0000, 0x0000, 0xc618, 0x0000, 0x0000, 0x0000, 0xffdf, 0x0000, 0xffdf, 0x0000, 0x0000, 0x0000,
	0xffdf, 0x0000, 0xffdf, 0x0000, 0x0000, 0x0000, 0xffdf, 0x0000, 0x0000, 0x0000, 0xffdf, 0x0000,
	0x0000, 0x0000, 0xffdf, 0x0000, 0x0000, 0x0000, 0x0000, 0x0000, 0x0000, 0x0000, 0x0000, 0x0000,
	0x0000, 0x0000, 0x0000, 0x0000, 0x0000, 0x0000, 0x0000, 0x0000, 0x0000, 0x0000, 0x0000, 0x0000,
	0x0000, 0x0000, 0x0000, 0x0000, 0x0000, 0x0000, 0x0000, 0x0000, 0x0000, 0x0000, 0x0000, 0x0000,
	0xc618, 0xc618, 0xc618, 0x8410, 0x8410, 0x8410, 0x8410, 0xc618, 0x8410, 0x0000, 0x8410, 0x8410,
	0x8410, 0x8410, 0x8410, 0x8410, 0x8410, 0x8410, 0x8410, 0x8410, 0x8410, 0xc618, 0x8410, 0x8410,
	0x8410, 0x8410, 0xc618, 0x8410, 0x0000, 0x8410, 0x0000, 0x8410, 0xc618, 0xc618, 0xc618, 0x8410,
	0x8410, 0x8410, 0x8410, 0xc618, 0x8410, 0x0000, 0x8410, 0x8410, 0x8410, 0x8410, 0x8410, 0x8410,
	0x8410, 0x8410, 0x8410, 0x8410, 0x8410, 0xc618, 0x8410, 0x8410, 0x8410, 0x8410, 0xc618, 0x8410,
	0x0000, 0x8410, 0x0000, 0x8410, 0x8410, 0xffdf, 0xffdf, 0xffdf, 0xffdf, 0x0000, 0x0000, 0x8410,
	0xffdf, 0xc618, 0x0000, 0x0000, 0xc618, 0x0000, 0x0000, 0x0000, 0x8410, 0x0000, 0xc618, 0x0000,
	0x0000, 0x0000, 0xc618, 0x0000, 0x0000, 0x0000, 0xc618, 0x0000, 0x0000, 0x0000, 0x8410, 0x0000,
	0x0000, 0x0000, 0x0000, 0x0000, 0x0000, 0x0000, 0x0000, 0x0000, 0x0000, 0x0000, 0x0000, 0x0000,
	0x0000, 0x0000, 0x0000, 0x0000, 0x0000, 0x0000, 0x0000, 0x0000, 0x0000, 0x0000, 0x0000, 0x0000,
	0x0000, 0x0000, 0x0000, 0x0000, 0x0000, 0x0000, 0x0000, 0x0000, 0xc618, 0xc618, 0xc618, 0x8410,
	0x0000, 0x8410, 0x8410, 0xc618, 0x8410, 0x8410, 0x8410, 0x8410, 0x8410, 0x8410, 0x8410, 0x8410,
	0x8410, 0x8410, 0x8410, 0x8410, 0x8410, 0xc618, 0x8410, 0x0000, 0x8410, 0x8410, 0xc618, 0x8410,
	0x8410, 0x0000, 0x8410, 0x0000, 0xc618, 0xc618, 0xc618, 0x8410, 0x0000, 0x8410, 0x8410, 0xc618,
	0x8410, 0x8410, 0x8410, 0x8410, 0x8410, 0x8410, 0x8410, 0x8410, 0x8410, 0x8410, 0x8410, 0x8410,
	0x8410, 0xc618, 0x8410, 0x0000, 0x8410, 0x8410, 0xc618, 0x8410, 0x8410, 0x0000, 0x8410, 0x0000,
	0x0000, 0x0000, 0x0000, 0x0000, 0x0000, 0x0000, 0x0000, 0x0000, 0x0000, 0x0000, 0x0000, 0x0000,
	0x0000, 0x0000, 0x0000, 0x0000, 0x0000, 0x0000, 0x0000, 0x0000, 0x0000, 0x0000, 0x0000, 0x0000,
	0x0000, 0x0000, 0x0000, 0x0000, 0x0000, 0x0000, 0x0000, 0x0000, 0x0000, 0x0000, 0x0000, 0x0000,
	0x0000, 0x0000, 0x0000, 0x0000, 0x0000, 0x0000, 0x0000, 0x0000, 0x0000, 0x0000, 0x0000, 0x0000,
	0x0000, 0x0000, 0x0000, 0x0000, 0x0000, 0x0000, 0x0000, 0x0000, 0x0000, 0x0000, 0x0000, 0x0000,
	0x0000, 0x0000, 0x0000, 0x0000, 0xc618, 0xc618, 0xc618, 0x8410, 0x8410, 0x8410, 0x8410, 0xc618,
	0x8410, 0x0000, 0x8410, 0x8410, 0x8410, 0x8410, 0x8410, 0x8410, 0x8410, 0x8410, 0x8410, 0x8410,
	0x8410, 0xc618, 0x8410, 0x8410, 0x8410, 0x8410, 0xc618, 0x8410, 0x0000, 0x8410, 0x0000, 0x8410,
	0xc618, 0xc618, 0xc618, 0x8410, 0x8410, 0x8410, 0x8410, 0xc618, 0x8410, 0x0000, 0x8410, 0x8410,
	0x8410, 0x8410, 0x8410, 0x8410, 0x8410, 0x8410, 0x8410, 0x8410, 0x8410, 0xc618, 0x8410, 0x8410,
	0x8410, 0x8410, 0xc618, 0x8410, 0x0000, 0x8410, 0x0000, 0x8410, 0x8410, 0xffdf, 0xffdf, 0xffdf,
	0xffdf, 0xffdf, 0x0000, 0x0000, 0x0000, 0xc618, 0xffdf, 0xffdf, 0xffdf, 0xffdf, 0x0000, 0x0000,
	0x8410, 0xffdf, 0xffdf, 0xffdf, 0xffdf, 0xffdf, 0x0000, 0x0000, 0x8410, 0xffdf, 0x0000, 0x0000,
	0x0000, 0x0000, 0x0000, 0x0000, 0x0000, 0x0000, 0x0000, 0x0000, 0x0000, 0x0000, 0x0000, 0x0000,
	0x0000, 0x0000, 0x0000, 0x0000, 0x0000, 0x0000, 0x0000, 0x0000, 0x0000, 0x0000, 0x0000, 0x0000,
	0x0000, 0x0000, 0x0000, 0x0000, 0x0000, 0x0000, 0x0000, 0x0000, 0x0000, 0x0000, 0x0000, 0x0000,
	0xc618, 0xc618, 0xc618, 0x8410, 0x0000, 0x8410, 0x8410, 0xc618, 0x8410, 0x8410, 0x8410, 0x8410,
	0x8410, 0x8410, 0x8410, 0x8410, 0x8410, 0x8410, 0x8410, 0x8410, 0x8410, 0xc618, 0x8410, 0x0000,
	0x8410, 0x8410, 0xc618, 0x8410, 0x8410, 0x0000, 0x8410, 0x0000, 0xc618, 0xc618, 0xc618, 0x8410,
	0x0000, 0x8410, 0x8410, 0xc618, 0x8410, 0x8410, 0x8410, 0x8410, 0x8410, 0x8410, 0x8410, 0x8410,
	0x8410, 0x8410, 0x8410, 0x8410, 0x8410, 0xc618, 0x8410, 0x0000, 0x8410, 0x8410, 0xc618, 0x8410,
	0x8410, 0x0000, 0x8410, 0x0000, 0x8410, 0x8410, 0x8410, 0x8410, 0x8410, 0xffdf, 0xffdf, 0x0000,
	0x8410, 0xffdf, 0xc618, 0x8410, 0x8410, 0xffdf, 0xffdf, 0x0000, 0x8410, 0x8410, 0x8410, 0x8410,
	0x8410, 0xffdf, 0xffdf, 0x0000, 0x8410, 0xffdf, 0x0000, 0x0000, 0x0000, 0x0000, 0x0000, 0x0000,
	0x0000, 0x0000, 0x0000, 0x0000, 0x0000, 0x0000, 0x0000, 0x0000, 0x0000, 0x0000, 0x0000, 0x0000,
	0x0000, 0x0000, 0x0000, 0x0000, 0x0000, 0x0000, 0x0000, 0x0000, 0x0000, 0x0000, 0x0000, 0x0000,
	0x0000, 0x0000, 0x0000, 0x0000, 0x0000, 0x0000, 0x0000, 0x0000, 0xc618, 0xc618, 0xc618, 0x8410,
	0x8410, 0x8410, 0x8410, 0xc618, 0x8410, 0x0000, 0x8410, 0x8410, 0x8410, 0x8410, 0x8410, 0x8410,
	0x8410, 0x8410, 0x8410, 0x8410, 0x8410, 0xc618, 0x8410, 0x8410, 0x8410, 0x8410, 0xc618, 0x8410,
	0x0000, 0x8410, 0x0000, 0x8410, 0xc618, 0xc618, 0xc618, 0x8410, 0x8410, 0x8410, 0x8410, 0xc618,
	0x8410, 0x0000, 0x8410, 0x8410, 0x8410, 0x8410, 0x8410, 0x8410, 0x8410, 0x8410, 0x8410, 0x8410,
	0x8410, 0xc618, 0x8410, 0x8410, 0x8410, 0x8410, 0xc618, 0x8410, 0x0000, 0x8410, 0x0000, 0x8410,
	0x0000, 0x0000, 0x0000, 0x0000, 0x8410, 0xc618, 0xffdf, 0x0000, 0x8410, 0xffdf, 0x0000, 0x0000,
	0x8410, 0x8410, 0xffdf, 0x0000, 0x0000, 0x0000, 0x0000, 0x0000, 0x8410, 0xc618, 0xffdf, 0x0000,
	0x8410, 0xffdf, 0x0000, 0x0000, 0x8410, 0xffdf, 0x0000, 0x0000, 0x0000, 0x0000, 0x0000, 0x0000,
	0x0000, 0x0000, 0x0000, 0x0000, 0x0000, 0x0000, 0x0000, 0x0000, 0x0000, 0x0000, 0x0000, 0x0000,
	0x0000, 0x0000, 0x0000, 0x0000, 0x0000, 0x0000, 0x0000, 0x0000, 0x0000, 0x0000, 0x0000, 0x0000,
	0x0000, 0x0000, 0x0000, 0x0000, 0xc618, 0xc618, 0xc618, 0x8410, 0x0000, 0x8410, 0x8410, 0xc618,
	0x8410, 0x8410, 0x8410, 0x8410, 0x8410, 0x8410, 0x8410, 0x8410, 0x8410, 0x8410, 0x8410, 0x8410,
	0x8410, 0xc618, 0x8410, 0x0000, 0x8410, 0x8410, 0xc618, 0x8410, 0x8410, 0x0000, 0x8410, 0x0000,
	0xc618, 0xc618, 0xc618, 0x8410, 0x0000, 0x8410, 0x8410, 0xc618, 0x8410, 0x8410, 0x8410, 0x8410,
	0x8410, 0x8410, 0x8410, 0x8410, 0x8410, 0x8410, 0x8410, 0x8410, 0x8410, 0xc618, 0x8410, 0x0000,
	0x8410, 0x8410, 0xc618, 0x8410, 0x8410, 0x0000, 0x8410, 0x0000, 0x0000, 0x0000, 0xc618, 0xffdf,
	0x8410, 0x8410, 0x0000, 0x0000, 0x8410, 0xffdf, 0x0000, 0xffdf, 0x0000, 0x8410, 0xffdf, 0x0000,
	0x0000, 0x0000, 0xc618, 0xffdf, 0x8410, 0x8410, 0x0000, 0x0000, 0x8410, 0xffdf, 0x0000, 0x0000,
	0x8410, 0xffdf, 0x0000, 0x0000, 0x0000, 0x0000, 0x0000, 0x0000, 0x0000, 0x0000, 0x0000, 0x0000,
	0x0000, 0x0000, 0x0000, 0x0000, 0x0000, 0x0000, 0x0000, 0x0000, 0x0000, 0x0000, 0x0000, 0x0000,
	0x0000, 0x0000, 0x0000, 0x0000, 0x0000, 0x0000, 0x0000, 0x0000, 0x0000, 0x0000, 0x0000, 0x0000,
	0xc618, 0xc618, 0xc618, 0x8410, 0x8410, 0x8410, 0x8410, 0xc618, 0x8410, 0x0000, 0x8410, 0x8410,
	0x8410, 0x8410, 0x8410, 0x8410, 0x8410, 0x8410, 0x8410, 0x8410, 0x8410, 0xc618, 0x8410, 0x8410,
	0x8410, 0x8410, 0xc618, 0x8410, 0x0000, 0x8410, 0x0000, 0x8410, 0xc618, 0xc618, 0xc618, 0x8410,
	0x8410, 0x8410, 0x8410, 0xc618, 0x8410, 0x0000, 0xc618, 0xc618, 0xc618, 0xc618, 0xc618, 0xc618,
	0xc618, 0xc618, 0xc618, 0xc618, 0xc618, 0xc618, 0x8410, 0x8410, 0x8410, 0x8410, 0xc618, 0x8410,
	0x0000, 0x8410, 0x0000, 0x8410, 0x8410, 0xc618, 0xffdf, 0xffdf, 0x0000, 0x0000, 0x0000, 0x0000,
	0x8410, 0xffdf, 0xffdf, 0x0000, 0x0000, 0x8410, 0xffdf, 0x0000, 0x8410, 0xc618, 0xffdf, 0xffdf,
	0x0000, 0x0000, 0x0000, 0x0000, 0x8410, 0xffdf, 0xffdf, 0xc618, 0x9cd3, 0xffdf, 0xffdf, 0x0000,
	0x0000, 0x0000, 0x0000, 0x0000, 0x0000, 0x0000, 0x0000, 0x0000, 0x0000, 0x0000, 0x0000, 0x0000,
	0x0000, 0x0000, 0x0000, 0x0000, 0x0000, 0x0000, 0x0000, 0x0000, 0x0000, 0x0000, 0x0000, 0x0000,
	0x0000, 0x0000, 0x0000, 0x0000, 0x0000, 0x0000, 0x0000, 0x0000, 0xc618, 0xc618, 0xc618, 0x8410,
	0x0000, 0x8410, 0x8410, 0xc618, 0x8410, 0x8410, 0x8410, 0x8410, 0x8410, 0x8410, 0x8410, 0x8410,
	0x8410, 0x8410, 0x8410, 0x8410, 0x8410, 0xc618, 0x8410, 0x0000, 0x8410, 0x8410, 0xc618, 0x8410,
	0x8410, 0x0000, 0x8410, 0x0000, 0xc618, 0xc618, 0xc618, 0x8410, 0x0000, 0x8410, 0x8410, 0xc618,
	0x8410, 0x8410, 0x8410, 0x8410, 0x8410, 0x8410, 0x8410, 0x8410, 0x8410, 0x8410, 0x8410, 0x8410,
	0x8410, 0x8410, 0x8410, 0x0000, 0x8410, 0x8410, 0xc618, 0x8410, 0x8410, 0x0000, 0x8410, 0x0000,
	0x8410, 0x8410, 0xffdf, 0xffdf, 0xffdf, 0xffdf, 0xffdf, 0x0000, 0x8410, 0x8410, 0xffdf, 0xffdf,
	0xc618, 0xffdf, 0xffdf, 0x0000, 0x8410, 0x8410, 0xffdf, 0xffdf, 0xffdf, 0xffdf, 0xffdf, 0x0000,
	0x8410, 0x8410, 0x8410, 0x8410, 0x8410, 0xc618, 0xffdf, 0x0000, 0x0000, 0x0000, 0x0000, 0x0000,
	0x0000, 0x0000, 0x0000, 0x0000, 0x0000, 0x0000, 0x0000, 0x0000, 0x0000, 0x0000, 0x0000, 0x0000,
	0x0000, 0x0000, 0x0000, 0x0000, 0x0000, 0x0000, 0x0000, 0x0000, 0x0000, 0x0000, 0x0000, 0x0000,
	0x0000, 0x0000, 0x0000, 0x0000, 0xc618, 0xc618, 0xc618, 0x8410, 0x8410, 0x8410, 0x8410, 0xc618,
	0x8410, 0x0000, 0x8410, 0x8410, 0x8410, 0x8410, 0x8410, 0x8410, 0x8410, 0x8410, 0x8410, 0x8410,
	0x8410, 0xc618, 0x8410, 0x8410, 0x8410, 0x8410, 0xc618, 0x8410, 0x0000, 0x8410, 0x0000, 0x8410,
	0xc618, 0xc618, 0xc618, 0x8410, 0x8410, 0x8410, 0x8410, 0x8410, 0x0000, 0x8410, 0x0000, 0x8410,
	0x0000, 0x8410, 0x0000, 0x8410, 0x0000, 0x8410, 0x0000, 0x8410, 0x0000, 0x8410, 0x0000, 0x8410,
	0x8410, 0x8410, 0xc618, 0x8410, 0x0000, 0x8410, 0x0000, 0x8410, 0x8410, 0x8410, 0x8410, 0x8410,
	0x8410, 0x8410, 0xc618, 0x0000, 0x0000, 0x8410, 0x8410, 0x8410, 0x8410, 0x8410, 0x0000, 0x0000,
	0x8410, 0x8410, 0x8410, 0x8410, 0x8410, 0x8410, 0xc618, 0x0000, 0x0000, 0x0000, 0x0000, 0x0000,
	0x8410, 0xc618, 0x0000, 0x0000, 0x0000, 0x0000, 0x0000, 0x0000, 0x0000, 0x0000, 0x0000, 0x0000,
	0x0000, 0x0000, 0x0000, 0x0000, 0x0000, 0x0000, 0x0000, 0x0000, 0x0000, 0x0000, 0x0000, 0x0000,
	0x0000, 0x0000, 0x0000, 0x0000, 0x0000, 0x0000, 0x0000, 0x0000, 0x0000, 0x0000, 0x0000, 0x0000,
	0xc618, 0xc618, 0xc618, 0x8410, 0x0000, 0x8410, 0x8410, 0xc618, 0x8410, 0x8410, 0x8410, 0x8410,
	0x8410, 0x8410, 0x8410, 0x8410, 0x8410, 0x8410, 0x8410, 0x8410, 0x8410, 0xc618, 0x8410, 0x0000,
	0x8410, 0x8410, 0xc618, 0x8410, 0x8410, 0x0000, 0x8410, 0x0000, 0xc618, 0xc618, 0xc618, 0x8410,
	0x0000, 0x8410, 0x8410, 0x8410, 0x8410, 0x8410, 0x8410, 0x8410, 0x8410, 0x8410, 0x8410, 0x8410,
	0x8410, 0x8410, 0x8410, 0x8410, 0x8410, 0x8410, 0x8410, 0x8410, 0x8410, 0x8410, 0xc618, 0x8410,
	0x8410, 0x0000, 0x8410, 0x0000, 0x0000, 0x0000, 0x0000, 0x0000, 0x0000, 0x0000, 0x0000, 0x0000,
	0x0000, 0x0000, 0x0000, 0x0000, 0x0000, 0x0000, 0x0000, 0x0000, 0x0000, 0x0000, 0x0000, 0x0000,
	0x0000, 0x0000, 0x0000, 0x0000, 0x0000, 0x0000, 0x0000, 0x0000, 0x0000, 0x0000, 0x0000, 0x0000,
	0x0000, 0x0000, 0x0000, 0x0000, 0x0000, 0x0000, 0x0000, 0x0000, 0x0000, 0x0000, 0x0000, 0x0000,
	0x0000, 0x0000, 0x0000, 0x0000, 0x0000, 0x0000, 0x0000, 0x0000, 0x0000, 0x0000, 0x0000, 0x0000,
	0x0000, 0x0000, 0x0000, 0x0000, 0x0000, 0x0000, 0x0000, 0x0000, 0xc618, 0xc618, 0xc618, 0x8410,
	0x8410, 0x8410, 0x8410, 0xc618, 0x8410, 0x0000, 0x8410, 0x8410, 0x8410, 0x8410, 0x8410, 0x8410,
	0x8410, 0x8410, 0x8410, 0x8410, 0x8410, 0xc618, 0x8410, 0x8410, 0x8410, 0x8410, 0xc618, 0x8410,
	0x0000, 0x8410, 0x0000, 0x8410, 0xc618, 0xc618, 0xc618, 0x8410, 0x8410, 0x8410, 0x8410, 0x8410,
	0x8410, 0x8410, 0x8410, 0x8410, 0x8410, 0x8410, 0x8410, 0x8410, 0x8410, 0x8410, 0x8410, 0x8410,
	0x8410, 0x8410, 0x8410, 0x8410, 0x8410, 0x8410, 0xc618, 0x8410, 0x0000, 0x8410, 0x0000, 0x8410,
	0x0000, 0x0000, 0x0000, 0x0000, 0x0000, 0x0000, 0x0000, 0x0000, 0x0000, 0x0000, 0x0000, 0x0000,
	0x0000, 0x0000, 0x0000, 0x0000, 0x0000, 0x0000, 0x0000, 0x0000, 0x0000, 0x0000, 0x0000, 0x0000,
	0x0000, 0x0000, 0x0000, 0x0000, 0x0000, 0x0000, 0x0000, 0x0000, 0x0000, 0x0000, 0x0000, 0x0000,
	0x0000, 0x0000, 0x0000, 0x0000, 0x0000, 0x0000, 0x0000, 0x0000, 0x0000, 0x0000, 0x0000, 0x0000,
	0x0000, 0x0000, 0x0000, 0x0000, 0x0000, 0x0000, 0x0000, 0x0000, 0x0000, 0x0000, 0x0000, 0x0000,
	0x0000, 0x0000, 0x0000, 0x0000, 0xc618, 0xc618, 0xc618, 0x8410, 0x0000, 0x8410, 0x8410, 0xc618,
	0x8410, 0x8410, 0x8410, 0x8410, 0x8410, 0x8410, 0x8410, 0x8410, 0x8410, 0x8410, 0x8410, 0x8410,
	0x8410, 0xc618, 0x8410, 0x0000, 0x8410, 0x8410, 0xc618, 0x8410, 0x8410, 0x0000, 0x8410, 0x0000,
	0xc618, 0xc618, 0xc618, 0x8410, 0x0000, 0xc618, 0xc618, 0xc618, 0xc618, 0xc618, 0xc618, 0xc618,
	0xc618, 0xc618, 0xc618, 0xc618, 0xc618, 0xc618, 0xc618, 0xc618, 0xc618, 0xc618, 0xc618, 0xc618,
	0xc618, 0xc618, 0xc618, 0x8410, 0x8410, 0x0000, 0x8410, 0x0000, 0x0000, 0x0000, 0x0000, 0x0000,
	0x0000, 0x0000, 0x0000, 0x0000, 0x0000, 0x0000, 0x0000, 0x0000, 0x0000, 0x0000, 0x0000, 0x0000,
	0x0000, 0x0000, 0x0000, 0x0000, 0x0000, 0x0000, 0x0000, 0x0000, 0x0000, 0x0000, 0x0000, 0x0000,
	0x0000, 0x0000, 0x0000, 0x0000, 0x0000, 0x0000, 0x0000, 0x0000, 0x0000, 0x0000, 0x0000, 0x0000,
	0x0000, 0x0000, 0x0000, 0x0000, 0x0000, 0x0000, 0x0000, 0x0000, 0x0000, 0x0000, 0x0000, 0x0000,
	0x0000, 0x0000, 0x0000, 0x0000, 0x0000, 0x0000, 0x0000, 0x0000, 0x0000, 0x0000, 0x0000, 0x0000,
	0xc618, 0xc618, 0xc618, 0x8410, 0x8410, 0x8410, 0x8410, 0xc618, 0x8410, 0x0000, 0x8410, 0x8410,
	0x8410, 0x8410, 0x8410, 0x8410, 0x8410, 0x8410, 0x8410, 0x8410, 0x8410, 0xc618, 0x8410, 0x8410,
	0x8410, 0x8410, 0xc618, 0x8410, 0x0000, 0x8410, 0x0000, 0x8410, 0xc618, 0xc618, 0xc618, 0x8410,
	0x8410, 0x8410, 0x8410, 0x8410, 0x8410, 0x8410, 0x8410, 0x8410, 0x8410, 0x8410, 0x8410, 0x8410,
	0x8410, 0x8410, 0x8410, 0x8410, 0x8410, 0x8410, 0x8410, 0x8410, 0x8410, 0x8410, 0x8410, 0x8410,
	0x0000, 0x8410, 0x0000, 0x8410, 0x0000, 0x0000, 0x0000, 0x0000, 0x0000, 0x0000, 0x0000, 0x0000,
	0x0000, 0x0000, 0x0000, 0x0000, 0x0000, 0x0000, 0x0000, 0x0000, 0x0000, 0x0000, 0x0000, 0x0000,
	0x0000, 0x0000, 0x0000, 0x0000, 0x0000, 0x0000, 0x0000, 0x0000, 0x0000, 0x0000, 0x0000, 0x0000,
	0x0000, 0x0000, 0x0000, 0x0000, 0x0000, 0x0000, 0x0000, 0x0000, 0x0000, 0x0000, 0x0000, 0x0000,
	0x0000, 0x0000, 0x0000, 0x0000, 0x0000, 0x0000, 0x0000, 0x0000, 0x0000, 0x0000, 0x0000, 0x0000,
	0x0000, 0x0000, 0x0000, 0x0000, 0x0000, 0x0000, 0x0000, 0x0000, 0xc618, 0xc618, 0xc618, 0x8410,
	0x0000, 0x8410, 0x8410, 0xc618, 0x8410, 0x8410, 0x8410, 0x8410, 0x8410, 0x8410, 0x8410, 0x8410,
	0x8410, 0x8410, 0x8410, 0x8410, 0x8410, 0xc618, 0x8410, 0x0000, 0x8410, 0x8410, 0xc618, 0x8410,
	0x8410, 0x0000, 0x8410, 0x0000, 0xc618, 0xc618, 0xc618, 0x0000, 0x8410, 0x0000, 0x8410, 0x0000,
	0x8410, 0x0000, 0x8410, 0x0000, 0x8410, 0x0000, 0x8410, 0x0000, 0x8410, 0x0000, 0x8410, 0x0000,
	0x8410, 0x0000, 0x8410, 0x0000, 0x8410, 0x0000, 0x8410, 0x0000, 0x8410, 0x0000, 0x8410, 0x0000,
	0x0000, 0x0000, 0x0000, 0x0000, 0x0000, 0x0000, 0x0000, 0x0000, 0x0000, 0x0000, 0x0000, 0x0000,
	0x0000, 0x0000, 0x0000, 0x0000, 0x0000, 0x0000, 0x0000, 0x0000, 0x0000, 0x0000, 0x0000, 0x0000,
	0x0000, 0x0000, 0x0000, 0x0000, 0x0000, 0x0000, 0x0000, 0x0000, 0x0000, 0x0000, 0x0000, 0x0000,
	0x0000, 0x0000, 0x0000, 0x0000, 0x0000, 0x0000, 0x0000, 0x0000, 0x0000, 0x0000, 0x0000, 0x0000,
	0x0000, 0x0000, 0x0000, 0x0000, 0x0000, 0x0000, 0x0000, 0x0000, 0x0000, 0x0000, 0x0000, 0x0000,
	0x0000, 0x0000, 0x0000, 0x0000, 0xc618, 0xc618, 0xc618, 0x8410, 0x8410, 0x8410, 0x8410, 0xc618,
	0x8410, 0x0000, 0x8410, 0x8410, 0x8410, 0x8410, 0x8410, 0x8410, 0x8410, 0x8410, 0x8410, 0x8410,
	0x8410, 0xc618, 0x8410, 0x8410, 0x8410, 0x8410, 0xc618, 0x8410, 0x0000, 0x8410, 0x0000, 0x8410,
	0xc618, 0xc618, 0x0000, 0x8410, 0x0000, 0x8410, 0x0000, 0x8410, 0x0000, 0x8410, 0x0000, 0x8410,
	0x0000, 0x8410, 0x0000, 0x8410, 0x0000, 0x8410, 0x0000, 0x8410, 0x0000, 0x8410, 0x0000, 0x8410,
	0x0000, 0x8410, 0x0000, 0x8410, 0x0000, 0x8410, 0x0000, 0x8410, 0x0000, 0x0000, 0x0000, 0x0000,
	0x0000, 0x0000, 0x0000, 0x0000, 0x0000, 0x0000, 0x0000, 0x0000, 0x0000, 0x0000, 0x0000, 0x0000,
	0x0000, 0x0000, 0x0000, 0x0000, 0x0000, 0x0000, 0x0000, 0x0000, 0x0000, 0x0000, 0x0000, 0x0000,
	0x0000, 0x0000, 0x0000, 0x0000, 0x0000, 0x0000, 0x0000, 0x0000, 0x0000, 0x0000, 0x0000, 0x0000,
	0x0000, 0x0000, 0x0000, 0x0000, 0x0000, 0x0000, 0x0000, 0x0000, 0x0000, 0x0000, 0x0000, 0x0000,
	0x0000, 0x0000, 0x0000, 0x0000, 0x0000, 0x0000, 0x0000, 0x0000, 0x0000, 0x0000, 0x0000, 0x0000,
	0xc618, 0xc618, 0xc618, 0x8410, 0x0000, 0x8410, 0x8410, 0xc618, 0x8410, 0x8410, 0x8410, 0x8410,
	0x8410, 0x8410, 0x8410, 0x8410, 0x8410, 0x8410, 0x8410, 0x8410, 0x8410, 0xc618, 0x8410, 0x0000,
	0x8410, 0x8410, 0xc618, 0x8410, 0x8410, 0x0000, 0x8410, 0x0000, 0xc618, 0x0000, 0x8410, 0x0000,
	0x8410, 0x0000, 0x8410, 0x0000, 0x8410, 0x0000, 0x8410, 0x0000, 0x8410, 0x0000, 0x8410, 0x0000,
	0x8410, 0x0000, 0x8410, 0x0000, 0x8410, 0x0000, 0x8410, 0x0000, 0x8410, 0x0000, 0x8410, 0x0000,
	0x8410, 0x0000, 0x8410, 0x0000, 0x0000, 0x0000, 0x0000, 0x0000, 0x0000, 0x0000, 0x0000, 0x0000,
	0x0000, 0x0000, 0x0000, 0x0000, 0x0000, 0x0000, 0x0000, 0x0000, 0x0000, 0x0000, 0x0000, 0x0000,
	0x0000, 0x0000, 0x0000, 0x0000, 0x0000, 0x0000, 0x0000, 0x0000, 0x0000, 0x0000, 0x0000, 0x0000,
	0x0000, 0x0000, 0x0000, 0x0000, 0x0000, 0x0000, 0x0000, 0x0000, 0x0000, 0x0000, 0x0000, 0x0000,
	0x0000, 0x0000, 0x0000, 0x0000, 0x0000, 0x0000, 0x0000, 0x0000, 0x0000, 0x0000, 0x0000, 0x0000,
	0x0000, 0x0000, 0x0000, 0x0000, 0x0000, 0x0000, 0x0000, 0x0000, 0xc618, 0xc618, 0xc618, 0x8410,
	0x8410, 0x8410, 0x8410, 0xc618, 0x8410, 0x0000, 0x8410, 0x8410, 0x8410, 0x8410, 0x8410, 0x8410,
	0x8410, 0x8410, 0x8410, 0x8410, 0x8410, 0xc618, 0x8410, 0x8410, 0x8410, 0x8410, 0xc618, 0x8410,
	0x0000, 0x8410, 0x0000, 0x8410, 0x0000, 0x8410, 0x0000, 0x8410, 0x0000, 0x8410, 0x0000, 0x8410,
	0x0000, 0x8410, 0x0000, 0x8410, 0x0000, 0x8410, 0x0000, 0x8410, 0x0000, 0x8410, 0x0000, 0x8410,
	0x0000, 0x8410, 0x0000, 0x8410, 0x0000, 0x8410, 0x0000, 0x8410, 0x0000, 0x8410, 0x0000, 0x8410,
	0x0000, 0x0000, 0x0000, 0x0000, 0x0000, 0x0000, 0x0000, 0x0000, 0x0000, 0x0000, 0x0000, 0x0000,
	0x0000, 0x0000, 0x0000, 0x0000, 0x0000, 0x0000, 0x0000, 0x0000, 0x0000, 0x0000, 0x0000, 0x0000,
	0x0000, 0x0000, 0x0000, 0x0000, 0x0000, 0x0000, 0x0000, 0x0000, 0x0000, 0x0000, 0x0000, 0x0000,
	0x0000, 0x0000, 0x0000, 0x0000, 0x0000, 0x0000, 0x0000, 0x0000, 0x0000, 0x0000, 0x0000, 0x0000,
	0x0000, 0x0000, 0x0000, 0x0000, 0x0000, 0x0000, 0x0000, 0x0000, 0x0000, 0x0000, 0x0000, 0x0000,
	0x0000, 0x0000, 0x0000, 0x0000, 0xffdf, 0xffdf, 0xffdf, 0xffdf, 0xffdf, 0xffdf, 0xffdf, 0xffdf,
	0xffdf, 0xffdf, 0xffdf, 0xffdf, 0xffdf, 0xffdf, 0xffdf, 0xffdf, 0xffdf, 0xffdf, 0xffdf, 0xffdf,
	0xffdf, 0xffdf, 0xffdf, 0xffdf, 0xffdf, 0xffdf, 0xffdf, 0xffdf, 0xffdf, 0xffdf, 0xffdf, 0x8410,
	0xffdf, 0xffdf, 0xffdf, 0xffdf, 0xffdf, 0xffdf, 0xffdf, 0xffdf, 0xffdf, 0xffdf, 0xffdf, 0xffdf,
	0xffdf, 0xffdf, 0xffdf, 0xffdf, 0xffdf, 0xffdf, 0xffdf, 0xffdf, 0xffdf, 0xffdf, 0xffdf, 0xffdf,
	0xffdf, 0xffdf, 0xffdf, 0xffdf, 0xffdf, 0xffdf, 0xffdf, 0x8410, 0xffdf, 0xffdf, 0xffdf, 0xffdf,
	0xffdf, 0xffdf, 0xffdf, 0xffdf, 0xffdf, 0xffdf, 0xffdf, 0xffdf, 0xffdf, 0xffdf, 0xffdf, 0xffdf,
	0xffdf, 0xffdf, 0xffdf, 0xffdf, 0xffdf, 0xffdf, 0xffdf, 0xffdf, 0xffdf, 0xffdf, 0xffdf, 0xffdf,
	0xffdf, 0xffdf, 0xffdf, 0x8410, 0xffdf, 0xffdf, 0xffdf, 0xffdf, 0xffdf, 0xffdf, 0xffdf, 0xffdf,
	0xffdf, 0xffdf, 0xffdf, 0xffdf, 0xffdf, 0xffdf, 0xffdf, 0xffdf, 0xffdf, 0xffdf, 0xffdf, 0xffdf,
	0xffdf, 0xffdf, 0xffdf, 0xffdf, 0xffdf, 0xffdf, 0xffdf, 0xffdf, 0xffdf, 0xffdf, 0xffdf, 0x8410,
	0xffdf, 0xc618, 0xc618, 0xc618, 0xc618, 0xc618, 0xc618, 0xc618, 0xc618, 0xc618, 0xc618, 0xc618,
	0xc618, 0xc618, 0x0000, 0x0000, 0x0000, 0x0000, 0xc618, 0xc618, 0xc618, 0xc618, 0xc618, 0xc618,
	0xc618, 0xc618, 0xc618, 0xc618, 0xc618, 0xc618, 0xc618, 0x8410, 0xffdf, 0xc618, 0xc618, 0xc618,
	0xc618, 0xc618, 0xc618, 0xc618, 0xc618, 0xc618, 0xc618, 0xc618, 0xc618, 0xc618, 0xc618, 0xc618,
	0xc618, 0xc618, 0xc618, 0xc618, 0xc618, 0xc618, 0xc618, 0xc618, 0xc618, 0xc618, 0xc618, 0xc618,
	0xc618, 0xc618, 0xc618, 0x8410, 0xffdf, 0xc618, 0xc618, 0xc618, 0xc618, 0xc618, 0xc618, 0xc618,
	0xc618, 0xc618, 0xc618, 0xc618, 0xc618, 0xc618, 0xc618, 0x0000, 0x0000, 0x0000, 0x0000, 0xc618,
	0xc618, 0xc618, 0xc618, 0xc618, 0xc618, 0xc618, 0xc618, 0xc618, 0xc618, 0xc618, 0xc618, 0x8410,
	0xffdf, 0xc618, 0xc618, 0xc618, 0xc618, 0xc618, 0xc618, 0xc618, 0xc618, 0xc618, 0xc618, 0xc618,
	0xc618, 0xc618, 0xc618, 0xc618, 0xc618, 0xc618, 0xc618, 0xc618, 0xc618, 0xc618, 0xc618, 0xc618,
	0xc618, 0xc618, 0xc618, 0xc618, 0xc618, 0xc618, 0xc618, 0x8410, 0xffdf, 0xc618, 0xc618, 0xc618,
	0xc618, 0xc618, 0xc618, 0xc618, 0xc618, 0xc618, 0xc618, 0xc618, 0x0000, 0x0000, 0x8400, 0x8400,
	0x8400, 0x8400, 0x0000, 0x0000, 0xc618, 0xc618, 0xc618, 0xc618, 0xc618, 0xc618, 0xc618, 0xc618,
	0xc618, 0xc618, 0xc618, 0x8410, 0xffdf, 0xc618, 0xc618, 0xc618, 0xc618, 0xc618, 0xc618, 0xc618,
	0xc618, 0xc618, 0xc618, 0xc618, 0x0000, 0x0000, 0x0000, 0x0000, 0xc618, 0xc618, 0xc618, 0xc618,
	0xc618, 0xc618, 0xc618, 0xc618, 0xc618, 0xc618, 0xc618, 0xc618, 0xc618, 0xc618, 0xc618, 0x8410,
	0xffdf, 0xc618, 0xc618, 0xc618, 0xc618, 0xc618, 0xc618, 0xc618, 0xc618, 0xc618, 0xc618, 0xc618,
	0xc618, 0x0000, 0x0000, 0x8400, 0x8400, 0x8400, 0x8400, 0x0000, 0x0000, 0xc618, 0xc618, 0xc618,
	0xc618, 0xc618, 0xc618, 0xc618, 0xc618, 0xc618, 0xc618, 0x8410, 0xffdf, 0xc618, 0xc618, 0xc618,
	0xc618, 0xc618, 0xc618, 0xc618, 0xc618, 0xc618, 0xc618, 0xc618, 0xc618, 0xc618, 0xc618, 0xc618,
	0x0000, 0x0000, 0x0000, 0x0000, 0xc618, 0xc618, 0xc618, 0xc618, 0xc618, 0xc618, 0xc618, 0xc618,
	0xc618, 0xc618, 0xc618, 0x8410, 0xffdf, 0xc618, 0xc618, 0xc618, 0xc618, 0xc618, 0xc618, 0xc618,
	0xc618, 0xc618, 0xc618, 0x0000, 0x8400, 0x8410, 0x8400, 0x8400, 0x8400, 0x8400, 0x8400, 0x8400,
	0x0000, 0xc618, 0xc618, 0xc618, 0xc618, 0xc618, 0xc618, 0xc618, 0xc618, 0xc618, 0xc618, 0x8410,
	0xffdf, 0xc618, 0xc618, 0xc618, 0xc618, 0xc618, 0xc618, 0xc618, 0x0000, 0xc618, 0x0000, 0x0000,
	0x8410, 0x8410, 0x8400, 0x8400, 0x0000, 0x0000, 0xc618, 0xc618, 0xc618, 0xc618, 0xc618, 0xc618,
	0xc618, 0xc618, 0xc618, 0xc618, 0xc618, 0xc618, 0xc618, 0x8410, 0xffdf, 0xc618, 0xc618, 0xc618,
	0xc618, 0xc618, 0xc618, 0xc618, 0xc618, 0xc618, 0xc618, 0xc618, 0x0000, 0x8400, 0x8400, 0x8400,
	0x8400, 0x8400, 0x8400, 0x8410, 0x8400, 0x0000, 0xc618, 0xc618, 0xc618, 0xc618, 0xc618, 0xc618,
	0xc618, 0xc618, 0xc618, 0x8410, 0xffdf, 0xc618, 0xc618, 0xc618, 0xc618, 0xc618, 0xc618, 0xc618,
	0xc618, 0xc618, 0xc618, 0xc618, 0xc618, 0xc618, 0x0000, 0x0000, 0x8400, 0x8400, 0x8400, 0x8400,
	0x0000, 0x0000, 0xc618, 0x0000, 0xc618, 0xc618, 0xc618, 0xc618, 0xc618, 0xc618, 0xc618, 0x8410,
	0xffdf, 0xc618, 0xc618, 0xc618, 0xc618, 0xc618, 0xc618, 0xc618, 0xc618, 0xc618, 0xc618, 0x0000,
	0x8400, 0x8410, 0x8400, 0x8400, 0x8400, 0x8400, 0x8400, 0x8400, 0x0000, 0xc618, 0xc618, 0xc618,
	0xc618, 0xc618, 0xc618, 0xc618, 0xc618, 0xc618, 0xc618, 0x8410, 0xffdf, 0xc618, 0xc618, 0xc618,
	0xc618, 0xc618, 0xc618, 0xc618, 0xc618, 0x0000, 0x8400, 0x8400, 0x8400, 0x8400, 0x8410, 0x8410,
	0x0000, 0x0000, 0x0000, 0xc618, 0xc618, 0xc618, 0xc618, 0xc618, 0xc618, 0xc618, 0xc618, 0xc618,
	0xc618, 0xc618, 0xc618, 0x8410, 0xffdf, 0xc618, 0xc618, 0xc618, 0xc618, 0xc618, 0xc618, 0xc618,
	0xc618, 0xc618, 0xc618, 0xc618, 0x0000, 0x8400, 0x8400, 0x8400, 0x8400, 0x8400, 0x8400, 0x8410,
	0x8400, 0x0000, 0xc618, 0xc618, 0xc618, 0xc618, 0xc618, 0xc618, 0xc618, 0xc618, 0xc618, 0x8410,
	0xffdf, 0xc618, 0xc618, 0xc618, 0xc618, 0xc618, 0xc618, 0xc618, 0xc618, 0xc618, 0xc618, 0xc618,
	0xc618, 0x0000, 0x0000, 0x0000, 0x8400, 0x8400, 0x8400, 0x8400, 0x8400, 0x8400, 0x0000, 0xc618,
	0xc618, 0xc618, 0xc618, 0xc618, 0xc618, 0xc618, 0xc618, 0x8410, 0xffdf, 0xc618, 0xc618, 0xc618,
	0xc618, 0xc618, 0xc618, 0xc618, 0xc618, 0xc618, 0x0000, 0x8400, 0x8400, 0x8410, 0x8400, 0x0000,
	0x8400, 0x0000, 0x8400, 0x8400, 0x8400, 0x0000, 0xc618, 0xc618, 0xc618, 0xc618, 0xc618, 0xc618,
	0xc618, 0xc618, 0xc618, 0x8410, 0xffdf, 0xc618, 0xc618, 0xc618, 0xc618, 0xc618, 0xc618, 0xc618,
	0xc618, 0x0000, 0x8400, 0x8400, 0x8400, 0x8400, 0x8400, 0x0000, 0xffdf, 0xffdf, 0x0000, 0xc618,
	0xc618, 0xc618, 0xc618, 0xc618, 0xc618, 0xc618, 0xc618, 0xc618, 0xc618, 0xc618, 0xc618, 0x8410,
	0xffdf, 0xc618, 0xc618, 0xc618, 0xc618, 0xc618, 0xc618, 0xc618, 0xc618, 0xc618, 0xc618, 0x0000,
	0x8400, 0x8400, 0x8400, 0x8400, 0x8400, 0x8400, 0x8400, 0x0000, 0x8400, 0x8400, 0x0000, 0xc618,
	0xc618, 0xc618, 0xc618, 0xc618, 0xc618, 0xc618, 0xc618, 0x8410, 0xffdf, 0xc618, 0xc618, 0xc618,
	0xc618, 0xc618, 0xc618, 0xc618, 0xc618, 0xc618, 0xc618, 0xc618, 0xc618, 0x0000, 0xffdf, 0xffdf,
	0x0000, 0x8400, 0x8400, 0x8400, 0x8400, 0x8400, 0x0000, 0xc618, 0xc618, 0xc618, 0xc618, 0xc618,
	0xc618, 0xc618, 0xc618, 0x8410, 0xffdf, 0xc618, 0xc618, 0xc618, 0xc618, 0xc618, 0xc618, 0xc618,
	0xc618, 0xc618, 0x0000, 0x8400, 0x8400, 0x8400, 0x8410, 0x8400, 0x0000, 0x8400, 0x8400, 0x8400,
	0x8400, 0x0000, 0xc618, 0xc618, 0xc618, 0xc618, 0xc618, 0xc618, 0xc618, 0xc618, 0xc618, 0x8410,
	0xffdf, 0xc618, 0xc618, 0xc618, 0xc618, 0xc618, 0xc618, 0xc618, 0x0000, 0x8400, 0x8400, 0x8400,
	0x8400, 0x8400, 0x0000, 0xffdf, 0xffdf, 0x0000, 0x0000, 0x0000, 0xc618, 0xc618, 0xc618, 0xc618,
	0xc618, 0xc618, 0xc618, 0xc618, 0xc618, 0xc618, 0xc618, 0x8410, 0xffdf, 0xc618, 0xc618, 0xc618,
	0xc618, 0xc618, 0xc618, 0xc618, 0xc618, 0xc618, 0xc618, 0x0000, 0x8400, 0x0000, 0x0000, 0x0000,
	0x0000, 0x0000, 0x0000, 0xffdf, 0x0000, 0x8400, 0x0000, 0xc618, 0xc618, 0xc618, 0xc618, 0xc618,
	0xc618, 0xc618, 0xc618, 0x8410, 0xffdf, 0xc618, 0xc618, 0xc618, 0xc618, 0xc618, 0xc618, 0xc618,
	0xc618, 0xc618, 0xc618, 0xc618, 0x0000, 0x0000, 0x0000, 0xffdf, 0xffdf, 0x0000, 0x8400, 0x8410,
	0x8410, 0x8410, 0x8400, 0x0000, 0xc618, 0xc618, 0xc618, 0xc618, 0xc618, 0xc618, 0xc618, 0x8410,
	0xffdf, 0xc618, 0xc618, 0xc618, 0xc618, 0xc618, 0xc618, 0xc618, 0xc618, 0xc618, 0x0000, 0x8400,
	0x8400, 0x8400, 0x8400, 0x8400, 0x8400, 0x8400, 0x8400, 0x8400, 0x8400, 0x0000, 0xc618, 0xc618,
	0xc618, 0xc618, 0xc618, 0xc618, 0xc618, 0xc618, 0xc618, 0x8410, 0xffdf, 0xc618, 0xc618, 0xc618,
	0xc618, 0xc618, 0xc618, 0xc618, 0x0000, 0x8400, 0x8400, 0x8400, 0x8400, 0x8400, 0x0000, 0xffdf,
	0xffdf, 0xffdf, 0xffdf, 0x0000, 0xc618, 0xc618, 0xc618, 0xc618, 0xc618, 0xc618, 0xc618, 0xc618,
	0xc618, 0xc618, 0xc618, 0x8410, 0xffdf, 0xc618, 0xc618, 0xc618, 0xc618, 0xc618, 0xc618, 0xc618,
	0xc618, 0xc618, 0xc618, 0x0000, 0x0000, 0xffdf, 0xffdf, 0xffdf, 0xffdf, 0xffdf, 0xffdf, 0xffdf,
	0xffdf, 0x0000, 0x0000, 0xc618, 0xc618, 0xc618, 0xc618, 0xc618, 0xc618, 0xc618, 0xc618, 0x8410,
	0xffdf, 0xc618, 0xc618, 0xc618, 0xc618, 0xc618, 0xc618, 0xc618, 0xc618, 0xc618, 0xc618, 0xc618,
	0x0000, 0xffdf, 0xffdf, 0xffdf, 0xffdf, 0x0000, 0x8410, 0x8400, 0x8400, 0x8400, 0x8400, 0x0000,
	0xc618, 0xc618, 0xc618, 0xc618, 0xc618, 0xc618, 0xc618, 0x8410, 0xffdf, 0xc618, 0xc618, 0xc618,
	0xc618, 0xc618, 0xc618, 0xc618, 0xc618, 0xc618, 0x0000, 0x8400, 0x8400, 0x8400, 0x8400, 0x8400,
	0x8400, 0x8400, 0x8400, 0x8400, 0x8400, 0x0000, 0xc618, 0xc618, 0xc618, 0xc618, 0xc618, 0xc618,
	0xc618, 0xc618, 0xc618, 0x8410, 0xffdf, 0xc618, 0xc618, 0xc618, 0xc618, 0xc618, 0xc618, 0xc618,
	0x0000, 0x8400, 0x8400, 0x8400, 0x8400, 0x0000, 0xffdf, 0xffdf, 0x0000, 0xffdf, 0xffdf, 0x0000,
	0xc618, 0xc618, 0xc618, 0x0000, 0x0000, 0xc618, 0xc618, 0xc618, 0xc618, 0xc618, 0xc618, 0x8410,
	0xffdf, 0xc618, 0xc618, 0xc618, 0xc618, 0xc618, 0xc618, 0xc618, 0xc618, 0xc618, 0xc618, 0x0000,
	0xffdf, 0xffdf, 0xc618, 0x0000, 0xffdf, 0xffdf, 0x0000, 0xc618, 0xffdf, 0xffdf, 0x0000, 0xc618,
	0xc618, 0xc618, 0xc618, 0xc618, 0xc618, 0xc618, 0xc618, 0x8410, 0xffdf, 0xc618, 0xc618, 0xc618,
	0xc618, 0xc618, 0xc618, 0x0000, 0x0000, 0xc618, 0xc618, 0xc618, 0x0000, 0xffdf, 0xffdf, 0x0000,
	0xffdf, 0xffdf, 0x0000, 0x8400, 0x8400, 0x8400, 0x8400, 0x0000, 0xc618, 0xc618, 0xc618, 0xc618,
	0xc618, 0xc618, 0xc618, 0x8410, 0xffdf, 0xc618, 0xc618, 0xc618, 0xc618, 0xc618, 0xc618, 0xc618,
	0xc618, 0xc618, 0x0000, 0x0000, 0x8400, 0x8400, 0x8400, 0x8400, 0x8400, 0x8400, 0x8400, 0x8400,
	0x0000, 0x0000, 0xc618, 0xc618, 0xc618, 0xc618, 0xc618, 0xc618, 0xc618, 0xc618, 0xc618, 0x8410,
	0xffdf, 0xc618, 0xc618, 0xc618, 0xc618, 0xc618, 0xc618, 0xc618, 0x0000, 0x8400, 0x0000, 0x0000,
	0x0000, 0xffdf, 0xffdf, 0x0000, 0x0000, 0xffdf, 0xc618, 0x0000, 0xc618, 0xc618, 0x0000, 0xffdf,
	0xc618, 0x0000, 0xc618, 0xc618, 0xc618, 0xc618, 0xc618, 0x8410, 0xffdf, 0xc618, 0xc618, 0xc618,
	0xc618, 0xc618, 0xc618, 0xc618, 0xc618, 0xc618, 0xc618, 0x0000, 0x0000, 0xffdf, 0xffdf, 0xffdf,
	0xffdf, 0xffdf, 0xffdf, 0xffdf, 0xffdf, 0xc618, 0x0000, 0xc618, 0xc618, 0xc618, 0xc618, 0xc618,
	0xc618, 0xc618, 0xc618, 0x8410, 0xffdf, 0xc618, 0xc618, 0xc618, 0xc618, 0xc618, 0x0000, 0xc618,
	0xffdf, 0x0000, 0xc618, 0xc618, 0x0000, 0xc618, 0xffdf, 0x0000, 0x0000, 0xffdf, 0xffdf, 0x0000,
	0x0000, 0x0000, 0x8400, 0x0000, 0xc618, 0xc618, 0xc618, 0xc618, 0xc618, 0xc618, 0xc618, 0x8410,
	0xffdf, 0xc618, 0xc618, 0xc618, 0xc618, 0xc618, 0xc618, 0xc618, 0xc618, 0xc618, 0x0000, 0x0000,
	0x8400, 0x8400, 0x8400, 0x8400, 0x8400, 0x8400, 0x8400, 0x8400, 0x0000, 0x0000, 0xc618, 0xc618,
	0xc618, 0xc618, 0xc618, 0xc618, 0xc618, 0xc618, 0xc618, 0x8410, 0xffdf, 0xc618, 0xc618, 0xc618,
	0xc618, 0xc618, 0xc618, 0xc618, 0xc618, 0x0000, 0xffdf, 0xffdf, 0x0000, 0xffdf, 0xffdf, 0xffdf,
	0xffdf, 0xffdf, 0x0000, 0xc618, 0xc618, 0x0000, 0x07df, 0xc618, 0x8410, 0x0000, 0xc618, 0xc618,
	0xc618, 0xc618, 0xc618, 0x8410, 0xffdf, 0xc618, 0xc618, 0xc618, 0xc618, 0xc618, 0xc618, 0xc618,
	0xc618, 0xc618, 0xc618, 0xc618, 0x0000, 0xffdf, 0xffdf, 0xffdf, 0x0000, 0x0000, 0xffdf, 0xc618,
	0xc618, 0x0000, 0xc618, 0xc618, 0xc618, 0xc618, 0xc618, 0xc618, 0xc618, 0xc618, 0xc618, 0x8410,
	0xffdf, 0xc618, 0xc618, 0xc618, 0xc618, 0xc618, 0x0000, 0x8410, 0xc618, 0x07df, 0x0000, 0xc618,
	0xc618, 0x0000, 0xffdf, 0xffdf, 0xffdf, 0xffdf, 0xffdf, 0x0000, 0xffdf, 0xffdf, 0x0000, 0xc618,
	0xc618, 0xc618, 0xc618, 0xc618, 0xc618, 0xc618, 0xc618, 0x8410, 0xffdf, 0xc618, 0xc618, 0xc618,
	0xc618, 0xc618, 0xc618, 0xc618, 0xc618, 0xc618, 0xc618, 0xc618, 0x0000, 0x0000, 0x8400, 0x8400,
	0x8400, 0x8400, 0x0000, 0x0000, 0xc618, 0xc618, 0xc618, 0xc618, 0xc618, 0xc618, 0xc618, 0xc618,
	0xc618, 0xc618, 0xc618, 0x8410, 0xffdf, 0xc618, 0xc618, 0xc618, 0xc618, 0xc618, 0xc618, 0xc618,
	0xc618, 0x0000, 0xffdf, 0xffdf, 0xffdf, 0x0000, 0xffdf, 0xffdf, 0xc618, 0xc618, 0x0000, 0x0000,
	0x0000, 0x07df, 0x0410, 0x0000, 0x0000, 0xc618, 0xc618, 0xc618, 0xc618, 0xc618, 0xc618, 0x8410,
	0xffdf, 0xc618, 0xc618, 0xc618, 0xc618, 0xc618, 0xc618, 0xc618, 0xc618, 0xc618, 0xc618, 0xc618,
	0xc618, 0x0000, 0x0000, 0xc618, 0xc618, 0xc618, 0xc618, 0x0000, 0x0000, 0xc618, 0xc618, 0xc618,
	0xc618, 0xc618, 0xc618, 0xc618, 0xc618, 0xc618, 0xc618, 0x8410, 0xffdf, 0xc618, 0xc618, 0xc618,
	0xc618, 0xc618, 0xc618, 0x0000, 0x0000, 0x0410, 0x07df, 0x0000, 0x0000, 0x0000, 0xc618, 0xc618,
	0xffdf, 0xffdf, 0x0000, 0xffdf, 0xffdf, 0xffdf, 0x0000, 0xc618, 0xc618, 0xc618, 0xc618, 0xc618,
	0xc618, 0xc618, 0xc618, 0x8410, 0xffdf, 0xc618, 0xc618, 0xc618, 0xc618, 0xc618, 0xc618, 0xc618,
	0xc618, 0xc618, 0xc618, 0x0000, 0x07df, 0x07df, 0x0000, 0x0000, 0x0000, 0x0000, 0x0410, 0x0410,
	0x0000, 0x0000, 0xc618, 0x0000, 0x0000, 0xc618, 0xc618, 0xc618, 0xc618, 0xc618, 0xc618, 0x8410,
	0xffdf, 0xc618, 0xc618, 0xc618, 0xc618, 0xc618, 0xc618, 0xc618, 0xc618, 0xc618, 0x0000, 0x0000,
	0xc618, 0xc618, 0xc618, 0xc618, 0x0000, 0x0000, 0x0000, 0x0410, 0x0410, 0x0410, 0x0000, 0xc618,
	0xc618, 0xc618, 0xc618, 0xc618, 0xc618, 0xc618, 0xc618, 0x8410, 0xffdf, 0xc618, 0xc618, 0xc618,
	0xc618, 0xc618, 0xc618, 0xc618, 0x0000, 0x0000, 0xc618, 0x0000, 0x0000, 0x07df, 0x0410, 0x0000,
	0x0000, 0x0000, 0x0000, 0x07df, 0x07df, 0x0000, 0xc618, 0xc618, 0xc618, 0xc618, 0xc618, 0xc618,
	0xc618, 0xc618, 0xc618, 0x8410, 0xffdf, 0xc618, 0xc618, 0xc618, 0xc618, 0xc618, 0xc618, 0xc618,
	0xc618, 0x0000, 0x0410, 0x0410, 0x0410, 0x0000, 0x0000, 0x0000, 0xc618, 0xc618, 0xc618, 0xc618,
	0x0000, 0x0000, 0xc618, 0xc618, 0xc618, 0xc618, 0xc618, 0xc618, 0xc618, 0xc618, 0xc618, 0x8410,
	0xffdf, 0xc618, 0xc618, 0xc618, 0xc618, 0xc618, 0xc618, 0xc618, 0xc618, 0xc618, 0x0000, 0x07df,
	0x0410, 0x0410, 0x0410, 0x0410, 0x0410, 0x0410, 0x0410, 0x0410, 0x0410, 0x0410, 0x0000, 0xffdf,
	0xc618, 0x0000, 0xc618, 0xc618, 0xc618, 0xc618, 0xc618, 0x8410, 0xffdf, 0xc618, 0xc618, 0xc618,
	0xc618, 0xc618, 0xc618, 0xc618, 0xc618, 0xc618, 0xc618, 0xc618, 0x0000, 0x0000, 0x0000, 0x0000,
	0x0410, 0x0410, 0x0000, 0x0410, 0x0410, 0x0000, 0xc618, 0xc618, 0xc618, 0xc618, 0xc618, 0xc618,
	0xc618, 0xc618, 0xc618, 0x8410, 0xffdf, 0xc618, 0xc618, 0xc618, 0xc618, 0xc618, 0xc618, 0x0000,
	0xffdf, 0xc618, 0x0000, 0x07df, 0x07df, 0x0410, 0x0410, 0x0410, 0x0410, 0x0410, 0x0410, 0x0410,
	0x0410, 0x0410, 0x0000, 0xc618, 0xc618, 0xc618, 0xc618, 0xc618, 0xc618, 0xc618, 0xc618, 0x8410,
	0xffdf, 0xc618, 0xc618, 0xc618, 0xc618, 0xc618, 0xc618, 0xc618, 0xc618, 0xc618, 0x0000, 0x0410,
	0x0410, 0x0000, 0x07df, 0x0410, 0x0000, 0x0000, 0x0000, 0x0000, 0xc618, 0xc618, 0xc618, 0xc618,
	0xc618, 0xc618, 0xc618, 0xc618, 0xc618, 0xc618, 0xc618, 0x8410, 0xffdf, 0xc618, 0xc618, 0xc618,
	0xc618, 0xc618, 0xc618, 0xc618, 0xc618, 0x0000, 0x07df, 0x0410, 0x0410, 0x0410, 0x0410, 0x0410,
	0x0410, 0x0410, 0x0410, 0x0410, 0x0410, 0x0410, 0x0000, 0xc618, 0x0410, 0x0000, 0xc618, 0xc618,
	0xc618, 0xc618, 0xc618, 0x8410, 0xffdf, 0xc618, 0xc618, 0xc618, 0xc618, 0xc618, 0xc618, 0xc618,
	0xc618, 0xc618, 0xc618, 0xc618, 0x0000, 0x0410, 0x0410, 0x0410, 0x0410, 0x0410, 0x0000, 0x0000,
	0x0000, 0xc618, 0xc618, 0xc618, 0xc618, 0xc618, 0xc618, 0xc618, 0xc618, 0xc618, 0xc618, 0x8410,
	0xffdf, 0xc618, 0xc618, 0xc618, 0xc618, 0xc618, 0xc618, 0x0000, 0xc618, 0xc618, 0x0000, 0x0410,
	0x0410, 0x0410, 0x0410, 0x0410, 0x0410, 0x0410, 0x0410, 0x0410, 0x0410, 0x0410, 0x0410, 0x0000,
	0xc618, 0xc618, 0xc618, 0xc618, 0xc618, 0xc618, 0xc618, 0x8410, 0xffdf, 0xc618, 0xc618, 0xc618,
	0xc618, 0xc618, 0xc618, 0xc618, 0xc618, 0xc618, 0xc618, 0x0000, 0x0000, 0x0000, 0x0410, 0x0410,
	0x0410, 0x0410, 0x0410, 0x0000, 0xc618, 0xc618, 0xc618, 0xc618, 0xc618, 0xc618, 0xc618, 0xc618,
	0xc618, 0xc618, 0xc618, 0x8410, 0xffdf, 0xc618, 0xc618, 0xc618, 0xc618, 0xc618, 0xc618, 0xc618,
	0x0000, 0x07df, 0x0410, 0x0410, 0x0410, 0x0000, 0x0410, 0x0410, 0x0410, 0x0410, 0x0410, 0x0000,
	0x0410, 0x0410, 0x0000, 0x07df, 0x0410, 0x0000, 0xc618, 0xc618, 0xc618, 0xc618, 0xc618, 0x8410,
	0xffdf, 0xc618, 0xc618, 0xc618, 0xc618, 0xc618, 0xc618, 0xc618, 0xc618, 0xc618, 0xc618, 0x0000,
	0x0410, 0x0410, 0x0410, 0x0410, 0x0410, 0x0410, 0x0000, 0xc618, 0xc618, 0xc618, 0xc618, 0xc618,
	0xc618, 0xc618, 0xc618, 0xc618, 0xc618, 0xc618, 0xc618, 0x8410, 0xffdf, 0xc618, 0xc618, 0xc618,
	0xc618, 0xc618, 0xc618, 0x0000, 0x0410, 0x07df, 0x0000, 0x0410, 0x0410, 0x0000, 0x0410, 0x0410,
	0x0410, 0x0410, 0x0410, 0x0000, 0x0410, 0x0410, 0x0410, 0x0410, 0x0000, 0xc618, 0xc618, 0xc618,
	0xc618, 0xc618, 0xc618, 0x8410, 0xffdf, 0xc618, 0xc618, 0xc618, 0xc618, 0xc618, 0xc618, 0xc618,
	0xc618, 0xc618, 0xc618, 0xc618, 0xc618, 0x0000, 0x07df, 0x0410, 0x0410, 0x0410, 0x0410, 0x0410,
	0x0000, 0xc618, 0xc618, 0xc618, 0xc618, 0xc618, 0xc618, 0xc618, 0xc618, 0xc618, 0xc618, 0x8410,
	0xffdf, 0xc618, 0xc618, 0xc618, 0xc618, 0xc618, 0xc618, 0xc618, 0x0000, 0x0410, 0x0410, 0x0410,
	0x0000, 0x07df, 0x0410, 0x0410, 0x0410, 0x0410, 0x0410, 0x0410, 0x0000, 0x0410, 0x0410, 0x0410,
	0x0000, 0xc618, 0xc618, 0xc618, 0xc618, 0xc618, 0xc618, 0x8410, 0xffdf, 0xc618, 0xc618, 0xc618,
	0xc618, 0xc618, 0xc618, 0xc618, 0xc618, 0xc618, 0x0000, 0x07df, 0x0410, 0x0410, 0x0410, 0x0000,
	0x0410, 0x0000, 0xc618, 0xc618, 0xc618, 0xc618, 0xc618, 0xc618, 0xc618, 0xc618, 0xc618, 0xc618,
	0xc618, 0xc618, 0xc618, 0x8410, 0xffdf, 0xc618, 0xc618, 0xc618, 0xc618, 0xc618, 0xc618, 0xc618,
	0x0000, 0x0410, 0x0410, 0x0410, 0x0000, 0x07df, 0x0410, 0x0410, 0x0410, 0x0410, 0x0410, 0x0410,
	0x0000, 0x0410, 0x0410, 0x0410, 0x0000, 0xc618, 0xc618, 0xc618, 0xc618, 0xc618, 0xc618, 0x8410,
	0xffdf, 0xc618, 0xc618, 0xc618, 0xc618, 0xc618, 0xc618, 0xc618, 0xc618, 0xc618, 0xc618, 0xc618,
	0xc618, 0xc618, 0x0000, 0x0410, 0x0000, 0x0410, 0x0410, 0x0410, 0x07df, 0x0000, 0xc618, 0xc618,
	0xc618, 0xc618, 0xc618, 0xc618, 0xc618, 0xc618, 0xc618, 0x8410, 0xffdf, 0xc618, 0xc618, 0xc618,
	0xc618, 0xc618, 0xc618, 0x0000, 0x0410, 0x0410, 0x0410, 0x0000, 0x0000, 0x0410, 0x0410, 0x0410,
	0x0410, 0x0410, 0x0410, 0x0410, 0x0000, 0x0000, 0x0410, 0x0410, 0x0000, 0xc618, 0xc618, 0xc618,
	0xc618, 0xc618, 0xc618, 0x8410, 0xffdf, 0xc618, 0xc618, 0xc618, 0xc618, 0xc618, 0xc618, 0xc618,
	0xc618, 0x0000, 0x07df, 0x0410, 0x0410, 0x0410, 0x0000, 0x0410, 0x0410, 0x0000, 0xc618, 0xc618,
	0xc618, 0xc618, 0xc618, 0xc618, 0xc618, 0xc618, 0xc618, 0xc618, 0xc618, 0xc618, 0xc618, 0x8410,
	0xffdf, 0xc618, 0xc618, 0xc618, 0xc618, 0xc618, 0xc618, 0xc618, 0x0000, 0x0410, 0x0410, 0x0000,
	0x0000, 0x0410, 0x0410, 0x0410, 0x0410, 0x0410, 0x0410, 0x0410, 0x0000, 0x0000, 0x0410, 0x0410,
	0x0410, 0x0000, 0xc618, 0xc618, 0xc618, 0xc618, 0xc618, 0x8410, 0xffdf, 0xc618, 0xc618, 0xc618,
	0xc618, 0xc618, 0xc618, 0xc618, 0xc618, 0xc618, 0xc618, 0xc618, 0xc618, 0xc618, 0x0000, 0x0410,
	0x0410, 0x0000, 0x0410, 0x0410, 0x0410, 0x07df, 0x0000, 0xc618, 0xc618, 0xc618, 0xc618, 0xc618,
	0xc618, 0xc618, 0xc618, 0x8410, 0xffdf, 0xc618, 0xc618, 0xc618, 0xc618, 0xc618, 0xc618, 0x0000,
	0xffdf, 0xc618, 0x0000, 0xc618, 0x0000, 0x07df, 0x0410, 0x0410, 0x0410, 0x0410, 0x0410, 0x0410,
	0x0000, 0xc618, 0x0000, 0x0000, 0xc618, 0xc618, 0xc618, 0xc618, 0xc618, 0xc618, 0xc618, 0x8410,
	0xffdf, 0xc618, 0xc618, 0xc618, 0xc618, 0xc618, 0xc618, 0xc618, 0xc618, 0x0000, 0x0410, 0x0410,
	0x0410, 0x0000, 0x0410, 0x0410, 0x0410, 0x0000, 0x0000, 0x0000, 0x0000, 0xc618, 0xc618, 0xc618,
	0xc618, 0xc618, 0xc618, 0xc618, 0xc618, 0xc618, 0xc618, 0x8410, 0xffdf, 0xc618, 0xc618, 0xc618,
	0xc618, 0xc618, 0xc618, 0xc618, 0xc618, 0x0000, 0x0000, 0xc618, 0x0000, 0x07df, 0x0410, 0x0410,
	0x0410, 0x0410, 0x0410, 0x0410, 0x0000, 0xc618, 0x0000, 0xffdf, 0xc618, 0x0000, 0xc618, 0xc618,
	0xc618, 0xc618, 0xc618, 0x8410, 0xffdf, 0xc618, 0xc618, 0xc618, 0xc618, 0xc618, 0xc618, 0xc618,
	0xc618, 0xc618, 0xc618, 0x0000, 0x0000, 0x0000, 0x0000, 0x0410, 0x0410, 0x0410, 0x0000, 0x0410,
	0x0410, 0x0410, 0x0000, 0xc618, 0xc618, 0xc618, 0xc618, 0xc618, 0xc618, 0xc618, 0xc618, 0x8410,
	0xffdf, 0xc618, 0xc618, 0xc618, 0xc618, 0xc618, 0xc618, 0x0000, 0xc618, 0xc618, 0x0000, 0xc618,
	0x0000, 0x0400, 0x0400, 0x0400, 0x0400, 0x0400, 0x0400, 0x0400, 0x0000, 0xc618, 0xc618, 0xc618,
	0xc618, 0xc618, 0xc618, 0xc618, 0xc618, 0xc618, 0xc618, 0x8410, 0xffdf, 0xc618, 0xc618, 0xc618,
	0xc618, 0xc618, 0xc618, 0xc618, 0x0000, 0x0000, 0x0410, 0x0410, 0x0000, 0x0400, 0x0400, 0x0400,
	0x0400, 0x0400, 0x07c0, 0x0400, 0x07c0, 0x0000, 0x0000, 0xc618, 0xc618, 0xc618, 0xc618, 0xc618,
	0xc618, 0xc618, 0xc618, 0x8410, 0xffdf, 0xc618, 0xc618, 0xc618, 0xc618, 0xc618, 0xc618, 0xc618,
	0xc618, 0xc618, 0xc618, 0xc618, 0x0000, 0x0400, 0x0400, 0x0400, 0x0400, 0x0400, 0x0400, 0x0400,
	0x0000, 0xc618, 0x0000, 0xc618, 0xc618, 0x0000, 0xc618, 0xc618, 0xc618, 0xc618, 0xc618, 0x8410,
	0xffdf, 0xc618, 0xc618, 0xc618, 0xc618, 0xc618, 0xc618, 0xc618, 0xc618, 0x0000, 0x0000, 0x07c0,
	0x0400, 0x07c0, 0x0400, 0x0400, 0x0400, 0x0400, 0x0400, 0x0000, 0x0410, 0x0410, 0x0000, 0x0000,
	0xc618, 0xc618, 0xc618, 0xc618, 0xc618, 0xc618, 0xc618, 0x8410, 0xffdf, 0xc618, 0xc618, 0xc618,
	0xc618, 0xc618, 0xc618, 0xc618, 0x0000, 0x0000, 0xc618, 0xc618, 0x0000, 0x07c0, 0x0400, 0x0400,
	0x0400, 0x0400, 0x0400, 0x0400, 0x0000, 0xc618, 0xc618, 0xc618, 0xc618, 0xc618, 0xc618, 0xc618,
	0xc618, 0xc618, 0xc618, 0x8410, 0xffdf, 0xc618, 0xc618, 0xc618, 0xc618, 0xc618, 0xc618, 0x0000,
	0x07c0, 0x0400, 0x0000, 0x0410, 0x0410, 0x0000, 0x0400, 0x0400, 0x0400, 0x0400, 0x0400, 0x0400,
	0x0400, 0x0400, 0x07c0, 0x0000, 0xc618, 0xc618, 0xc618, 0xc618, 0xc618, 0xc618, 0xc618, 0x8410,
	0xffdf, 0xc618, 0xc618, 0xc618, 0xc618, 0xc618, 0xc618, 0xc618, 0xc618, 0xc618, 0xc618, 0xc618,
	0x0000, 0x07c0, 0x0400, 0x0400, 0x0400, 0x0400, 0x0400, 0x0400, 0x0000, 0xc618, 0xc618, 0x0000,
	0x0000, 0xc618, 0xc618, 0xc618, 0xc618, 0xc618, 0xc618, 0x8410, 0xffdf, 0xc618, 0xc618, 0xc618,
	0xc618, 0xc618, 0xc618, 0xc618, 0x0000, 0x07c0, 0x0400, 0x0400, 0x0400, 0x0400, 0x0400, 0x0400,
	0x0400, 0x0400, 0x0000, 0x0410, 0x0410, 0x0000, 0x0400, 0x0400, 0x0000, 0xc618, 0xc618, 0xc618,
	0xc618, 0xc618, 0xc618, 0x8410, 0xffdf, 0xc618, 0xc618, 0xc618, 0xc618, 0xc618, 0xc618, 0xc618,
	0xc618, 0xc618, 0xc618, 0xc618, 0x0000, 0x0400, 0x0400, 0x0400, 0x0000, 0x0400, 0x0400, 0x0400,
	0x0000, 0xc618, 0xc618, 0xc618, 0xc618, 0xc618, 0xc618, 0xc618, 0xc618, 0xc618, 0xc618, 0x8410,
	0xffdf, 0xc618, 0xc618, 0xc618, 0xc618, 0xc618, 0x0000, 0x07c0, 0x0400, 0x0400, 0x0000, 0x0410,
	0xc618, 0xc618, 0x0000, 0x0400, 0x0400, 0x0400, 0x0400, 0x0400, 0x0400, 0x0400, 0x0400, 0x0000,
	0xc618, 0xc618, 0xc618, 0xc618, 0xc618, 0xc618, 0xc618, 0x8410, 0xffdf, 0xc618, 0xc618, 0xc618,
	0xc618, 0xc618, 0xc618, 0xc618, 0xc618, 0xc618, 0xc618, 0xc618, 0x0000, 0x0400, 0x0400, 0x0400,
	0x0000, 0x0400, 0x0400, 0x0400, 0x0000, 0xc618, 0xc618, 0xc618, 0xc618, 0xc618, 0xc618, 0xc618,
	0xc618, 0xc618, 0xc618, 0x8410, 0xffdf, 0xc618, 0xc618, 0xc618, 0xc618, 0xc618, 0xc618, 0xc618,
	0x0000, 0x0400, 0x0400, 0x0400, 0x0400, 0x0400, 0x0400, 0x0400, 0x0400, 0x0000, 0xc618, 0xc618,
	0x0410, 0x0000, 0x0400, 0x0400, 0x0400, 0x0000, 0xc618, 0xc618, 0xc618, 0xc618, 0xc618, 0x8410,
	0xffdf, 0xc618, 0xc618, 0xc618, 0xc618, 0xc618, 0xc618, 0xc618, 0xc618, 0xc618, 0xc618, 0xc618,
	0x0000, 0x0400, 0x0400, 0x0400, 0x0000, 0x0400, 0x0400, 0x0400, 0x0000, 0xc618, 0xc618, 0xc618,
	0xc618, 0xc618, 0xc618, 0xc618, 0xc618, 0xc618, 0xc618, 0x8410, 0xffdf, 0xc618, 0xc618, 0xc618,
	0xc618, 0x0000, 0x8410, 0x0400, 0x0400, 0x0000, 0x0000, 0x0000, 0xc618, 0x8410, 0x0000, 0x0000,
	0x0000, 0x0000, 0x0000, 0x0000, 0x0400, 0x0400, 0x0000, 0xc618, 0xc618, 0xc618, 0xc618, 0xc618,
	0xc618, 0xc618, 0xc618, 0x8410, 0xffdf, 0xc618, 0xc618, 0xc618, 0xc618, 0xc618, 0xc618, 0xc618,
	0xc618, 0xc618, 0xc618, 0xc618, 0x0000, 0x07c0, 0x0400, 0x0400, 0x0000, 0x0400, 0x0400, 0x0400,
	0x0000, 0xc618, 0xc618, 0xc618, 0xc618, 0xc618, 0xc618, 0xc618, 0xc618, 0xc618, 0xc618, 0x8410,
	0xffdf, 0xc618, 0xc618, 0xc618, 0xc618, 0xc618, 0xc618, 0xc618, 0xc618, 0x0000, 0x0400, 0x0400,
	0x0000, 0x0000, 0x0000, 0x0000, 0x0000, 0x0000, 0x8410, 0xc618, 0x0000, 0x0000, 0x0000, 0x0400,
	0x0400, 0x8410, 0x0000, 0xc618, 0xc618, 0xc618, 0xc618, 0x8410, 0xffdf, 0xc618, 0xc618, 0xc618,
	0xc618, 0xc618, 0xc618, 0xc618, 0xc618, 0xc618, 0xc618, 0xc618, 0x0000, 0x0400, 0x0400, 0x0400,
	0x0000, 0x07c0, 0x0400, 0x0400, 0x0000, 0xc618, 0xc618, 0xc618, 0xc618, 0xc618, 0xc618, 0xc618,
	0xc618, 0xc618, 0xc618, 0x8410, 0xffdf, 0xc618, 0xc618, 0xc618, 0xc618, 0x0000, 0x8410, 0x8410,
	0x8410, 0x8410, 0x0000, 0xc618, 0x0000, 0x0000, 0x0000, 0xc618, 0xc618, 0xc618, 0x0000, 0x0400,
	0x0400, 0x0400, 0x0000, 0xc618, 0xc618, 0xc618, 0xc618, 0xc618, 0xc618, 0xc618, 0xc618, 0x8410,
	0xffdf, 0xc618, 0xc618, 0xc618, 0xc618, 0xc618, 0xc618, 0xc618, 0xc618, 0xc618, 0xc618, 0xc618,
	0x0000, 0x0400, 0x07c0, 0x0400, 0x0000, 0x0400, 0x0400, 0x0400, 0x0000, 0xc618, 0xc618, 0xc618,
	0xc618, 0xc618, 0xc618, 0xc618, 0xc618, 0xc618, 0xc618, 0x8410, 0xffdf, 0xc618, 0xc618, 0xc618,
	0xc618, 0xc618, 0xc618, 0xc618, 0xc618, 0x0000, 0x0400, 0x0400, 0x0400, 0x0000, 0xc618, 0xc618,
	0xc618, 0x0000, 0x0000, 0x0000, 0xc618, 0x0000, 0x8410, 0x8410, 0x8410, 0x8410, 0x0000, 0xc618,
	0xc618, 0xc618, 0xc618, 0x8410, 0xffdf, 0xc618, 0xc618, 0xc618, 0xc618, 0xc618, 0xc618, 0xc618,
	0xc618, 0xc618, 0xc618, 0xc618, 0x0000, 0x0400, 0x0400, 0x8410, 0x0000, 0x0400, 0x07c0, 0x0400,
	0x0000, 0xc618, 0xc618, 0xc618, 0xc618, 0xc618, 0xc618, 0xc618, 0xc618, 0xc618, 0xc618, 0x8410,
	0xffdf, 0xc618, 0xc618, 0xc618, 0xc618, 0xc618, 0x0000, 0x0000, 0x8410, 0x8410, 0x0000, 0xc618,
	0xc618, 0xc618, 0xc618, 0xc618, 0xc618, 0xc618, 0x0000, 0x07c0, 0x0400, 0x0000, 0xc618, 0xc618,
	0xc618, 0xc618, 0xc618, 0xc618, 0xc618, 0xc618, 0xc618, 0x8410, 0xffdf, 0xc618, 0xc618, 0xc618,
	0xc618, 0xc618, 0xc618, 0xc618, 0xc618, 0xc618, 0xc618, 0xc618, 0x0000, 0x07c0, 0x0400, 0x0400,
	0x0000, 0x0400, 0x0400, 0x0400, 0x0000, 0xc618, 0xc618, 0xc618, 0xc618, 0xc618, 0xc618, 0xc618,
	0xc618, 0xc618, 0xc618, 0x8410, 0xffdf, 0xc618, 0xc618, 0xc618, 0xc618, 0xc618, 0xc618, 0xc618,
	0xc618, 0xc618, 0x0000, 0x0400, 0x0400, 0x0000, 0xc618, 0xc618, 0xc618, 0xc618, 0xc618, 0xc618,
	0xc618, 0x0000, 0x8410, 0x8410, 0x0000, 0x0000, 0xc618, 0xc618, 0xc618, 0xc618, 0xc618, 0x8410,
	0xffdf, 0xc618, 0xc618, 0xc618, 0xc618, 0xc618, 0xc618, 0xc618, 0xc618, 0xc618, 0xc618, 0xc618,
	0x0000, 0x8410, 0x8410, 0x0000, 0x0000, 0x07c0, 0x0400, 0x07c0, 0x0000, 0xc618, 0xc618, 0xc618,
	0xc618, 0xc618, 0xc618, 0xc618, 0xc618, 0xc618, 0xc618, 0x8410, 0xffdf, 0xc618, 0xc618, 0xc618,
	0xc618, 0xc618, 0xc618, 0x8410, 0x0000, 0x0000, 0x8410, 0x8410, 0xc618, 0xc618, 0xc618, 0xc618,
	0xc618, 0x0000, 0x07c0, 0x0400, 0x0400, 0x0000, 0x0000, 0xc618, 0xc618, 0xc618, 0xc618, 0xc618,
	0xc618, 0xc618, 0xc618, 0x8410, 0xffdf, 0xc618, 0xc618, 0xc618, 0xc618, 0xc618, 0xc618, 0xc618,
	0xc618, 0xc618, 0xc618, 0xc618, 0x0000, 0x0400, 0x07c0, 0x0400, 0x0000, 0x0400, 0x0400, 0x0400,
	0x0000, 0xc618, 0xc618, 0xc618, 0xc618, 0xc618, 0xc618, 0xc618, 0xc618, 0xc618, 0xc618, 0x8410,
	0xffdf, 0xc618, 0xc618, 0xc618, 0xc618, 0xc618, 0xc618, 0xc618, 0xc618, 0x0000, 0x0000, 0x0400,
	0x0400, 0x0400, 0x0000, 0xc618, 0xc618, 0xc618, 0xc618, 0xc618, 0xc618, 0xc618, 0x0000, 0x0000,
	0x8410, 0x8410, 0xc618, 0xc618, 0xc618, 0xc618, 0xc618, 0x8410, 0xffdf, 0xc618, 0xc618, 0xc618,
	0xc618, 0xc618, 0xc618, 0xc618, 0xc618, 0xc618, 0xc618, 0xc618, 0xc618, 0x0000, 0x0000, 0x8410,
	0x0000, 0x07c0, 0x0000, 0xc618, 0x0000, 0xc618, 0xc618, 0xc618, 0xc618, 0xc618, 0xc618, 0xc618,
	0xc618, 0xc618, 0xc618, 0x8410, 0xffdf, 0xc618, 0xc618, 0xc618, 0xc618, 0xc618, 0xc618, 0xc618,
	0xc618, 0x8410, 0x8410, 0x8410, 0x8410, 0x8410, 0xc618, 0xc618, 0xc618, 0x0000, 0x8410, 0x0400,
	0x0000, 0x0400, 0x8410, 0x0000, 0xc618, 0xc618, 0xc618, 0xc618, 0xc618, 0xc618, 0xc618, 0x8410,
	0xffdf, 0xc618, 0xc618, 0xc618, 0xc618, 0xc618, 0xc618, 0xc618, 0xc618, 0xc618, 0xc618, 0xc618,
	0x0000, 0x07c0, 0x0000, 0x0400, 0x0000, 0x0400, 0x0400, 0x0400, 0x0000, 0xc618, 0xc618, 0xc618,
	0xc618, 0xc618, 0xc618, 0xc618, 0xc618, 0xc618, 0xc618, 0x8410, 0xffdf, 0xc618, 0xc618, 0xc618,
	0xc618, 0xc618, 0xc618, 0xc618, 0x0000, 0x8410, 0x0400, 0x0000, 0x0400, 0x8410, 0x0000, 0xc618,
	0xc618, 0xc618, 0xc618, 0xc618, 0xc618, 0xc618, 0xc618, 0x8410, 0x8410, 0x8410, 0x8410, 0xc618,
	0xc618, 0xc618, 0xc618, 0x8410, 0xffdf, 0xc618, 0xc618, 0xc618, 0xc618, 0xc618, 0xc618, 0xc618,
	0xc618, 0xc618, 0xc618, 0xc618, 0xc618, 0xc618, 0x8410, 0x8410, 0x0000, 0x8410, 0x8410, 0x0000,
	0x0000, 0xc618, 0xc618, 0xc618, 0xc618, 0xc618, 0xc618, 0xc618, 0xc618, 0xc618, 0xc618, 0x8410,
	0xffdf, 0xc618, 0xc618, 0xc618, 0xc618, 0xc618, 0xc618, 0xc618, 0xc618, 0xc618, 0x8410, 0x8410,
	0x8410, 0x8410, 0x8410, 0x8410, 0x8410, 0x0000, 0x8410, 0x8410, 0x8410, 0x8410, 0x8410, 0x0000,
	0xc618, 0xc618, 0xc618, 0xc618, 0x8410, 0x8410, 0xc618, 0x8410, 0xffdf, 0xc618, 0xc618, 0xc618,
	0xc618, 0xc618, 0xc618, 0xc618, 0xc618, 0xc618, 0xc618, 0xc618, 0x0000, 0x0000, 0x8410, 0x8410,
	0x0000, 0x8410, 0x0000, 0x0000, 0x0000, 0xc618, 0xc618, 0xc618, 0xc618, 0xc618, 0xc618, 0xc618,
	0xc618, 0xc618, 0xc618, 0x8410, 0xffdf, 0xc618, 0xc618, 0xc618, 0xc618, 0xc618, 0xc618, 0xc618,
	0x0000, 0x8410, 0x8410, 0x8410, 0x8410, 0x8410, 0x0000, 0xc618, 0xc618, 0xc618, 0xc618, 0xc618,
	0xc618, 0xc618, 0xc618, 0xc618, 0x8410, 0x8410, 0x8410, 0x8410, 0xc618, 0xc618, 0xc618, 0x8410,
	0xffdf, 0xc618, 0xc618, 0xc618, 0xc618, 0xc618, 0xc618, 0xc618, 0xc618, 0xc618, 0xc618, 0xc618,
	0xc618, 0xc618, 0xc618, 0x8410, 0x0000, 0x8410, 0x8410, 0x8410, 0x0000, 0xc618, 0xc618, 0xc618,
	0xc618, 0xc618, 0xc618, 0xc618, 0xc618, 0xc618, 0xc618, 0x8410, 0xffdf, 0xc618, 0xc618, 0xc618,
	0xc618, 0xc618, 0xc618, 0xc618, 0xc618, 0xc618, 0xc618, 0xc618, 0x8410, 0x8410, 0x8410, 0x8410,
	0x8410, 0x8410, 0x0000, 0x0000, 0x0000, 0x0000, 0x0000, 0x8410, 0xc618, 0xc618, 0x8410, 0x8410,
	0x8410, 0x8410, 0xc618, 0x8410, 0xffdf, 0xc618, 0xc618, 0xc618, 0xc618, 0xc618, 0xc618, 0xc618,
	0xc618, 0xc618, 0xc618, 0xc618, 0x0000, 0x8410, 0x8410, 0x8410, 0x0000, 0x8410, 0x8410, 0x8410,
	0x0000, 0xc618, 0xc618, 0xc618, 0xc618, 0xc618, 0xc618, 0xc618, 0xc618, 0xc618, 0xc618, 0x8410,
	0xffdf, 0xc618, 0xc618, 0xc618, 0xc618, 0xc618, 0xc618, 0xc618, 0xc618, 0x0000, 0x0000, 0x0000,
	0x0000, 0x0000, 0x8410, 0x8410, 0xc618, 0xc618, 0xc618, 0xc618, 0xc618, 0xc618, 0x8410, 0x8410,
	0x8410, 0x8410, 0x8410, 0x8410, 0xc618, 0xc618, 0xc618, 0x8410, 0xffdf, 0xc618, 0xc618, 0xc618,
	0xc618, 0xc618, 0xc618, 0xc618, 0xc618, 0xc618, 0xc618, 0xc618, 0xc618, 0xc618, 0xc618, 0xc618,
	0xc618, 0x0000, 0x8410, 0x8410, 0x0000, 0x8410, 0x8410, 0xc618, 0xc618, 0xc618, 0xc618, 0xc618,
	0xc618, 0xc618, 0xc618, 0x8410, 0xffdf, 0xc618, 0xc618, 0xc618, 0xc618, 0xc618, 0xc618, 0xc618,
	0xc618, 0xc618, 0xc618, 0xc618, 0xc618, 0xc618, 0x8410, 0x8410, 0x8410, 0x8410, 0x8410, 0x8410,
	0x8410, 0x8410, 0x8410, 0x8410, 0x8410, 0x8410, 0x8410, 0x8410, 0x8410, 0xc618, 0xc618, 0x8410,
	0xffdf, 0xc618, 0xc618, 0xc618, 0xc618, 0xc618, 0xc618, 0xc618, 0xc618, 0xc618, 0xc618, 0xc618,
	0x0000, 0x8410, 0x8410, 0x0000, 0x8410, 0x0000, 0x8410, 0x8410, 0x0000, 0x8410, 0x8410, 0xc618,
	0xc618, 0xc618, 0xc618, 0xc618, 0xc618, 0xc618, 0xc618, 0x8410, 0xffdf, 0xc618, 0xc618, 0xc618,
	0xc618, 0xc618, 0xc618, 0xc618, 0xc618, 0xc618, 0xc618, 0x8410, 0x8410, 0x8410, 0x8410, 0x8410,
	0x8410, 0x8410, 0xc618, 0xc618, 0x8410, 0x8410, 0x8410, 0x8410, 0x8410, 0x8410, 0x8410, 0x8410,
	0x8410, 0x8410, 0xc618, 0x8410, 0xffdf, 0xc618, 0xc618, 0xc618, 0xc618, 0xc618, 0xc618, 0xc618,
	0xc618, 0xc618, 0xc618, 0xc618, 0xc618, 0xc618, 0xc618, 0xc618, 0xc618, 0xc618, 0x0000, 0x0000,
	0x8410, 0x8410, 0x8410, 0x8410, 0x8410, 0xc618, 0xc618, 0xc618, 0xc618, 0xc618, 0xc618, 0x8410,
	0xffdf, 0xc618, 0xc618, 0xc618, 0xc618, 0xc618, 0xc618, 0xc618, 0xc618, 0xc618, 0xc618, 0xc618,
	0xc618, 0xc618, 0xc618, 0xc618, 0x8410, 0x8410, 0x8410, 0x8410, 0x8410, 0x8410, 0x8410, 0x8410,
	0x8410, 0x8410, 0x8410, 0x8410, 0x8410, 0xc618, 0xc618, 0x8410, 0xffdf, 0xc618, 0xc618, 0xc618,
	0xc618, 0xc618, 0xc618, 0xc618, 0xc618, 0xc618, 0xc618, 0xc618, 0xc618, 0x0000, 0x0000, 0x8410,
	0x8410, 0x8410, 0x0000, 0x0000, 0x8410, 0x8410, 0x8410, 0x8410, 0x8410, 0xc618, 0xc618, 0xc618,
	0xc618, 0xc618, 0xc618, 0x8410, 0xffdf, 0xc618, 0xc618, 0xc618, 0xc618, 0xc618, 0xc618, 0xc618,
	0xc618, 0xc618, 0xc618, 0xc618, 0xc618, 0xc618, 0xc618, 0x8410, 0x8410, 0x8410, 0x8410, 0x8410,
	0x8410, 0x8410, 0x8410, 0x8410, 0x8410, 0x8410, 0x8410, 0x8410, 0x8410, 0xc618, 0xc618, 0x8410,
	0x8410, 0x8410, 0x8410, 0x8410, 0x8410, 0x8410, 0x8410, 0x8410, 0x8410, 0x8410, 0x8410, 0x8410,
	0x8410, 0x8410, 0x8410, 0x8410, 0x8410, 0x8410, 0x8410, 0x8410, 0x8410, 0x8410, 0x8410, 0x8410,
	0x8410, 0x8410, 0x8410, 0x8410, 0x8410, 0x8410, 0x8410, 0x8410, 0x8410, 0x8410, 0x8410, 0x8410,
	0x8410, 0x8410, 0x8410, 0x8410, 0x8410, 0x8410, 0x8410, 0x8410, 0x8410, 0x8410, 0x8410, 0x8410,
	0x8410, 0x8410, 0x8410, 0x8410, 0x8410, 0x8410, 0x8410, 0x8410, 0x8410, 0x8410, 0x8410, 0x8410,
	0x8410, 0x8410, 0x8410, 0x8410, 0x8410, 0x8410, 0x8410, 0x8410, 0x8410, 0x8410, 0x8410, 0x8410,
	0x8410, 0x8410, 0x8410, 0x8410, 0x8410, 0x8410, 0x8410, 0x8410, 0x8410, 0x8410, 0x8410, 0x8410,
	0x8410, 0x8410, 0x8410, 0x8410, 0x8410, 0x8410, 0x8410, 0x8410, 0x8410, 0x8410, 0x8410, 0x8410,
	0x8410, 0x8410, 0x8410, 0x8410, 0x8410, 0x8410, 0x8410, 0x8410, 0x8410, 0x8410, 0x8410, 0x8410,
	0x8410, 0x8410, 0x8410, 0x8410, 0x8410, 0x8410, 0x8410, 0x8410, 0x8410, 0x8410, 0x8410, 0x8410,
	0x8410, 0x8410, 0x8410, 0x8410, 0x8410, 0x8410, 0x8410, 0x8410, 0x07df, 0x07df, 0x07df, 0x07df,
	0x07df, 0x07df, 0x07df, 0x07df, 0x07df, 0x07df, 0x07df, 0x07df, 0x07df, 0x07df, 0x07df, 0x07df,
	0x07df, 0x07df, 0x07df, 0x07df, 0x07df, 0x07df, 0x07df, 0x07df, 0x07df, 0x07df, 0x07df, 0x07df,
	0x07df, 0x07df, 0x07df, 0x07df, 0x07df, 0x07df, 0x07df, 0x07df, 0x07df, 0x07df, 0x07df, 0x07df,
	0x07df, 0x07df, 0x07df, 0x07df, 0x07df, 0x07df, 0x07df, 0x001f, 0x07df, 0x07df, 0x07df, 0x07df,
	0x07df, 0x07df, 0x07df, 0x07df, 0x07df, 0x07df, 0x07df, 0x07df, 0x07df, 0x07df, 0x07df, 0x07df,
	0x07df, 0x07df, 0x07df, 0x07df, 0x07df, 0x07df, 0x07df, 0x07df, 0x07df, 0x07df, 0x07df, 0x07df,
	0x07df, 0x07df, 0x07df, 0x001f, 0x07df, 0x07df, 0x07df, 0x07df, 0x07df, 0x07df, 0x07df, 0x07df,
	0x07df, 0x07df, 0x07df, 0x07df, 0x07df, 0x07df, 0x07df, 0x07df, 0x07df, 0x07df, 0x07df, 0x07df,
	0x07df, 0x07df, 0x07df, 0x07df, 0x07df, 0x07df, 0x07df, 0x07df, 0x07df, 0x07df, 0x07df, 0x001f,
	0x07df, 0x07df, 0x07df, 0x07df, 0x07df, 0x07df, 0x07df, 0x07df, 0x07df, 0x07df, 0x07df, 0x07df,
	0x07df, 0x07df, 0x07df, 0x07df, 0x07df, 0x07df, 0x07df, 0x001f, 0x07df, 0x07df, 0xffdf, 0x07df,
	0x07df, 0x07df, 0x07df, 0x07df, 0x07df, 0x07df, 0x07df, 0x0000, 0x0000, 0x0000, 0x0000, 0x07df,
	0x07df, 0x07df, 0x07df, 0xffdf, 0x07df, 0x07df, 0x07df, 0x07df, 0x07df, 0x07df, 0xffdf, 0x07df,
	0x07df, 0x07df, 0x07df, 0x001f, 0x07df, 0x07df, 0xffdf, 0x07df, 0x07df, 0x07df, 0x07df, 0x07df,
	0x07df, 0x07df, 0x001f, 0xffdf, 0x001f, 0x07df, 0x07df, 0x07df, 0x001f, 0x07df, 0x07df, 0xffdf,
	0x07df, 0x07df, 0x07df, 0x07df, 0x07df, 0x07df, 0xffdf, 0x07df, 0x07df, 0x07df, 0x07df, 0x001f,
	0x07df, 0x07df, 0xffdf, 0x07df, 0x07df, 0x07df, 0x07df, 0x07df, 0x07df, 0x07df, 0x001f, 0xffdf,
	0x001f, 0x07df, 0x07df, 0x07df, 0x001f, 0x07df, 0x07df, 0xffdf, 0x07df, 0x07df, 0x07df, 0x07df,
	0x07df, 0x07df, 0xffdf, 0x07df, 0x07df, 0x07df, 0x07df, 0x001f, 0x07df, 0x07df, 0xffdf, 0x07df,
	0x07df, 0x07df, 0x07df, 0x07df, 0x07df, 0x07df, 0x001f, 0xffdf, 0x001f, 0x07df, 0x07df, 0x07df,
	0x07df, 0x07df, 0x07df, 0xffdf, 0x07df, 0x07df, 0x001f, 0x07df, 0x07df, 0x07df, 0xffdf, 0x07df,
	0x07df, 0x07df, 0x001f, 0xffdf, 0x001f, 0x07df, 0x07df, 0x07df, 0x001f, 0x07df, 0x07df, 0x07df,
	0x07df, 0x0000, 0x0000, 0x8400, 0x8400, 0x8400, 0x8400, 0x0000, 0x0000, 0x07df, 0x07df, 0x07df,
	0x07df, 0x07df, 0x07df, 0xffdf, 0x07df, 0x07df, 0x07df, 0x07df, 0x07df, 0x07df, 0x001f, 0xffdf,
	0x001f, 0x07df, 0x07df, 0x07df, 0x001f, 0x07df, 0x07df, 0x07df, 0x001f, 0x001f, 0xffdf, 0x07df,
	0x07df, 0x001f, 0x001f, 0x001f, 0xffdf, 0x07df, 0x07df, 0x07df, 0x07df, 0x07df, 0x07df, 0xffdf,
	0x07df, 0x07df, 0x07df, 0x07df, 0x07df, 0x07df, 0x001f, 0xffdf, 0x001f, 0x07df, 0x07df, 0x07df,
	0x001f, 0x07df, 0x07df, 0x07df, 0x001f, 0x001f, 0xffdf, 0x07df, 0x07df, 0x001f, 0x001f, 0x001f,
	0xffdf, 0x07df, 0x07df, 0x07df, 0x07df, 0x07df, 0x07df, 0xffdf, 0x07df, 0x07df, 0x07df, 0x07df,
	0x07df, 0x07df, 0x001f, 0xffdf, 0x001f, 0x07df, 0x07df, 0x07df, 0x001f, 0x07df, 0x07df, 0x07df,
	0x001f, 0x001f, 0xffdf, 0x07df, 0x07df, 0x001f, 0x001f, 0x001f, 0xffdf, 0x07df, 0x07df, 0x07df,
	0x07df, 0x07df, 0x07df, 0xffdf, 0x07df, 0x07df, 0x07df, 0x07df, 0x001f, 0x001f, 0xffdf, 0x07df,
	0x07df, 0x001f, 0x001f, 0x001f, 0xffdf, 0x07df, 0x07df, 0x07df, 0x0000, 0x8400, 0x8410, 0x8400,
	0x8400, 0x8400, 0x8400, 0x8400, 0x8400, 0x0000, 0x07df, 0x07df, 0x001f, 0x07df, 0x07df, 0x07df,
	0x07df, 0x07df, 0x07df, 0x07df, 0x001f, 0x001f, 0xffdf, 0x07df, 0x07df, 0x001f, 0x001f, 0x001f,
	0xffdf, 0x07df, 0x07df, 0x07df, 0x07df, 0x07df, 0x07df, 0x07df, 0x07df, 0x07df, 0x07df, 0x07df,
	0x07df, 0x07df, 0x07df, 0x07df, 0x001f, 0x07df, 0x07df, 0x07df, 0x07df, 0x07df, 0x07df, 0x07df,
	0x001f, 0x001f, 0xffdf, 0x07df, 0x07df, 0x001f, 0x001f, 0x001f, 0xffdf, 0x07df, 0x07df, 0x07df,
	0x07df, 0x07df, 0x07df, 0x001f, 0x07df, 0x07df, 0x07df, 0x07df, 0x07df, 0x07df, 0x07df, 0x07df,
	0x001f, 0x07df, 0x07df, 0x07df, 0x07df, 0x07df, 0x07df, 0x07df, 0x001f, 0x001f, 0xffdf, 0x07df,
	0x07df, 0x001f, 0x001f, 0x001f, 0xffdf, 0x07df, 0x07df, 0x07df, 0x07df, 0x07df, 0x07df, 0x07df,
	0x07df, 0x07df, 0x07df, 0x07df, 0x07df, 0x07df, 0x07df, 0x07df, 0x07df, 0x07df, 0x07df, 0x07df,
	0x07df, 0x07df, 0x07df, 0x07df, 0x07df, 0x07df, 0x07df, 0x07df, 0x07df, 0x07df, 0x07df, 0x07df,
	0x07df, 0x001f, 0x07df, 0x07df, 0x0000, 0x8400, 0x8410, 0x8400, 0x8400, 0x8400, 0x8400, 0x8400,
	0x8400, 0x0000, 0x07df, 0x07df, 0xffdf, 0x001f, 0x07df, 0x07df, 0x07df, 0x001f, 0x07df, 0x07df,
	0x07df, 0x07df, 0x07df, 0x07df, 0x07df, 0x07df, 0x07df, 0x07df, 0x07df, 0x001f, 0x07df, 0x07df,
	0x07df, 0x07df, 0x07df, 0x07df, 0x07df, 0xffdf, 0x07df, 0x07df, 0x07df, 0x07df, 0x07df, 0x001f,
	0xffdf, 0x001f, 0x07df, 0x07df, 0x07df, 0x001f, 0x07df, 0x07df, 0x07df, 0x07df, 0x07df, 0x07df,
	0x07df, 0x07df, 0x07df, 0x07df, 0x07df, 0x001f, 0x07df, 0x07df, 0x07df, 0x07df, 0x07df, 0x07df,
	0x07df, 0xffdf, 0x07df, 0x001f, 0x07df, 0x07df, 0x07df, 0x001f, 0xffdf, 0x001f, 0x07df, 0x07df,
	0x07df, 0x001f, 0x07df, 0x07df, 0x07df, 0x07df, 0x07df, 0x07df, 0x07df, 0x07df, 0x07df, 0x07df,
	0x07df, 0x001f, 0x07df, 0x07df, 0x07df, 0x07df, 0x07df, 0x07df, 0x07df, 0xffdf, 0x07df, 0x07df,
	0x07df, 0x07df, 0x07df, 0x001f, 0x07df, 0x001f, 0x07df, 0x07df, 0x07df, 0x001f, 0x07df, 0x07df,
	0x07df, 0x07df, 0x07df, 0x07df, 0x07df, 0x07df, 0x07df, 0x07df, 0x001f, 0xffdf, 0x07df, 0x0000,
	0x8400, 0x8400, 0x8410, 0x8400, 0x0000, 0x8400, 0x0000, 0x8400, 0x8400, 0x8400, 0x0000, 0x07df,
	0x07df, 0x07df, 0x001f, 0x001f, 0x001f, 0xffdf, 0x07df, 0x07df, 0x07df, 0x07df, 0x07df, 0x07df,
	0x07df, 0x07df, 0x07df, 0x07df, 0x001f, 0xffdf, 0x001f, 0x07df, 0x07df, 0x07df, 0x001f, 0x07df,
	0x07df, 0x07df, 0x07df, 0x07df, 0x07df, 0x001f, 0x001f, 0xffdf, 0x07df, 0x07df, 0x001f, 0x001f,
	0x001f, 0xffdf, 0x07df, 0x07df, 0x07df, 0x07df, 0x07df, 0x07df, 0x07df, 0x07df, 0x07df, 0x07df,
	0x001f, 0xffdf, 0x001f, 0x07df, 0x07df, 0x001f, 0x07df, 0x07df, 0x07df, 0x07df, 0x07df, 0x07df,
	0x07df, 0x001f, 0x001f, 0xffdf, 0x07df, 0x07df, 0x001f, 0x001f, 0x001f, 0xffdf, 0x07df, 0x07df,
	0x07df, 0x07df, 0x07df, 0x07df, 0x07df, 0x07df, 0x07df, 0x07df, 0x001f, 0xffdf, 0x001f, 0x07df,
	0x07df, 0x07df, 0x001f, 0x07df, 0x07df, 0x07df, 0x07df, 0x07df, 0x07df, 0x001f, 0x07df, 0x07df,
	0x07df, 0x07df, 0x07df, 0x07df, 0x07df, 0x07df, 0x07df, 0x07df, 0x07df, 0x07df, 0x07df, 0x07df,
	0x07df, 0x07df, 0x001f, 0x001f, 0xffdf, 0x07df, 0x07df, 0x0000, 0x8400, 0x8400, 0x8400, 0x8410,
	0x8400, 0x0000, 0x8400, 0x8400, 0x8400, 0x8400, 0x0000, 0x07df, 0x07df, 0x07df, 0x07df, 0x07df,
	0x07df, 0x07df, 0x07df, 0x07df, 0x07df, 0x07df, 0x07df, 0x07df, 0x07df, 0x07df, 0x001f, 0x001f,
	0xffdf, 0x07df, 0x07df, 0x001f, 0x001f, 0x001f, 0xffdf, 0x07df, 0x07df, 0x07df, 0x07df, 0x07df,
	0x07df, 0x07df, 0x07df, 0x07df, 0x07df, 0x07df, 0x07df, 0x07df, 0x07df, 0x07df, 0x07df, 0x07df,
	0x07df, 0x07df, 0x07df, 0x07df, 0x07df, 0x07df, 0x001f, 0x001f, 0xffdf, 0x07df, 0x07df, 0x001f,
	0x07df, 0x07df, 0x07df, 0x0000, 0x0000, 0x0000, 0x0000, 0x07df, 0x07df, 0x07df, 0x07df, 0x07df,
	0x07df, 0x07df, 0x07df, 0x07df, 0x07df, 0x07df, 0x07df, 0x07df, 0x07df, 0x07df, 0x07df, 0x07df,
	0x07df, 0x07df, 0x001f, 0x001f, 0xffdf, 0x07df, 0x07df, 0x07df, 0x07df, 0x07df, 0x07df, 0x07df,
	0x07df, 0x001f, 0x07df, 0x001f, 0x07df, 0x07df, 0x07df, 0x07df, 0x07df, 0x07df, 0x07df, 0x07df,
	0x07df, 0x07df, 0x07df, 0x07df, 0x07df, 0x07df, 0x07df, 0x07df, 0x07df, 0x07df, 0x07df, 0x07df,
	0x07df, 0x07df, 0x07df, 0x0000, 0x8400, 0x8400, 0x8400, 0x8400, 0x8400, 0x8400, 0x8400, 0x8400,
	0x8400, 0x8400, 0x0000, 0x07df, 0x07df, 0x07df, 0x07df, 0x07df, 0x07df, 0x001f, 0x07df, 0x07df,
	0x07df, 0x07df, 0x07df, 0x07df, 0x07df, 0x07df, 0x07df, 0x07df, 0x07df, 0x07df, 0x07df, 0x07df,
	0x07df, 0x07df, 0x07df, 0x07df, 0x001f, 0x07df, 0x07df, 0xffdf, 0x07df, 0x07df, 0x07df, 0x07df,
	0x07df, 0x07df, 0x07df, 0x07df, 0x07df, 0x001f, 0x07df, 0x07df, 0x07df, 0x07df, 0x07df, 0x07df,
	0x07df, 0x07df, 0x07df, 0x07df, 0x07df, 0x07df, 0x07df, 0x07df, 0x07df, 0x0000, 0x0000, 0x8400,
	0x8400, 0x8400, 0x8400, 0x0000, 0x0000, 0x07df, 0x07df, 0x07df, 0x07df, 0x001f, 0x07df, 0x07df,
	0x07df, 0x001f, 0x07df, 0x07df, 0x07df, 0x07df, 0x07df, 0x07df, 0x07df, 0x07df, 0x07df, 0x07df,
	0x07df, 0x07df, 0x07df, 0x0000, 0x0000, 0x0000, 0x0000, 0x07df, 0x07df, 0x07df, 0x07df, 0x07df,
	0x07df, 0x07df, 0x07df, 0x07df, 0x8410, 0x8410, 0x001f, 0x07df, 0x07df, 0x001f, 0x07df, 0x07df,
	0x07df, 0x07df, 0x001f, 0x07df, 0x07df, 0x07df, 0x07df, 0x07df, 0x07df, 0xffdf, 0x07df, 0x0000,
	0x8400, 0x8400, 0x8400, 0x8400, 0x8400, 0x8400, 0x8400, 0x8400, 0x8400, 0x8400, 0x0000, 0x07df,
	0xc618, 0x07df, 0x07df, 0x07df, 0x001f, 0xffdf, 0x001f, 0x07df, 0x07df, 0x07df, 0x07df, 0x07df,
	0x8410, 0x8410, 0x07df, 0x07df, 0x07df, 0x001f, 0x07df, 0x07df, 0x07df, 0x07df, 0x07df, 0x001f,
	0x07df, 0x07df, 0x07df, 0x07df, 0x07df, 0x07df, 0x07df, 0x07df, 0x07df, 0x07df, 0x07df, 0x07df,
	0x001f, 0xffdf, 0x001f, 0x07df, 0x07df, 0x07df, 0x001f, 0x07df, 0x07df, 0x07df, 0x07df, 0x07df,
	0x07df, 0xffdf, 0x07df, 0x07df, 0x0000, 0x8400, 0x8400, 0x8400, 0x8400, 0x8400, 0x8400, 0x8410,
	0x8400, 0x0000, 0x07df, 0x001f, 0x07df, 0x07df, 0x07df, 0x07df, 0x001f, 0xffdf, 0x001f, 0x07df,
	0x07df, 0x07df, 0x001f, 0x07df, 0x07df, 0x07df, 0x07df, 0x07df, 0x07df, 0x0000, 0x0000, 0x8400,
	0x8400, 0x8400, 0x8400, 0x0000, 0x0000, 0x07df, 0x0000, 0x07df, 0x001f, 0x07df, 0x07df, 0x8410,
	0xffdf, 0x07df, 0x07df, 0x001f, 0x07df, 0x07df, 0x07df, 0x07df, 0x001f, 0x001f, 0xffdf, 0x07df,
	0x07df, 0x001f, 0x07df, 0x07df, 0x07df, 0x07df, 0x07df, 0x0000, 0x0000, 0x8400, 0x8400, 0x8400,
	0x8400, 0x8400, 0x8400, 0x8400, 0x8400, 0x0000, 0x0000, 0xc618, 0x07df, 0xc618, 0x001f, 0x001f,
	0xffdf, 0x07df, 0x07df, 0x001f, 0x001f, 0x001f, 0x07df, 0x8410, 0xffdf, 0x07df, 0x07df, 0x07df,
	0x07df, 0x07df, 0x07df, 0x07df, 0x07df, 0x07df, 0x07df, 0x07df, 0x07df, 0x0000, 0x0000, 0x0000,
	0x0000, 0xffdf, 0x07df, 0x07df, 0x07df, 0x07df, 0x001f, 0x001f, 0xffdf, 0x07df, 0x07df, 0x001f,
	0x001f, 0x001f, 0xffdf, 0x07df, 0x07df, 0x001f, 0x07df, 0x07df, 0x07df, 0x001f, 0x07df, 0x07df,
	0x0000, 0x8400, 0x8400, 0x8400, 0x8400, 0x8400, 0x8400, 0x8410, 0x8400, 0x0000, 0x07df, 0x07df,
	0x07df, 0x07df, 0x001f, 0x001f, 0xffdf, 0x07df, 0x07df, 0x001f, 0x001f, 0x001f, 0xffdf, 0x07df,
	0x07df, 0x001f, 0x07df, 0x07df, 0x0000, 0x0000, 0x0000, 0x8400, 0x8400, 0x8400, 0x8400, 0x8400,
	0x8400, 0x0000, 0x07df, 0x07df, 0x07df, 0x07df, 0x07df, 0x8410, 0x07df, 0x07df, 0x0410, 0x001f,
	0x07df, 0x07df, 0x07df, 0x001f, 0x07df, 0x07df, 0x07df, 0x07df, 0x001f, 0xffdf, 0x001f, 0x07df,
	0x07df, 0x07df, 0x07df, 0x0000, 0x0000, 0x8400, 0x8400, 0x8400, 0x8400, 0x8400, 0x8400, 0x8400,
	0x8400, 0x0000, 0x0000, 0x07df, 0xc618, 0x07df, 0x07df, 0x07df, 0x07df, 0x07df, 0x07df, 0x07df,
	0x07df, 0x07df, 0x07df, 0x8410, 0x07df, 0x07df, 0x0410, 0x001f, 0x07df, 0x07df, 0x07df, 0x001f,
	0x07df, 0x0000, 0x07df, 0x0000, 0x0000, 0x8400, 0x8400, 0x8400, 0x8400, 0x0000, 0x0000, 0x07df,
	0x07df, 0x07df, 0x07df, 0x07df, 0x07df, 0x07df, 0x07df, 0x07df, 0x07df, 0x07df, 0x07df, 0x07df,
	0x001f, 0xffdf, 0x001f, 0x07df, 0x07df, 0x07df, 0x07df, 0x0000, 0x8400, 0x8400, 0x8400, 0x8400,
	0x8400, 0x8400, 0x8400, 0x0000, 0x8400, 0x8400, 0x0000, 0x07df, 0x07df, 0x07df, 0x07df, 0x07df,
	0x07df, 0x07df, 0x07df, 0x07df, 0x07df, 0x07df, 0x07df, 0x07df, 0x001f, 0xffdf, 0x07df, 0x07df,
	0x0000, 0xffdf, 0xffdf, 0x0000, 0x8400, 0x8400, 0x8400, 0x8400, 0x8400, 0x0000, 0x07df, 0x07df,
	0x07df, 0x07df, 0x8410, 0x07df, 0x001f, 0x001f, 0x001f, 0x07df, 0x07df, 0x07df, 0x07df, 0x07df,
	0x07df, 0x07df, 0x001f, 0x001f, 0xffdf, 0x07df, 0x07df, 0x001f, 0x001f, 0x001f, 0x07df, 0x07df,
	0x07df, 0x0000, 0x0000, 0x8400, 0x8400, 0x8400, 0x8400, 0x0000, 0x0000, 0x07df, 0x07df, 0xc618,
	0x07df, 0xc618, 0x07df, 0x07df, 0x07df, 0x07df, 0x07df, 0x07df, 0x07df, 0x07df, 0x07df, 0x07df,
	0x001f, 0x001f, 0x001f, 0x0410, 0x001f, 0x07df, 0x07df, 0x07df, 0x07df, 0x07df, 0x0000, 0x8400,
	0x8400, 0x8400, 0x8400, 0x8400, 0x8400, 0x0000, 0x0000, 0x0000, 0x07df, 0x001f, 0x07df, 0x07df,
	0x07df, 0x07df, 0x07df, 0x07df, 0x07df, 0x07df, 0x001f, 0x001f, 0xffdf, 0x07df, 0x07df, 0x001f,
	0x001f, 0x001f, 0x07df, 0x0000, 0x8400, 0x0000, 0x0000, 0x0000, 0x0000, 0x0000, 0x0000, 0xffdf,
	0x0000, 0x8400, 0x0000, 0x07df, 0x001f, 0x07df, 0x07df, 0x07df, 0x07df, 0x07df, 0x07df, 0x07df,
	0x07df, 0x07df, 0x001f, 0x001f, 0xffdf, 0x07df, 0x07df, 0x0000, 0x0000, 0x0000, 0xffdf, 0xffdf,
	0x0000, 0x8400, 0x8410, 0x8410, 0x8410, 0x8400, 0x0000, 0x07df, 0x07df, 0x07df, 0x001f, 0x001f,
	0x07df, 0x07df, 0x07df, 0x07df, 0x07df, 0x07df, 0x07df, 0x07df, 0x07df, 0x07df, 0x07df, 0x07df,
	0x07df, 0x07df, 0x07df, 0x07df, 0x07df, 0x07df, 0x07df, 0x07df, 0x0000, 0x07df, 0x07df, 0x0000,
	0x0000, 0x0000, 0x0000, 0x0410, 0x0410, 0x0000, 0x0000, 0x07df, 0xc618, 0x07df, 0x07df, 0x07df,
	0x07df, 0x001f, 0x07df, 0x07df, 0x07df, 0x001f, 0x07df, 0x07df, 0x07df, 0x07df, 0x07df, 0x07df,
	0x0410, 0x001f, 0x07df, 0x07df, 0x07df, 0x07df, 0x0000, 0x8400, 0x8400, 0x8400, 0x8400, 0x8400,
	0x0000, 0xffdf, 0xffdf, 0x0000, 0x07df, 0x07df, 0x07df, 0x07df, 0x07df, 0x001f, 0x07df, 0x07df,
	0x07df, 0x07df, 0x07df, 0x07df, 0x07df, 0x07df, 0x07df, 0x07df, 0x07df, 0x07df, 0x07df, 0x0000,
	0x0000, 0xffdf, 0xffdf, 0xffdf, 0xffdf, 0xffdf, 0xffdf, 0xffdf, 0xffdf, 0x0000, 0x0000, 0x07df,
	0xffdf, 0x001f, 0x07df, 0x07df, 0x07df, 0x001f, 0x07df, 0x07df, 0x07df, 0x07df, 0x07df, 0x07df,
	0x07df, 0x07df, 0x07df, 0x0000, 0xffdf, 0xffdf, 0xffdf, 0xffdf, 0x0000, 0x8410, 0x8400, 0x8400,
	0x8400, 0x8400, 0x0000, 0x07df, 0x07df, 0x07df, 0x001f, 0x07df, 0x07df, 0x07df, 0x07df, 0x07df,
	0x07df, 0x001f, 0x07df, 0x07df, 0x07df, 0x07df, 0x07df, 0x07df, 0x07df, 0x07df, 0xffdf, 0x07df,
	0x07df, 0x07df, 0x07df, 0x0000, 0x07df, 0x0410, 0x0410, 0x0410, 0x0410, 0x0410, 0x0410, 0x0410,
	0x0410, 0x0410, 0x0410, 0x0000, 0x07df, 0xc618, 0x07df, 0x001f, 0x001f, 0xffdf, 0x07df, 0x07df,
	0x07df, 0x07df, 0x07df, 0x07df, 0x07df, 0x07df, 0x001f, 0x07df, 0x07df, 0x001f, 0x07df, 0x07df,
	0x07df, 0x0000, 0x8400, 0x8410, 0x8410, 0x8410, 0x8400, 0x0000, 0xffdf, 0xffdf, 0x0000, 0x0000,
	0x0000, 0x07df, 0x001f, 0x001f, 0x001f, 0xffdf, 0x07df, 0x07df, 0x07df, 0x07df, 0x07df, 0x07df,
	0x07df, 0x07df, 0xffdf, 0x07df, 0x001f, 0x07df, 0x07df, 0x0000, 0xffdf, 0xffdf, 0xc618, 0x0000,
	0xffdf, 0xffdf, 0x0000, 0xc618, 0xffdf, 0xffdf, 0x0000, 0x07df, 0x07df, 0x07df, 0x001f, 0x001f,
	0x001f, 0xffdf, 0x07df, 0x07df, 0x07df, 0x07df, 0x07df, 0x07df, 0x07df, 0x07df, 0x07df, 0x0000,
	0xffdf, 0xffdf, 0x0000, 0xffdf, 0xffdf, 0x0000, 0x8400, 0x8400, 0x8400, 0x8400, 0x0000, 0x07df,
	0x07df, 0x07df, 0x07df, 0x07df, 0x07df, 0x07df, 0x001f, 0x07df, 0x07df, 0xffdf, 0x07df, 0x07df,
	0x07df, 0x07df, 0xffdf, 0x07df, 0x07df, 0x07df, 0x07df, 0x07df, 0x07df, 0x07df, 0x0000, 0x07df,
	0x0410, 0x0410, 0x0410, 0x0410, 0x0410, 0x0410, 0x0410, 0x0410, 0x0410, 0x0410, 0x0410, 0x0000,
	0xc618, 0x07df, 0x07df, 0x07df, 0x07df, 0x07df, 0x07df, 0x07df, 0x07df, 0x07df, 0xffdf, 0x07df,
	0x07df, 0x07df, 0x07df, 0x07df, 0x07df, 0x07df, 0x07df, 0x001f, 0x07df, 0x0000, 0x8400, 0x8400,
	0x8400, 0x8400, 0x8410, 0x0000, 0xffdf, 0xffdf, 0xffdf, 0xffdf, 0x0000, 0x07df, 0x07df, 0x07df,
	0x07df, 0x07df, 0x07df, 0x07df, 0x07df, 0x07df, 0xffdf, 0x07df, 0x07df, 0x07df, 0x07df, 0x07df,
	0x07df, 0x07df, 0x07df, 0x0000, 0x0000, 0xffdf, 0xffdf, 0xffdf, 0xffdf, 0xffdf, 0xffdf, 0xffdf,
	0xffdf, 0xc618, 0x0000, 0x07df, 0x07df, 0x07df, 0x07df, 0x07df, 0x07df, 0x07df, 0x07df, 0x07df,
	0x07df, 0x07df, 0xffdf, 0x07df, 0x07df, 0x0000, 0x0000, 0x0000, 0xc618, 0xffdf, 0x0000, 0x0000,
	0xffdf, 0xffdf, 0x0000, 0x0000, 0x0000, 0x8400, 0x0000, 0x07df, 0x07df, 0x07df, 0x07df, 0x001f,
	0x07df, 0x07df, 0x07df, 0x07df, 0x07df, 0x07df, 0x07df, 0x07df, 0x001f, 0x07df, 0x07df, 0x07df,
	0x07df, 0x07df, 0x07df, 0x07df, 0x07df, 0x0000, 0x07df, 0x0410, 0x0410, 0x0410, 0x0000, 0x0410,
	0x0410, 0x0410, 0x0410, 0x0410, 0x0000, 0x0410, 0x0410, 0x0000, 0x07df, 0x07df, 0x07df, 0x07df,
	0x07df, 0x07df, 0x07df, 0x07df, 0x001f, 0x07df, 0x07df, 0x07df, 0x07df, 0x07df, 0x07df, 0x07df,
	0x07df, 0x001f, 0x07df, 0xffdf, 0x07df, 0x0000, 0x8400, 0x8400, 0x8400, 0x8400, 0x0000, 0xffdf,
	0xffdf, 0x0000, 0xffdf, 0xffdf, 0x0000, 0x07df, 0x07df, 0x07df, 0x07df, 0x001f, 0x07df, 0x07df,
	0x001f, 0x07df, 0x07df, 0x07df, 0x07df, 0x07df, 0x07df, 0x07df, 0x07df, 0x001f, 0x07df, 0x07df,
	0x0000, 0xffdf, 0xffdf, 0xffdf, 0x0000, 0x0000, 0xffdf, 0xc618, 0xc618, 0x0000, 0x07df, 0x07df,
	0x001f, 0x07df, 0x07df, 0x001f, 0x07df, 0x07df, 0x07df, 0x07df, 0x001f, 0x07df, 0x07df, 0x0000,
	0x0000, 0x07df, 0x0410, 0x07df, 0x0000, 0xffdf, 0xffdf, 0xffdf, 0xffdf, 0xffdf, 0x0000, 0xffdf,
	0xffdf, 0x0000, 0xc618, 0x0000, 0x0000, 0x07df, 0x07df, 0x07df, 0x07df, 0x07df, 0x07df, 0x07df,
	0x07df, 0x07df, 0x07df, 0x07df, 0xffdf, 0x001f, 0x07df, 0x07df, 0x07df, 0x001f, 0x07df, 0x07df,
	0x07df, 0x0000, 0x0410, 0x0410, 0x0410, 0x0000, 0x07df, 0x0410, 0x0410, 0x0410, 0x0410, 0x0410,
	0x0410, 0x0000, 0x0410, 0x0000, 0x07df, 0x07df, 0x07df, 0x07df, 0x07df, 0x07df, 0x07df, 0x001f,
	0xffdf, 0x001f, 0x07df, 0x07df, 0x07df, 0x001f, 0x07df, 0x07df, 0x07df, 0x07df, 0x07df, 0x07df,
	0x07df, 0x0000, 0x8400, 0x0000, 0x0000, 0x0000, 0xffdf, 0xffdf, 0x0000, 0x0000, 0xffdf, 0xc618,
	0x0000, 0x0000, 0x0000, 0x07df, 0x07df, 0x07df, 0x07df, 0x001f, 0xffdf, 0x001f, 0x07df, 0x07df,
	0x07df, 0x001f, 0x07df, 0x07df, 0x07df, 0x07df, 0x07df, 0x07df, 0x07df, 0x0000, 0x0000, 0xc618,
	0xc618, 0xc618, 0xc618, 0x0000, 0x0000, 0x07df, 0x07df, 0x07df, 0x07df, 0x07df, 0x07df, 0x07df,
	0x07df, 0x07df, 0x07df, 0x001f, 0xffdf, 0x07df, 0x0000, 0xffdf, 0x0410, 0x0410, 0x0410, 0x0410,
	0x0000, 0xc618, 0xc618, 0xffdf, 0xffdf, 0x0000, 0xffdf, 0xffdf, 0xffdf, 0x0000, 0x0000, 0x07df,
	0x0410, 0x0000, 0x07df, 0x07df, 0x001f, 0x07df, 0x07df, 0x0000, 0x0000, 0x07df, 0x07df, 0x001f,
	0x07df, 0x07df, 0x001f, 0x001f, 0x001f, 0xffdf, 0x07df, 0x07df, 0x0000, 0x0410, 0x0410, 0x0410,
	0x0000, 0x0000, 0x0410, 0xc618, 0x0410, 0xc618, 0x0410, 0xc618, 0x0410, 0x0000, 0x0000, 0x07df,
	0x07df, 0x07df, 0x07df, 0x001f, 0x07df, 0x001f, 0x001f, 0xffdf, 0x07df, 0x07df, 0x07df, 0x07df,
	0x07df, 0x07df, 0x07df, 0x07df, 0x07df, 0x07df, 0x07df, 0x0000, 0x0000, 0xc618, 0x0000, 0xffdf,
	0xffdf, 0x0000, 0xffdf, 0xffdf, 0xffdf, 0xffdf, 0xffdf, 0x0000, 0x07df, 0x0410, 0x07df, 0x0000,
	0x0000, 0x07df, 0x07df, 0xffdf, 0x07df, 0x07df, 0x001f, 0x001f, 0x001f, 0xffdf, 0x07df, 0x0000,
	0x0000, 0x07df, 0x07df, 0x0000, 0x0000, 0x07df, 0x0410, 0x0000, 0x0000, 0x0000, 0x0000, 0x07df,
	0x07df, 0x0000, 0x07df, 0x07df, 0x07df, 0x07df, 0x07df, 0x001f, 0x07df, 0x001f, 0x001f, 0xffdf,
	0x07df, 0x07df, 0x0000, 0xc618, 0xc618, 0x0000, 0x0000, 0x0000, 0x0000, 0x0000, 0x0000, 0xc618,
	0xc618, 0xc618, 0xc618, 0x0000, 0x0000, 0x0410, 0x0410, 0x0410, 0x0410, 0x0410, 0x0000, 0x07df,
	0x07df, 0x07df, 0x0000, 0x07df, 0x07df, 0x0000, 0x07df, 0x07df, 0x07df, 0x07df, 0x07df, 0x07df,
	0x07df, 0x07df, 0x07df, 0x07df, 0x0000, 0xffdf, 0xc618, 0x0000, 0x07df, 0x0000, 0xc618, 0x0410,
	0xc618, 0x0410, 0xc618, 0x0410, 0xc618, 0x0000, 0x07df, 0x07df, 0x07df, 0x001f, 0x001f, 0xffdf,
	0x07df, 0x07df, 0x07df, 0x07df, 0x07df, 0x07df, 0x07df, 0x0000, 0x0000, 0x07df, 0x07df, 0x07df,
	0x07df, 0x07df, 0x0000, 0x0410, 0x07df, 0x0000, 0x0000, 0xffdf, 0xffdf, 0xffdf, 0x0000, 0xffdf,
	0xffdf, 0xc618, 0xc618, 0x0000, 0x0410, 0x0410, 0x0410, 0x0410, 0xffdf, 0x0000, 0x07df, 0x07df,
	0x07df, 0x07df, 0x07df, 0x07df, 0x07df, 0x07df, 0x0000, 0xffdf, 0xc618, 0x0000, 0x0000, 0x07df,
	0x07df, 0x0410, 0x0410, 0x0410, 0x0410, 0x0410, 0x0410, 0x0410, 0x0410, 0x0410, 0x0000, 0x07df,
	0x07df, 0x001f, 0x001f, 0xffdf, 0x07df, 0x07df, 0x07df, 0x07df, 0x07df, 0x07df, 0x07df, 0x0000,
	0x0000, 0x07df, 0x07df, 0x07df, 0x07df, 0x0000, 0xc618, 0x0000, 0x0000, 0x0000, 0x0000, 0x0410,
	0x0410, 0x0410, 0x0410, 0x0000, 0x0000, 0x0410, 0xc618, 0x0000, 0x07df, 0x0000, 0x07c0, 0x07df,
	0x07df, 0x07df, 0x0000, 0x07df, 0x07df, 0x07df, 0x07df, 0x07df, 0x07df, 0x07df, 0x07df, 0x07df,
	0x0000, 0xc618, 0xc618, 0x0000, 0x07df, 0xc618, 0x0400, 0xc618, 0x07df, 0xc618, 0x07df, 0xc618,
	0x0400, 0xc618, 0x07df, 0x07df, 0x07df, 0x07df, 0x07df, 0x07df, 0x07df, 0x07df, 0x07df, 0x07df,
	0x07df, 0x07df, 0x0000, 0x07df, 0x07df, 0x0000, 0x07df, 0x07df, 0x07df, 0x0000, 0x0410, 0x0410,
	0x0410, 0x0410, 0x0410, 0x0000, 0x0000, 0xc618, 0xc618, 0xc618, 0xc618, 0x0000, 0x0000, 0x0000,
	0x0000, 0x0000, 0x0000, 0xc618, 0xc618, 0x0000, 0x07df, 0x07df, 0x07df, 0x07df, 0x07df, 0x07df,
	0x07df, 0x07df, 0x0000, 0xc618, 0xc618, 0x0410, 0x0000, 0x0410, 0x0410, 0x0410, 0x0410, 0x0410,
	0x0410, 0x0410, 0x0410, 0x0410, 0x0410, 0x0410, 0x0410, 0x0000, 0x07df, 0x07df, 0x07df, 0x07df,
	0x07df, 0x07df, 0x07df, 0x07df, 0x07df, 0x07df, 0x07df, 0x07df, 0x07df, 0x07df, 0x07df, 0x07df,
	0x07df, 0x07df, 0x0000, 0xc618, 0xc618, 0xc618, 0x0000, 0x0410, 0x0410, 0x0410, 0x0000, 0x07df,
	0x0000, 0xc618, 0x8410, 0x0000, 0x0000, 0x0400, 0x0400, 0x0000, 0x0000, 0x07df, 0x0000, 0x07df,
	0x07df, 0x07df, 0x07df, 0x07df, 0x07df, 0x07df, 0x07df, 0x07df, 0x07df, 0x0000, 0x0000, 0x07df,
	0x07df, 0x0000, 0xc618, 0x07df, 0xc618, 0x07df, 0xc618, 0x07df, 0xc618, 0x07df, 0x07df, 0x07df,
	0x07df, 0x07df, 0x07df, 0x07df, 0x07df, 0x07df, 0x07df, 0x07df, 0x07df, 0x0000, 0x07df, 0x07df,
	0x07df, 0x07c0, 0x0000, 0x07df, 0x0000, 0xc618, 0x0410, 0x0000, 0x0000, 0x0410, 0x0410, 0x0410,
	0x0410, 0x0000, 0x0000, 0x0000, 0x0000, 0xc618, 0x0000, 0x07df, 0x07df, 0x07df, 0x07df, 0x0000,
	0x0000, 0x07df, 0x07df, 0x07df, 0x07df, 0x07df, 0x07df, 0x07df, 0x07df, 0x07df, 0x07df, 0x0000,
	0x0410, 0x0410, 0x0410, 0x0000, 0x0000, 0x0410, 0x0410, 0x0410, 0x0410, 0x0410, 0x0410, 0x0410,
	0x0410, 0x0000, 0x0410, 0x0410, 0x0000, 0x07df, 0x001f, 0x07df, 0x07df, 0x07df, 0x07df, 0x07df,
	0x07df, 0x001f, 0x07df, 0x07df, 0x07df, 0x07df, 0x07df, 0x001f, 0x07df, 0x07df, 0x07df, 0x0000,
	0x0000, 0x0000, 0x07df, 0x0000, 0x0000, 0x0000, 0x07df, 0x07df, 0x07df, 0x0000, 0x0000, 0x07df,
	0x07df, 0x0000, 0x0000, 0x07df, 0x07df, 0x0000, 0x0000, 0x07df, 0x07df, 0x07df, 0x07df, 0x07df,
	0x07df, 0x001f, 0x001f, 0xffdf, 0x07df, 0x07df, 0x07df, 0x001f, 0x07df, 0xc618, 0x07df, 0xc618,
	0x07df, 0xc618, 0x07df, 0xc618, 0x07df, 0xc618, 0x07df, 0x07df, 0x07df, 0x001f, 0x07df, 0x07df,
	0x07df, 0x001f, 0x07df, 0x07df, 0x07df, 0x0000, 0x07df, 0x0000, 0x0000, 0x0400, 0x0400, 0x0000,
	0x0000, 0x8410, 0xc618, 0x0000, 0x07df, 0x0000, 0x0410, 0x0410, 0x0410, 0x0000, 0xc618, 0xc618,
	0xc618, 0x0000, 0x07df, 0x07df, 0x07df, 0x001f, 0x07df, 0x07df, 0x07df, 0x07df, 0x07df, 0x07df,
	0x07df, 0x07df, 0x07df, 0x07df, 0x07df, 0x001f, 0x07df, 0x07df, 0x0000, 0x0000, 0x0000, 0x07df,
	0x07df, 0x0000, 0x0000, 0x0410, 0x0410, 0x0410, 0x0410, 0x0000, 0x0000, 0x07df, 0x0000, 0x0000,
	0x0000, 0x07df, 0x07df, 0x07df, 0x07df, 0x001f, 0x07df, 0x07df, 0x07df, 0x07df, 0x07df, 0x07df,
	0x07df, 0x001f, 0x001f, 0xffdf, 0x07df, 0x07df, 0x07df, 0x07df, 0x07df, 0x07df, 0x07df, 0x07df,
	0x07df, 0x07df, 0x07df, 0x07df, 0x07df, 0x07df, 0x07df, 0x07df, 0x07df, 0x07df, 0x07df, 0x07df,
	0x07df, 0x07df, 0x07df, 0x07df, 0x07df, 0x07df, 0x001f, 0x07df, 0x07df, 0x07df, 0x07df, 0x07df,
	0x07df, 0x07df, 0x07df, 0x07df, 0x07df, 0x07df, 0x0000, 0x0000, 0x0000, 0x07df, 0xc618, 0x07df,
	0xc618, 0x07df, 0x001f, 0x001f, 0x001f, 0xffdf, 0x07df, 0x07df, 0x001f, 0xffdf, 0x001f, 0x07df,
	0x07df, 0x0000, 0x0000, 0x07df, 0x07df, 0x0000, 0x0000, 0x07df, 0x07df, 0x0000, 0x0000, 0x07df,
	0x07df, 0x07df, 0x0000, 0x0000, 0x0000, 0x07df, 0x0000, 0x0000, 0x0000, 0x07df, 0x07df, 0x001f,
	0x001f, 0xffdf, 0x07df, 0x07df, 0x001f, 0xffdf, 0x001f, 0x07df, 0x07df, 0x07df, 0x001f, 0x07df,
	0x07df, 0x07df, 0x07df, 0x07df, 0x07df, 0x07df, 0x07df, 0x07df, 0x07df, 0x07df, 0x07df, 0x0000,
	0x0000, 0x0000, 0x0000, 0x07df, 0x07df, 0x07df, 0x07df, 0x07df, 0x07df, 0x07df, 0x07df, 0x07df,
	0x001f, 0xffdf, 0x001f, 0x07df, 0x07df, 0x07df, 0x001f, 0x07df, 0x07df, 0x07df, 0x07df, 0x07df,
	0x07df, 0x07df, 0x07df, 0x07df, 0x07df, 0x07df, 0x07df, 0x07df, 0x07df, 0x001f, 0x07df, 0xffdf,
	0x07df, 0x07df, 0x001f, 0x07df, 0x001f, 0x07df, 0x07df, 0x07df, 0x001f, 0xffdf, 0x001f, 0x07df,
	0x001f, 0x001f, 0xffdf, 0x07df, 0x07df, 0x07df, 0x07df, 0x07df, 0x07df, 0x07df, 0x07df, 0xffdf,
	0x07df, 0x0000, 0xffdf, 0xffdf, 0x07df, 0x0000, 0x07df, 0xc618, 0x07df, 0xc618, 0x07df, 0x07df,
	0x07df, 0x07df, 0x001f, 0x001f, 0xffdf, 0x07df, 0x07df, 0x001f, 0x07df, 0x07df, 0x07df, 0x07df,
	0x07df, 0x07df, 0x07df, 0x07df, 0x07df, 0x07df, 0x07df, 0xffdf, 0x07df, 0x07df, 0x07df, 0x001f,
	0x07df, 0x07df, 0x07df, 0x07df, 0x07df, 0x07df, 0x07df, 0x07df, 0x07df, 0x07df, 0x001f, 0x001f,
	0xffdf, 0x07df, 0x07df, 0x001f, 0x001f, 0x001f, 0xffdf, 0x07df, 0x07df, 0x07df, 0x07df, 0x07df,
	0x07df, 0x07df, 0x001f, 0xffdf, 0x07df, 0x07df, 0x07df, 0x07df, 0x07df, 0x07df, 0x07df, 0x07df,
	0x07df, 0x07df, 0x001f, 0x07df, 0x07df, 0x07df, 0x001f, 0x001f, 0xffdf, 0x07df, 0x07df, 0x001f,
	0x001f, 0x001f, 0xffdf, 0x07df, 0x07df, 0x07df, 0x001f, 0x07df, 0x07df, 0x07df, 0x001f, 0xffdf,
	0x07df, 0x07df, 0x07df, 0x001f, 0x07df, 0x07df, 0x07df, 0x07df, 0x07df, 0x07df, 0x07df, 0x07df,
	0x07df, 0x07df, 0x001f, 0x001f, 0xffdf, 0x07df, 0x07df, 0x001f, 0x07df, 0x07df, 0x07df, 0x07df,
	0xffdf, 0x07df, 0x07df, 0xffdf, 0x07df, 0x07df, 0x07df, 0x07df, 0x07df, 0x0000, 0xffdf, 0x07df,
	0x07df, 0x0000, 0xc618, 0x07df, 0xc618, 0x07df, 0x07df, 0xffdf, 0x07df, 0x07df, 0x07df, 0x07df,
	0x07df, 0x07df, 0x07df, 0x07df, 0x07df, 0x07df, 0x07df, 0x07df, 0xffdf, 0x07df, 0x07df, 0xffdf,
	0x07df, 0x001f, 0x07df, 0x07df, 0x07df, 0x07df, 0x001f, 0xffdf, 0x001f, 0x07df, 0x07df, 0x07df,
	0x001f, 0x07df, 0x07df, 0x001f, 0x07df, 0x07df, 0x07df, 0x07df, 0x07df, 0x07df, 0x07df, 0x07df,
	0x07df, 0x07df, 0x07df, 0x07df, 0xffdf, 0x07df, 0x07df, 0xffdf, 0x001f, 0x07df, 0x07df, 0x07df,
	0x07df, 0x07df, 0x001f, 0xffdf, 0x001f, 0x07df, 0x07df, 0x07df, 0x001f, 0x07df, 0x07df, 0xffdf,
	0x001f, 0x07df, 0x07df, 0x07df, 0x07df, 0x07df, 0x07df, 0x07df, 0x07df, 0x07df, 0x07df, 0x07df,
	0xffdf, 0x07df, 0x07df, 0xffdf, 0x07df, 0x07df, 0x07df, 0x07df, 0x07df, 0x07df, 0x001f, 0xffdf,
	0x001f, 0x07df, 0x07df, 0x07df, 0x001f, 0x07df, 0x07df, 0xffdf, 0x07df, 0x07df, 0x07df, 0x07df,
	0x07df, 0x07df, 0x07df, 0x07df, 0x07df, 0x001f, 0x07df, 0x07df, 0x07df, 0x07df, 0x07df, 0x07df,
	0x07df, 0x07df, 0x07df, 0x07df, 0x001f, 0x0000, 0x07df, 0x07df, 0x07df, 0x0000, 0x07df, 0xc618,
	0x07df, 0xc618, 0x07df, 0x07df, 0x07df, 0x07df, 0x07df, 0x07df, 0x07df, 0xffdf, 0x07df, 0x07df,
	0x07df, 0x001f, 0x07df, 0x07df, 0x07df, 0x07df, 0x07df, 0x07df, 0x07df, 0x07df, 0x07df, 0x07df,
	0x001f, 0x001f, 0xffdf, 0x07df, 0x07df, 0x001f, 0x001f, 0x001f, 0xffdf, 0x07df, 0x07df, 0x07df,
	0x07df, 0x07df, 0x07df, 0x07df, 0x07df, 0xffdf, 0x07df, 0x07df, 0x07df, 0x001f, 0x07df, 0x07df,
	0x07df, 0x07df, 0x07df, 0x07df, 0x07df, 0x07df, 0x07df, 0x07df, 0x001f, 0x001f, 0xffdf, 0x07df,
	0x07df, 0x001f, 0x001f, 0x001f, 0xffdf, 0x07df, 0x07df, 0x07df, 0x07df, 0x07df, 0x07df, 0x07df,
	0x07df, 0xffdf, 0x07df, 0x07df, 0x07df, 0x001f, 0x07df, 0x07df, 0x07df, 0x07df, 0x07df, 0x07df,
	0x07df, 0x07df, 0x07df, 0x07df, 0x001f, 0x001f, 0xffdf, 0x07df, 0x07df, 0x001f, 0x001f, 0x001f,
	0xffdf, 0x07df, 0x07df, 0x07df, 0x07df, 0x001f, 0x07df, 0x07df, 0x07df, 0xffdf, 0x07df, 0x07df,
	0x001f, 0xffdf, 0x001f, 0x07df, 0x07df, 0x07df, 0x001f, 0x07df, 0x07df, 0xffdf, 0x07df, 0x07df,
	0x07df, 0x0000, 0xc618, 0xc618, 0xc618, 0x0000, 0x0000, 0x0000, 0x0000, 0x07df, 0x07df, 0x07df,
	0x07df, 0x07df, 0x07df, 0x07df, 0x07df, 0x07df, 0x07df, 0x07df, 0x001f, 0xffdf, 0x001f, 0x07df,
	0x07df, 0x07df, 0x001f, 0x07df, 0x07df, 0xffdf, 0x07df, 0x07df, 0x07df, 0x07df, 0x07df, 0x07df,
	0x07df, 0x07df, 0x07df, 0x07df, 0x07df, 0x07df, 0x07df, 0x07df, 0x07df, 0x07df, 0x07df, 0x07df,
	0x07df, 0x07df, 0x07df, 0x07df, 0x001f, 0xffdf, 0x001f, 0x07df, 0x07df, 0x07df, 0x001f, 0x07df,
	0x07df, 0xffdf, 0x07df, 0x07df, 0x07df, 0x07df, 0x07df, 0x07df, 0x07df, 0x07df, 0x07df, 0x07df,
	0x07df, 0x07df, 0x07df, 0x07df, 0x07df, 0x07df, 0x07df, 0x07df, 0x07df, 0x07df, 0x07df, 0x07df,
	0x001f, 0xffdf, 0x001f, 0x07df, 0x07df, 0x07df, 0x001f, 0x07df, 0x07df, 0xffdf, 0x07df, 0x07df,
	0x07df, 0x07df, 0x07df, 0x07df, 0x07df, 0x07df, 0x07df, 0x07df, 0x07df, 0x07df, 0x07df, 0x07df,
	0x07df, 0x07df, 0x07df, 0x07df, 0x07df, 0x07df, 0x07df, 0x07df, 0xffdf, 0x07df, 0x07df, 0x001f,
	0x001f, 0x001f, 0xffdf, 0x07df, 0x07df, 0x07df, 0x07df, 0x07df, 0xffdf, 0x07df, 0x0000, 0x0000,
	0x0000, 0x0000, 0xffdf, 0xffdf, 0x07df, 0x0000, 0x07df, 0x001f, 0x07df, 0x07df, 0xffdf, 0x07df,
	0x07df, 0x07df, 0x001f, 0x001f, 0xffdf, 0x07df, 0x07df, 0x001f, 0x001f, 0x001f, 0xffdf, 0x07df,
	0x07df, 0x07df, 0x07df, 0x07df, 0xffdf, 0x07df, 0x07df, 0x001f, 0x07df, 0x07df, 0x07df, 0x07df,
	0x07df, 0x07df, 0x07df, 0x001f, 0x07df, 0x07df, 0xffdf, 0x07df, 0x07df, 0x07df, 0x001f, 0x001f,
	0xffdf, 0x07df, 0x07df, 0x001f, 0x001f, 0x001f, 0xffdf, 0x07df, 0x07df, 0x07df, 0x07df, 0x07df,
	0xffdf, 0x07df, 0x07df, 0x07df, 0x07df, 0x07df, 0x07df, 0x07df, 0x07df, 0x07df, 0x07df, 0x001f,
	0x07df, 0x07df, 0xffdf, 0x07df, 0x07df, 0x07df, 0x001f, 0x001f, 0xffdf, 0x07df, 0x07df, 0x001f,
	0x001f, 0x001f, 0xffdf, 0x07df, 0x07df, 0x07df, 0x07df, 0x07df, 0xffdf, 0x07df, 0x07df, 0x001f,
	0x07df, 0x07df, 0x07df, 0x07df, 0x07df, 0x07df, 0x07df, 0x001f, 0x07df, 0x07df, 0xffdf, 0x07df,
	0x07df, 0x07df, 0x001f, 0x001f, 0x07df, 0x07df, 0x07df, 0x07df, 0x07df, 0x07df, 0x07df, 0x07df,
	0x07df, 0x001f, 0x07df, 0x07df, 0x07df, 0x07df, 0x07df, 0x07df, 0x07df, 0x0000, 0xffdf, 0x07df,
	0x07df, 0x0000, 0x001f, 0xffdf, 0x001f, 0x07df, 0x07df, 0x07df, 0x001f, 0x07df, 0x07df, 0x07df,
	0x07df, 0x07df, 0x07df, 0x07df, 0x07df, 0x07df, 0x07df, 0x07df, 0x07df, 0x001f, 0x07df, 0x07df,
	0x07df, 0x07df, 0x07df, 0x07df, 0x07df, 0xffdf, 0x07df, 0x07df, 0x07df, 0x07df, 0x001f, 0xffdf,
	0x001f, 0x07df, 0x07df, 0x07df, 0x001f, 0x07df, 0x07df, 0x07df, 0x07df, 0x07df, 0x07df, 0x07df,
	0x07df, 0x07df, 0x07df, 0x07df, 0x07df, 0x001f, 0x07df, 0x07df, 0x07df, 0x07df, 0x07df, 0x07df,
	0x07df, 0xffdf, 0x07df, 0x07df, 0x07df, 0x07df, 0x001f, 0xffdf, 0x001f, 0x07df, 0x07df, 0x07df,
	0x001f, 0x07df, 0x07df, 0x07df, 0x07df, 0x07df, 0x07df, 0x07df, 0x07df, 0x07df, 0x07df, 0x07df,
	0x07df, 0x001f, 0x07df, 0x07df, 0x07df, 0x07df, 0x07df, 0x07df, 0x07df, 0xffdf, 0x07df, 0x07df,
	0x07df, 0x07df, 0x001f, 0xffdf, 0x001f, 0x07df, 0x07df, 0x07df, 0x001f, 0x07df, 0x07df, 0x07df,
	0x07df, 0x07df, 0x07df, 0x07df, 0x07df, 0x07df, 0x07df, 0x07df, 0x001f, 0xffdf, 0x001f, 0x07df,
	0x07df, 0x07df, 0x001f, 0x07df, 0x07df, 0x0000, 0x07df, 0x07df, 0x07df, 0x0000, 0xffdf, 0x07df,
	0x07df, 0x001f, 0x001f, 0x001f, 0xffdf, 0x07df, 0x07df, 0x07df, 0x07df, 0x07df, 0x07df, 0x07df,
	0x07df, 0x07df, 0x07df, 0x07df, 0x001f, 0xffdf, 0x001f, 0x07df, 0x07df, 0x07df, 0x001f, 0x07df,
	0x07df, 0x07df, 0x07df, 0x07df, 0x001f, 0x001f, 0xffdf, 0x07df, 0x07df, 0x001f, 0x001f, 0x001f,
	0xffdf, 0x07df, 0x07df, 0x07df, 0x07df, 0x07df, 0x07df, 0x07df, 0x07df, 0x07df, 0x07df, 0x07df,
	0x001f, 0xffdf, 0x001f, 0x07df, 0x07df, 0x07df, 0x001f, 0x07df, 0x07df, 0x07df, 0x07df, 0x07df,
	0x001f, 0x001f, 0xffdf, 0x07df, 0x07df, 0x001f, 0x001f, 0x001f, 0xffdf, 0x07df, 0x07df, 0x07df,
	0x07df, 0x07df, 0x07df, 0x07df, 0x07df, 0x07df, 0x07df, 0x07df, 0x001f, 0xffdf, 0x001f, 0x07df,
	0x07df, 0x07df, 0x001f, 0x07df, 0x07df, 0x07df, 0x07df, 0x07df, 0x001f, 0x001f, 0xffdf, 0x07df,
	0x07df, 0x001f, 0x001f, 0x001f, 0xffdf, 0x07df, 0x07df, 0x07df, 0x07df, 0x07df, 0x07df, 0x07df,
	0x07df, 0x07df, 0x001f, 0x001f, 0xffdf, 0x07df, 0x07df, 0x001f, 0x001f, 0x001f, 0xffdf, 0x07df,
	0x07df, 0x0000, 0xc618, 0xc618, 0xc618, 0x0000, 0x07df, 0x07df, 0x07df, 0x07df, 0x07df, 0x07df,
	0x07df, 0x07df, 0x07df, 0x07df, 0x07df, 0x07df, 0x07df, 0x07df, 0x07df, 0x07df, 0x001f, 0x001f,
	0xffdf, 0x07df, 0x07df, 0x001f, 0x001f, 0x001f, 0xffdf, 0x07df, 0x07df, 0x07df, 0x07df, 0x07df,
	0x07df, 0x07df, 0x07df, 0x07df, 0x07df, 0x07df, 0x07df, 0x07df, 0x07df, 0x07df, 0x07df, 0x07df,
	0x07df, 0x07df, 0x07df, 0x07df, 0x07df, 0x07df, 0x001f, 0x001f, 0xffdf, 0x07df, 0x07df, 0x001f,
	0x001f, 0x001f, 0xffdf, 0x07df, 0x07df, 0x07df, 0x07df, 0x07df, 0x07df, 0x07df, 0x07df, 0x07df,
	0x07df, 0x07df, 0x07df, 0x07df, 0x07df, 0x07df, 0x07df, 0x07df, 0x07df, 0x07df, 0x07df, 0x07df,
	0x07df, 0x07df, 0x001f, 0x001f, 0xffdf, 0x07df, 0x07df, 0x001f, 0x001f, 0x001f, 0xffdf, 0x07df,
	0x07df, 0x07df, 0x07df, 0x07df, 0x07df, 0x07df, 0x07df, 0x07df, 0x07df, 0x07df, 0x07df, 0x07df,
	0x07df, 0x07df, 0x07df, 0x07df, 0x07df, 0x07df, 0x07df, 0x07df, 0x07df, 0x07df, 0x07df, 0x07df,
	0x07df, 0x07df, 0x07df, 0x07df, 0x07df, 0x07df, 0x07df, 0x07df, 0x07df, 0x07df, 0x0000, 0x0000,
	0x0000, 0x07df, 0x07df, 0x07df, 0x07df, 0x07df, 0x07df, 0x07df, 0x07df, 0x07df, 0x07df, 0x07df,
	0x07df, 0x07df, 0x07df, 0x07df, 0x07df, 0x07df, 0x07df, 0x07df, 0x07df, 0x07df, 0x07df, 0x07df,
	0x07df, 0x07df, 0x07df, 0x07df, 0x07df, 0xffdf, 0x07df, 0x07df, 0x07df, 0x07df, 0x07df, 0x07df,
	0x07df, 0x07df, 0x07df, 0x07df, 0x07df, 0x07df, 0x07df, 0x07df, 0x07df, 0x07df, 0x07df, 0x07df,
	0x07df, 0x07df, 0x07df, 0x07df, 0x07df, 0x07df, 0x07df, 0x07df, 0x07df, 0x07df, 0x07df, 0x07df,
	0x07df, 0xffdf, 0x07df, 0x07df, 0x07df, 0x07df, 0x07df, 0x07df, 0x07df, 0x07df, 0x07df, 0x07df,
	0x07df, 0x07df, 0x07df, 0x07df, 0x07df, 0x07df, 0x07df, 0x07df, 0x07df, 0x07df, 0x07df, 0x07df,
	0x07df, 0x07df, 0x07df, 0x07df, 0x07df, 0x07df, 0x07df, 0x07df, 0x07df, 0xffdf, 0x07df, 0x07df,
	0x07df, 0x07df, 0x07df, 0x07df, 0x07df, 0x07df, 0x07df, 0x07df, 0x07df, 0x07df, 0x07df, 0x07df,
	0x0000, 0x0000, 0x0000, 0x0000, 0x0000, 0x0000, 0x0000, 0x0000, 0x0000, 0x0000, 0x0000, 0x0000,
	0x0000, 0x0000, 0x0000, 0x0000, 0x0000, 0x0000, 0x0000, 0x0000, 0x0000, 0x0000, 0x0000, 0x0000,
	0x0000, 0x0000, 0x0000, 0x0000, 0x0000, 0x0000, 0x0000, 0x0000, 0x0000, 0x0000, 0x0000, 0x0000,
	0x0000, 0x0000, 0x0000, 0x0000, 0x0000, 0x0000, 0x0000, 0x0000, 0x0000, 0x0000, 0x0000, 0x0000,
	0x0000, 0x0000, 0x0000, 0x0000, 0x0000, 0x0000, 0x0000, 0x0000, 0x0000, 0x0000, 0x0000, 0x0000,
	0x0000, 0x0000, 0x0000, 0x0000, 0x0000, 0x0000, 0x0000, 0x0000, 0x0000, 0x0000, 0x0000, 0x0000,
	0x0000, 0x0000, 0x0000, 0x0000, 0x0000, 0x0000, 0x0000, 0x0000, 0x0000, 0x0000, 0x0000, 0x0000,
	0x0000, 0x0000, 0x0000, 0x0000, 0x0000, 0x0000, 0x0000, 0x0000, 0x0000, 0x0000, 0x0000, 0x0000,
	0x0000, 0x0000, 0x0000, 0x0000, 0x0000, 0x0000, 0x0000, 0x0000, 0x0000, 0x0000, 0x0000, 0x0000,
	0x0000, 0x0000, 0x0000, 0x0000, 0x0000, 0x0000, 0x0000, 0x0000, 0x0000, 0x0000, 0x0000, 0x0000,
	0x0000, 0x0000, 0x0000, 0x0000, 0x0000, 0x0000, 0x0000, 0x0000, 0x0000, 0x0000, 0x0000, 0x0000,
	0x0000, 0x0000, 0x0000, 0x0000, 0x0000, 0x0000, 0x0000, 0x0000, 0x0000, 0x0000, 0x0000, 0x0000,
	0x0000, 0x0000, 0x0000, 0x0000, 0x0000, 0x0000, 0x0000, 0x0000, 0x0000, 0x0000, 0x0000, 0x0000,
	0x0000, 0x0000, 0x0000, 0x0000, 0x0000, 0x0000, 0x0000, 0x0000, 0x0000, 0x0000, 0x0000, 0x0000,
	0x0000, 0x0000, 0x0000, 0x0000, 0x0000, 0x0000, 0x0000, 0x0000, 0x0000, 0x0000, 0x0000, 0x0000,
	0x0000, 0x0000, 0x0000, 0x0000, 0x0000, 0x0000, 0x0000, 0x0000, 0x0000, 0x0000, 0x0000, 0x0000,
	0x0000, 0x0000, 0x0000, 0x0000, 0x0000, 0x0000, 0x0000, 0x0000, 0x0000, 0x0000, 0x0000, 0x0000,
	0x0000, 0x0000, 0x0000, 0x0000, 0x0000, 0x0000, 0x0000, 0x0000, 0x0000, 0x0000, 0x0000, 0x0000,
	0x0000, 0x0000, 0x0000, 0x0000, 0x0000, 0x0000, 0x0000, 0x0000, 0x0000, 0x0000, 0x0000, 0x0000,
	0x0000, 0x0000, 0x0000, 0x0000, 0x0000, 0x0000, 0x0000, 0x0000, 0x0000, 0x0000, 0x0000, 0x0000,
	0x0000, 0x0000, 0x0000, 0x0000, 0x0000, 0x0000, 0x0000, 0x0000, 0x0000, 0x0000, 0x0000, 0x0000,
	0x0000, 0x0000, 0x0000, 0x0000, 0x0000, 0x0000, 0x0000, 0x0000, 0x0000, 0x0000, 0x0000, 0x0000,
	0x0000, 0x0000, 0x0000, 0x0000, 0x0000, 0x0000, 0x0000, 0x0000, 0x0000, 0x0000, 0x0000, 0x0000,
	0x0000, 0x0000, 0x0000, 0x0000, 0x0000, 0x0000, 0x0000, 0x0000, 0x0000, 0x0000, 0x0000, 0x0000,
	0x0000, 0x0000, 0x0000, 0x0000, 0x0000, 0x0000, 0x0000, 0x0000, 0x0000, 0x0000, 0x0000, 0x0000,
	0x0000, 0x0000, 0x0000, 0x0000, 0x0000, 0x0000, 0x0000, 0x0000, 0x0000, 0x0000, 0x0000, 0x0000,
	0x0000, 0x0000, 0x0000, 0x0000, 0x0000, 0x0000, 0x0000, 0x0000, 0x0000, 0x0000, 0x0000, 0x0000,
	0x0000, 0x0000, 0x0000, 0x0000, 0x0000, 0x0000, 0x0000, 0x0000, 0x0000, 0x0000, 0x0000, 0x0000,
	0x0000, 0x0000, 0x0000, 0x0000, 0x0000, 0x0000, 0x0000, 0x0000, 0x0000, 0x0000, 0x0000, 0x0000,
	0x0000, 0x0000, 0x0000, 0x0000, 0x0000, 0x0000, 0x0000, 0x0000, 0x0000, 0x0000, 0x0000, 0x0000,
	0x0000, 0x0000, 0x0000, 0x0000, 0x0000, 0x0000, 0x0000, 0x0000, 0x0000, 0x0000, 0x0000, 0x0000,
	0x0000, 0x0000, 0x0000, 0x0000, 0x0000, 0x0000, 0x0000, 0x0000, 0x0000, 0x0000, 0x0000, 0x0000,
	0x0000, 0x0000, 0x0000, 0x0000, 0x0000, 0x0000, 0x0000, 0x0000, 0x0000, 0x0000, 0x0000, 0x0000,
	0x0000, 0x0000, 0x0000, 0x0000, 0x0000, 0x0000, 0x0000, 0x0000, 0x0000, 0x0000, 0x0000, 0x0000,
	0x0000, 0x0000, 0x0000, 0x0000, 0x0000, 0x0000, 0x0000, 0x0000, 0x0000, 0x0000, 0x0000, 0x0000,
	0x0000, 0x0000, 0x0000, 0x0000, 0x0000, 0x0000, 0x0000, 0x0000, 0x0000, 0x0000, 0x0000, 0x0000,
	0x0000, 0x0000, 0x0000, 0x0000, 0x0000, 0x0000, 0x0000, 0x0000, 0x0000, 0x0000, 0x0000, 0x0000,
	0x0000, 0x0000, 0x0000, 0x0000, 0x0000, 0x0000, 0x0000, 0x0000, 0x0000, 0x0000, 0x0000, 0x0000,
	0x0000, 0x0000, 0x0000, 0x0000, 0x0000, 0x0000, 0x0000, 0x0000, 0x0000, 0x0000, 0x0000, 0x0000,
	0x0000, 0x0000, 0x0000, 0x0000, 0x0000, 0x0000, 0x0000, 0x0000, 0x0000, 0x0000, 0x0000, 0x0000,
	0x0000, 0x0000, 0x0000, 0x0000, 0x0000, 0x0000, 0x0000, 0x0000, 0x0000, 0x0000, 0x0000, 0x0000,
	0x0000, 0x0000, 0x0000, 0x0000, 0x0000, 0x0000, 0x0000, 0x0000, 0x0000, 0x0000, 0x0000, 0x0000,
	0x0000, 0x0000, 0x0000, 0x0000, 0x0000, 0x0000, 0x0000, 0x0000, 0x0000, 0x0000, 0x0000, 0x0000,
	0x0000, 0x0000, 0x0000, 0x0000, 0x0000, 0x0000, 0x0000, 0x0000, 0x0000, 0x0000, 0x0000, 0x0000,
	0x0000, 0x0000, 0x0000, 0x0000, 0x0000, 0x0000, 0x0000, 0x0000, 0x0000, 0x0000, 0x0000, 0x0000,
	0x0000, 0x0000, 0x0000, 0x0000, 0x0000, 0x0000, 0x0000, 0x0000, 0x0000, 0x0000, 0x0000, 0x0000,
	0x0000, 0x0000, 0x0000, 0x0000, 0x0000, 0x0000, 0x0000, 0x0000, 0x0000, 0x0000, 0x0000, 0x0000,
	0x0000, 0x0000, 0x0000, 0x0000, 0x0000, 0x0000, 0x0000, 0x0000, 0x0000, 0x0000, 0x0000, 0x0000,
	0x0000, 0x0000, 0x0000, 0x0000, 0x0000, 0x0000, 0x0000, 0x0000, 0x0000, 0x0000, 0x0000, 0x0000,
	0x0000, 0x0000, 0x0000, 0x0000, 0x0000, 0x0000, 0x0000, 0x0000, 0x0000, 0x0000, 0x0000, 0x0000,
	0x0000, 0x0000, 0x0000, 0x0000, 0x0000, 0x0000, 0x0000, 0x0000, 0x0000, 0x0000, 0x0000, 0x0000,
	0x0000, 0x0000, 0x0000, 0x0000, 0x0000, 0x0000, 0x0000, 0x0000, 0x0000, 0x0000, 0x0000, 0x0000,
	0x0000, 0x0000, 0x0000, 0x0000, 0x0000, 0x0000, 0x0000, 0x0000, 0x0000, 0x0000, 0x0000, 0x0000,
	0x0000, 0x0000, 0x0000, 0x0000, 0x0000, 0x0000, 0x0000, 0x0000, 0x0000, 0x0000, 0x0000, 0x0000,
	0x0000, 0x0000, 0x0000, 0x0000, 0x0000, 0x0000, 0x0000, 0x0000, 0x0000, 0x0000, 0x0000, 0x0000,
	0x0000, 0x0000, 0x0000, 0x0000, 0x0000, 0x0000, 0x0000, 0x0000, 0x0000, 0x0000, 0x0000, 0x0000,
	0x0000, 0x0000, 0x0000, 0x0000, 0x0000, 0x0000, 0x0000, 0x0000, 0x0000, 0x0000, 0x0000, 0x0000,
	0x0000, 0x0000, 0x0000, 0x0000, 0x0000, 0x0000, 0x0000, 0x0000, 0x0000, 0x0000, 0x0000, 0x0000,
	0x0000, 0x0000, 0x0000, 0x0000, 0x0000, 0x0000, 0x0000, 0x0000, 0x0000, 0x0000, 0x0000, 0x0000,
	0x0000, 0x0000, 0x0000, 0x0000, 0x0000, 0x0000, 0x0000, 0x0000, 0x0000, 0x0000, 0x0000, 0x0000,
	0x0000, 0x0000, 0x0000, 0x0000, 0x0000, 0x0000, 0x0000, 0x0000, 0x0000, 0x0000, 0x0000, 0x0000,
	0x0000, 0x0000, 0x0000, 0x0000, 0x0000, 0x0000, 0x0000, 0x0000, 0x0000, 0x0000, 0x0000, 0x0000,
	0x0000, 0x0000, 0x0000, 0x0000, 0x0000, 0x0000, 0x0000, 0x0000, 0x0000, 0x0000, 0x0000, 0x0000,
	0x0000, 0x0000, 0x0000, 0x0000, 0x0000, 0x0000, 0x0000, 0x0000, 0x0000, 0x0000, 0x0000, 0x0000,
	0x0000, 0x0000, 0x0000, 0x0000, 0x0000, 0x0000, 0x0000, 0x0000, 0x0000, 0x0000, 0x0000, 0x0000,
	0x0000, 0x0000, 0x0000, 0x0000, 0x0000, 0x0000, 0x0000, 0x0000, 0x0000, 0x0000, 0x0000, 0x0000,
	0x0000, 0x0000, 0x0000, 0x0000, 0x0000, 0x0000, 0x0000, 0x0000, 0x0000, 0x0000, 0x0000, 0x0000,
	0x0000, 0x0000, 0x0000, 0x0000, 0x0000, 0x0000, 0x0000, 0x0000, 0x0000, 0x0000, 0x0000, 0x0000,
	0x0000, 0x0000, 0x0000, 0x0000, 0x0000, 0x0000, 0x0000, 0x0000, 0x0000, 0x0000, 0x0000, 0x0000,
	0x0000, 0x0000, 0x0000, 0x0000, 0x0000, 0x0000, 0x0000, 0x0000, 0x0000, 0x0000, 0x0000, 0x0000,
	0x0000, 0x0000, 0x0000, 0x0000, 0x0000, 0x0000, 0x0000, 0x0000, 0x0000, 0x0000, 0x0000, 0x0000,
	0x0000, 0x0000, 0x0000, 0x0000, 0x0000, 0x0000, 0x0000, 0x0000, 0x0000, 0x0000, 0x0000, 0x0000,
	0x0000, 0x0000, 0x0000, 0x0000, 0x0000, 0x0000, 0x0000, 0x0000, 0x0000, 0x0000, 0x0000, 0x0000,
	0x0000, 0x0000, 0x0000, 0x0000, 0x0000, 0x0000, 0x0000, 0x0000, 0x0000, 0x0000, 0x0000, 0x0000,
	0x0000, 0x0000, 0x0000, 0x0000, 0x0000, 0x0000, 0x0000, 0x0000, 0x0000, 0x0000, 0x0000, 0x0000,
	0x0000, 0x0000, 0x0000, 0x0000, 0x0000, 0x0000, 0x0000, 0x0000, 0x0000, 0x0000, 0x0000, 0x0000,
	0x0000, 0x0000, 0x0000, 0x0000, 0x0000, 0x0000, 0x0000, 0x0000, 0x0000, 0x0000, 0x0000, 0x0000,
	0x0000, 0x0000, 0x0000, 0x0000, 0x0000, 0x0000, 0x0000, 0x0000, 0x0000, 0x0000, 0x0000, 0x0000,
	0x0000, 0x0000, 0x0000, 0x0000, 0x0000, 0x0000, 0x0000, 0x0000, 0x0000, 0x0000, 0x0000, 0x0000,
	0x0000, 0x0000, 0x0000, 0x0000, 0x0000, 0x0000, 0x0000, 0x0000, 0x0000, 0x0000, 0x0000, 0x0000,
	0x0000, 0x0000, 0x0000, 0x0000, 0x0000, 0x0000, 0x0000, 0x0000, 0x0000, 0x0000, 0x0000, 0x0000,
	0x0000, 0x0000, 0x0000, 0x0000, 0x0000, 0x0000, 0x0000, 0x0000, 0x0000, 0x0000, 0x0000, 0x0000,
	0x0000, 0x0000, 0x0000, 0x0000, 0x0000, 0x0000, 0x0000, 0x0000, 0x0000, 0x0000, 0x0000, 0x0000,
	0x0000, 0x0000, 0x0000, 0x0000, 0x0000, 0x0000, 0x0000, 0x0000, 0x0000, 0x0000, 0x0000, 0x0000,
	0x0000, 0x0000, 0x0000, 0x0000, 0x0000, 0x0000, 0x0000, 0x0000, 0x0000, 0x0000, 0x0000, 0x0000,
	0x0000, 0x0000, 0x0000, 0x0000, 0x0000, 0x0000, 0x0000, 0x0000, 0x0000, 0x0000, 0x0000, 0x0000,
	0x0000, 0x0000, 0x0000, 0x0000, 0x0000, 0x0000, 0x0000, 0x0000, 0x0000, 0x0000, 0x0000, 0x0000,
	0x0000, 0x0000, 0x0000, 0x0000, 0x0000, 0x0000, 0x0000, 0x0000, 0x0000, 0x0000, 0x0000, 0x0000,
	0x0000, 0x0000, 0x0000, 0x0000, 0x0000, 0x0000, 0x0000, 0x0000, 0x0000, 0x0000, 0x0000, 0x0000,
	0x0000, 0x0000, 0x0000, 0x0000, 0x0000, 0x0000, 0x0000, 0x0000, 0x0000, 0x0000, 0x0000, 0x0000,
	0x0000, 0x0000, 0x0000, 0x0000, 0x0000, 0x0000, 0x0000, 0x0000, 0x0000, 0x0000, 0x0000, 0x0000,
	0x0000, 0x0000, 0x0000, 0x0000, 0x0000, 0x0000, 0x0000, 0x0000, 0x0000, 0x0000, 0x0000, 0x0000,
	0x0000, 0x0000, 0x0000, 0x0000, 0x0000, 0x0000, 0x0000, 0x0000, 0x0000, 0x0000, 0x0000, 0x0000,
	0x0000, 0x0000, 0x0000, 0x0000, 0x0000, 0x0000, 0x0000, 0x0000, 0x0000, 0x0000, 0x0000, 0x0000,
	0x0000, 0x0000, 0x0000, 0x0000, 0x0000, 0x0000, 0x0000, 0x0000, 0x0000, 0x0000, 0x0000, 0x0000,
	0x0000, 0x0000, 0x0000, 0x0000, 0x0000, 0x0000, 0x0000, 0x0000, 0x0000, 0x0000, 0x0000, 0x0000,
	0x0000, 0x0000, 0x0000, 0x0000, 0x0000, 0x0000, 0x0000, 0x0000, 0x0000, 0x0000, 0x0000, 0x0000,
	0x0000, 0x0000, 0x0000, 0x0000, 0x0000, 0x0000, 0x0000, 0x0000, 0x0000, 0x0000, 0x0000, 0x0000,
	0x0000, 0x0000, 0x0000, 0x0000, 0x0000, 0x0000, 0x0000, 0x0000, 0x0000, 0x0000, 0x0000, 0x0000,
	0x0000, 0x0000, 0x0000, 0x0000, 0x0000, 0x0000, 0x0000, 0x0000, 0x0000, 0x0000, 0x0000, 0x0000,
	0x0000, 0x0000, 0x0000, 0x0000, 0x0000, 0x0000, 0x0000, 0x0000, 0x0000, 0x0000, 0x0000, 0x0000,
	0x0000, 0x0000, 0x0000, 0x0000, 0x0000, 0x0000, 0x0000, 0x0000, 0x0000, 0x0000, 0x0000, 0x0000,
	0x0000, 0x0000, 0x0000, 0x0000, 0x0000, 0x0000, 0x0000, 0x0000, 0x0000, 0x0000, 0x0000, 0x0000,
	0x0000, 0x0000, 0x0000, 0x0000, 0x0000, 0x0000, 0x0000, 0x0000, 0x0000, 0x0000, 0x0000, 0x0000,
	0x0000, 0x0000, 0x0000, 0x0000, 0x0000, 0x0000, 0x0000, 0x0000, 0x0000, 0x0000, 0x0000, 0x0000,
	0x0000, 0x0000, 0x0000, 0x0000, 0x0000, 0x0000, 0x0000, 0x0000, 0x0000, 0x0000, 0x0000, 0x0000,
	0x0000, 0x0000, 0x0000, 0x0000, 0x0000, 0x0000, 0x0000, 0x0000, 0x0000, 0x0000, 0x0000, 0x0000,
	0x0000, 0x0000, 0x0000, 0x0000, 0x0000, 0x0000, 0x0000, 0x0000, 0x0000, 0x0000, 0x0000, 0x0000,
	0x0000, 0x0000, 0x0000, 0x0000, 0x0000, 0x0000, 0x0000, 0x0000, 0x0000, 0x0000, 0x0000, 0x0000,
	0x0000, 0x0000, 0x0000, 0x0000, 0x0000, 0x0000, 0x0000, 0x0000, 0x0000, 0x0000, 0x0000, 0x0000,
	0x0000, 0x0000, 0x0000, 0x0000, 0x0000, 0x0000, 0x0000, 0x0000, 0x0000, 0x0000, 0x0000, 0x0000,
	0x0000, 0x0000, 0x0000, 0x0000, 0x0000, 0x0000, 0x0000, 0x0000, 0x0000, 0x0000, 0x0000, 0x0000,
	0x0000, 0x0000, 0x0000, 0x0000, 0x0000, 0x0000, 0x0000, 0x0000, 0x0000, 0x0000, 0x0000, 0x0000,
	0x0000, 0x0000, 0x0000, 0x0000, 0x0000, 0x0000, 0x0000, 0x0000, 0x0000, 0x0000, 0x0000, 0x0000,
	0x0000, 0x0000, 0x0000, 0x0000, 0x0000, 0x0000, 0x0000, 0x0000, 0x0000, 0x0000, 0x0000, 0x0000,
	0x0000, 0x0000, 0x0000, 0x0000, 0x0000, 0x0000, 0x0000, 0x0000, 0x0000, 0x0000, 0x0000, 0x0000,
	0x0000, 0x0000, 0x0000, 0x0000, 0x0000, 0x0000, 0x0000, 0x0000, 0x0000, 0x0000, 0x0000, 0x0000,
	0x0000, 0x0000, 0x0000, 0x0000, 0x0000, 0x0000, 0x0000, 0x0000, 0x0000, 0x0000, 0x0000, 0x0000,
	0x0000, 0x0000, 0x0000, 0x0000, 0x0000, 0x0000, 0x0000, 0x0000, 0x0000, 0x0000, 0x0000, 0x0000,
	0x0000, 0x0000, 0x0000, 0x0000, 0x0000, 0x0000, 0x0000, 0x0000, 0x0000, 0x0000, 0x0000, 0x0000,
	0x0000, 0x0000, 0x0000, 0x0000, 0x0000, 0x0000, 0x0000, 0x0000, 0x0000, 0x0000, 0x0000, 0x0000,
	0x0000, 0x0000, 0x0000, 0x0000, 0x0000, 0x0000, 0x0000, 0x0000, 0x0000, 0x0000, 0x0000, 0x0000,
	0x0000, 0x0000, 0x0000, 0x0000, 0x0000, 0x0000, 0x0000, 0x0000, 0x0000, 0x0000, 0x0000, 0x0000,
	0x0000, 0x0000, 0x0000, 0x0000, 0x0000, 0x0000, 0x0000, 0x0000, 0x0000, 0x0000, 0x0000, 0x0000,
	0x0000, 0x0000, 0x0000, 0x0000, 0x0000, 0x0000, 0x0000, 0x0000, 0x0000, 0x0000, 0x0000, 0x0000,
	0x0000, 0x0000, 0x0000, 0x0000, 0x0000, 0x0000, 0x0000, 0x0000, 0x0000, 0x0000, 0x0000, 0x0000,
	0x0000, 0x0000, 0x0000, 0x0000, 0x0000, 0x0000, 0x0000, 0x0000, 0x0000, 0x0000, 0x0000, 0x0000,
	0x0000, 0x0000, 0x0000, 0x0000, 0x0000, 0x0000, 0x0000, 0x0000, 0x0000, 0x0000, 0x0000, 0x0000,
	0x0000, 0x0000, 0x0000, 0x0000, 0x0000, 0x0000, 0x0000, 0x0000, 0x0000, 0x0000, 0x0000, 0x0000,
	0x0000, 0x0000, 0x0000, 0x0000, 0x0000, 0x0000, 0x0000, 0x0000, 0x0000, 0x0000, 0x0000, 0x0000,
	0x0000, 0x0000, 0x0000, 0x0000, 0x0000, 0x0000, 0x0000, 0x0000, 0x0000, 0x0000, 0x0000, 0x0000,
	0x0000, 0x0000, 0x0000, 0x0000, 0x0000, 0x0000, 0x0000, 0x0000, 0x0000, 0x0000, 0x0000, 0x0000,
	0x0000, 0x0000, 0x0000, 0x0000, 0x0000, 0x0000, 0x0000, 0x0000, 0x0000, 0x0000, 0x0000, 0x0000,
	0x0000, 0x0000, 0x0000, 0x0000, 0x0000, 0x0000, 0x0000, 0x0000, 0x0000, 0x0000, 0x0000, 0x0000,
	0x0000, 0x0000, 0x0000, 0x0000, 0x0000, 0x0000, 0x0000, 0x0000, 0x0000, 0x0000, 0x0000, 0x0000,
	0x0000, 0x0000, 0x0000, 0x0000, 0x0000, 0x0000, 0x0000, 0x0000, 0x0000, 0x0000, 0x0000, 0x0000,
	0x0000, 0x0000, 0x0000, 0x0000, 0x0000, 0x0000, 0x0000, 0x0000, 0x0000, 0x0000, 0x0000, 0x0000,
	0x0000, 0x0000, 0x0000, 0x0000, 0x0000, 0x0000, 0x0000, 0x0000, 0x0000, 0x0000, 0x0000, 0x0000,
	0x0000, 0x0000, 0x0000, 0x0000, 0x0000, 0x0000, 0x0000, 0x0000, 0x0000, 0x0000, 0x0000, 0x0000,
	0x0000, 0x0000, 0x0000, 0x0000, 0x0000, 0x0000, 0x0000, 0x0000, 0x0000, 0x0000, 0x0000, 0x0000,
	0x0000, 0x0000, 0x0000, 0x0000, 0x0000, 0x0000, 0x0000, 0x0000, 0x0000, 0x0000, 0x0000, 0x0000,
	0x0000, 0x0000, 0x0000, 0x0000, 0x0000, 0x0000, 0x0000, 0x0000, 0x0000, 0x0000, 0x0000, 0x0000,
	0x0000, 0x0000, 0x0000, 0x0000, 0x0000, 0x0000, 0x0000, 0x0000, 0x0000, 0x0000, 0x0000, 0x0000,
	0x0000, 0x0000, 0x0000, 0x0000, 0x0000, 0x0000, 0x0000, 0x0000, 0x0000, 0x0000, 0x0000, 0x0000,
	0x0000, 0x0000, 0x0000, 0x0000, 0x0000, 0x0000, 0x0000, 0x0000, 0x0000, 0x0000, 0x0000, 0x0000,
	0x0000, 0x0000, 0x0000, 0x0000, 0x0000, 0x0000, 0x0000, 0x0000, 0x0000, 0x0000, 0x0000, 0x0000,
	0x0000, 0x0000, 0x0000, 0x0000, 0x0000, 0x0000, 0x0000, 0x0000, 0x0000, 0x0000, 0x0000, 0x0000,
	0x0000, 0x0000, 0x0000, 0x0000, 0x0000, 0x0000, 0x0000, 0x0000, 0x0000, 0x0000, 0x0000, 0x0000,
	0x0000, 0x0000, 0x0000, 0x0000, 0x0000, 0x0000, 0x0000, 0x0000, 0x0000, 0x0000, 0x0000, 0x0000,
	0x0000, 0x0000, 0x0000, 0x0000, 0x0000, 0x0000, 0x0000, 0x0000, 0x0000, 0x0000, 0x0000, 0x0000,
	0x0000, 0x0000, 0x0000, 0x0000, 0x0000, 0x0000, 0x0000, 0x0000, 0x0000, 0x0000, 0x0000, 0x0000,
	0x0000, 0x0000, 0x0000, 0x0000, 0x0000, 0x0000, 0x0000, 0x0000, 0x0000, 0x0000, 0x0000, 0x0000,
	0x0000, 0x0000, 0x0000, 0x0000, 0x0000, 0x0000, 0x0000, 0x0000, 0x0000, 0x0000, 0x0000, 0x0000,
	0x0000, 0x0000, 0x0000, 0x0000, 0x0000, 0x0000, 0x0000, 0x0000, 0x0000, 0x0000, 0x0000, 0x0000,
	0x0000, 0x0000, 0x0000, 0x0000, 0x0000, 0x0000, 0x0000, 0x0000, 0x0000, 0x0000, 0x0000, 0x0000,
	0x0000, 0x0000, 0x0000, 0x0000, 0x0000, 0x0000, 0x0000, 0x0000, 0x0000, 0x0000, 0x0000, 0x0000,
	0x0000, 0x0000, 0x0000, 0x0000, 0x0000, 0x0000, 0x0000, 0x0000, 0x0000, 0x0000, 0x0000, 0x0000,
	0x0000, 0x0000, 0x0000, 0x0000, 0x0000, 0x0000, 0x0000, 0x0000, 0x0000, 0x0000, 0x0000, 0x0000,
	0x0000, 0x0000, 0x0000, 0x0000, 0x0000, 0x0000, 0x0000, 0x0000, 0x0000, 0x0000, 0x0000, 0x0000,
	0x0000, 0x0000, 0x0000, 0x0000, 0x0000, 0x0000, 0x0000, 0x0000, 0x0000, 0x0000, 0x0000, 0x0000,
	0x0000, 0x0000, 0x0000, 0x0000, 0x0000, 0x0000, 0x0000, 0x0000, 0x0000, 0x0000, 0x0000, 0x0000,
	0x0000, 0x0000, 0x0000, 0x0000, 0x0000, 0x0000, 0x0000, 0x0000, 0x0000, 0x0000, 0x0000, 0x0000,
	0x0000, 0x0000, 0x0000, 0x0000, 0x0000, 0x0000, 0x0000, 0x0000, 0x0000, 0x0000, 0x0000, 0x0000,
	0x0000, 0x0000, 0x0000, 0x0000, 0x0000, 0x0000, 0x0000, 0x0000, 0x0000, 0x0000, 0x0000, 0x0000,
	0x0000, 0x0000, 0x0000, 0x0000, 0x0000, 0x0000, 0x0000, 0x0000, 0x0000, 0x0000, 0x0000, 0x0000,
	0x0000, 0x0000, 0x0000, 0x0000, 0x0000, 0x0000, 0x0000, 0x0000, 0x0000, 0x0000, 0x0000, 0x0000,
	0x0000, 0x0000, 0x0000, 0x0000, 0x0000, 0x0000, 0x0000, 0x0000, 0x0000, 0x0000, 0x0000, 0x0000,
	0x0000, 0x0000, 0x0000, 0x0000, 0x0000, 0x0000, 0x0000, 0x0000, 0x0000, 0x0000, 0x0000, 0x0000,
	0x0000, 0x0000, 0x0000, 0x0000, 0x0000, 0x0000, 0x0000, 0x0000, 0x0000, 0x0000, 0x0000, 0x0000,
	0x0000, 0x0000, 0x0000, 0x0000, 0x0000, 0x0000, 0x0000, 0x0000, 0x0000, 0x0000, 0x0000, 0x0000,
	0x0000, 0x0000, 0x0000, 0x0000, 0x0000, 0x0000, 0x0000, 0x0000, 0x0000, 0x0000, 0x0000, 0x0000,
	0x0000, 0x0000, 0x0000, 0x0000, 0x0000, 0x0000, 0x0000, 0x0000, 0x0000, 0x0000, 0x0000, 0x0000,
	0x0000, 0x0000, 0x0000, 0x0000, 0x0000, 0x0000, 0x0000, 0x0000, 0x0000, 0x0000, 0x0000, 0x0000,
	0x0000, 0x0000, 0x0000, 0x0000, 0x0000, 0x0000, 0x0000, 0x0000, 0x0000, 0x0000, 0x0000, 0x0000,
	0x0000, 0x0000, 0x0000, 0x0000, 0x0000, 0x0000, 0x0000, 0x0000, 0x0000, 0x0000, 0x0000, 0x0000,
	0x0000, 0x0000, 0x0000, 0x0000, 0x0000, 0x0000, 0x0000, 0x0000, 0x0000, 0x0000, 0x0000, 0x0000,
	0x0000, 0x0000, 0x0000, 0x0000, 0x0000, 0x0000, 0x0000, 0x0000, 0x0000, 0x0000, 0x0000, 0x0000,
	0x0000, 0x0000, 0x0000, 0x0000, 0x0000, 0x0000, 0x0000, 0x0000, 0x0000, 0x0000, 0x0000, 0x0000,
	0x0000, 0x0000, 0x0000, 0x0000, 0x0000, 0x0000, 0x0000, 0x0000, 0x0000, 0x0000, 0x0000, 0x0000,
	0x0000, 0x0000, 0x0000, 0x0000, 0x0000, 0x0000, 0x0000, 0x0000, 0x0000, 0x0000, 0x0000, 0x0000,
	0x0000, 0x0000, 0x0000, 0x0000, 0x0000, 0x0000, 0x0000, 0x0000, 0x0000, 0x0000, 0x0000, 0x0000,
	0x0000, 0x0000, 0x0000, 0x0000, 0x0000, 0x0000, 0x0000, 0x0000, 0x0000, 0x0000, 0x0000, 0x0000,
	0x0000, 0x0000, 0x0000, 0x0000, 0x0000, 0x0000, 0x0000, 0x0000, 0x0000, 0x0000, 0x0000, 0x0000,
	0x0000, 0x0000, 0x0000, 0x0000, 0x0000, 0x0000, 0x0000, 0x0000, 0x0000, 0x0000, 0x0000, 0x0000,
	0x0000, 0x0000, 0x0000, 0x0000, 0x0000, 0x0000, 0x0000, 0x0000, 0x0000, 0x0000, 0x0000, 0x0000,
	0x0000, 0x0000, 0x0000, 0x0000, 0x0000, 0x0000, 0x0000, 0x0000, 0x0000, 0x0000, 0x0000, 0x0000,
	0x0000, 0x0000, 0x0000, 0x0000, 0x0000, 0x0000, 0x0000, 0x0000, 0x0000, 0x0000, 0x0000, 0x0000,
	0x0000, 0x0000, 0x0000, 0x0000, 0x0000, 0x0000, 0x0000, 0x0000, 0x0000, 0x0000, 0x0000, 0x0000,
	0x0000, 0x0000, 0x0000, 0x0000, 0x0000, 0x0000, 0x0000, 0x0000, 0x0000, 0x0000, 0x0000, 0x0000,
	0x0000, 0x0000, 0x0000, 0x0000, 0x0000, 0x0000, 0x0000, 0x0000, 0x0000, 0x0000, 0x0000, 0x0000,
	0x0000, 0x0000, 0x0000, 0x0000, 0x0000, 0x0000, 0x0000, 0x0000, 0x0000, 0x0000, 0x0000, 0x0000,
	0x0000, 0x0000, 0x0000, 0x0000, 0x0000, 0x0000, 0x0000, 0x0000, 0x0000, 0x0000, 0x0000, 0x0000,
	0x0000, 0x0000, 0x0000, 0x0000, 0x0000, 0x0000, 0x0000, 0x0000, 0x0000, 0x0000, 0x0000, 0x0000,
	0x0000, 0x0000, 0x0000, 0x0000, 0x0000, 0x0000, 0x0000, 0x0000, 0x0000, 0x0000, 0x0000, 0x0000,
	0x0000, 0x0000, 0x0000, 0x0000, 0x0000, 0x0000, 0x0000, 0x0000, 0x0000, 0x0000, 0x0000, 0x0000,
	0x0000, 0x0000, 0x0000, 0x0000, 0x0000, 0x0000, 0x0000, 0x0000, 0x0000, 0x0000, 0x0000, 0x0000,
	0x0000, 0x0000, 0x0000, 0x0000, 0x0000, 0x0000, 0x0000, 0x0000, 0x0000, 0x0000, 0x0000, 0x0000,
	0x0000, 0x0000, 0x0000, 0x0000, 0x0000, 0x0000, 0x0000, 0x0000, 0x0000, 0x0000, 0x0000, 0x0000,
	0x0000, 0x0000, 0x0000, 0x0000, 0x0000, 0x0000, 0x0000, 0x0000, 0x0000, 0x0000, 0x0000, 0x0000,
	0x0000, 0x0000, 0x0000, 0x0000, 0x0000, 0x0000, 0x0000, 0x0000, 0x0000, 0x0000, 0x0000, 0x0000,
	0x0000, 0x0000, 0x0000, 0x0000, 0x0000, 0x0000, 0x0000, 0x0000, 0x0000, 0x0000, 0x0000, 0x0000,
	0x0000, 0x0000, 0x0000, 0x0000, 0x0000, 0x0000, 0x0000, 0x0000, 0x0000, 0x0000, 0x0000, 0x0000,
	0x0000, 0x0000, 0x0000, 0x0000, 0x0000, 0x0000, 0x0000, 0x0000, 0x0000, 0x0000, 0x0000, 0x0000,
	0x0000, 0x0000, 0x0000, 0x0000, 0x0000, 0x0000, 0x0000, 0x0000, 0x0000, 0x0000, 0x0000, 0x0000,
	0x0000, 0x0000, 0x0000, 0x0000, 0x0000, 0x0000, 0x0000, 0x0000, 0x0000, 0x0000, 0x0000, 0x0000,
	0x0000, 0x0000, 0x0000, 0x0000, 0x0000, 0x0000, 0x0000, 0x0000, 0x0000, 0x0000, 0x0000, 0x0000,
	0x0000, 0x0000, 0x0000, 0x0000, 0x0000, 0x0000, 0x0000, 0x0000, 0x0000, 0x0000, 0x0000, 0x0000,
	0x0000, 0x0000, 0x0000, 0x0000, 0x0000, 0x0000, 0x0000, 0x0000, 0x0000, 0x0000, 0x0000, 0x0000,
	0x0000, 0x0000, 0x0000, 0x0000, 0x0000, 0x0000, 0x0000, 0x0000, 0x0000, 0x0000, 0x0000, 0x0000,
	0x0000, 0x0000, 0x0000, 0x0000, 0x0000, 0x0000, 0x0000, 0x0000, 0x0000, 0x0000, 0x0000, 0x0000,
	0x0000, 0x0000, 0x0000, 0x0000, 0x0000, 0x0000, 0x0000, 0x0000, 0x0000, 0x0000, 0x0000, 0x0000,
	0x0000, 0x0000, 0x0000, 0x0000, 0x0000, 0x0000, 0x0000, 0x0000, 0x0000, 0x0000, 0x0000, 0x0000,
	0x0000, 0x0000, 0x0000, 0x0000, 0x0000, 0x0000, 0x0000, 0x0000, 0x0000, 0x0000, 0x0000, 0x0000,
	0x0000, 0x0000, 0x0000, 0x0000, 0x0000, 0x0000, 0x0000, 0x0000, 0x0000, 0x0000, 0x0000, 0x0000,
	0x0000, 0x0000, 0x0000, 0x0000, 0x0000, 0x0000, 0x0000, 0x0000, 0x0000, 0x0000, 0x0000, 0x0000,
	0x0000, 0x0000, 0x0000, 0x0000, 0x0000, 0x0000, 0x0000, 0x0000, 0x0000, 0x0000, 0x0000, 0x0000,
	0x0000, 0x0000, 0x0000, 0x0000, 0x0000, 0x0000, 0x0000, 0x0000, 0x0000, 0x0000, 0x0000, 0x0000,
	0x0000, 0x0000, 0x0000, 0x0000, 0x0000, 0x0000, 0x0000, 0x0000, 0x0000, 0x0000, 0x0000, 0x0000,
	0x0000, 0x0000, 0x0000, 0x0000, 0x0000, 0x0000, 0x0000, 0x0000, 0x0000, 0x0000, 0x0000, 0x0000,
	0x0000, 0x0000, 0x0000, 0x0000, 0x0000, 0x0000, 0x0000, 0x0000, 0x0000, 0x0000, 0x0000, 0x0000,
	0x0000, 0x0000, 0x0000, 0x0000, 0x0000, 0x0000, 0x0000, 0x0000, 0x0000, 0x0000, 0x0000, 0x0000,
	0x0000, 0x0000, 0x0000, 0x0000, 0x0000, 0x0000, 0x0000, 0x0000, 0x0000, 0x0000, 0x0000, 0x0000,
	0x0000, 0x0000, 0x0000, 0x0000, 0x0000, 0x0000, 0x0000, 0x0000, 0x0000, 0x0000, 0x0000, 0x0000,
	0x0000, 0x0000, 0x0000, 0x0000, 0x0000, 0x0000, 0x0000, 0x0000, 0x0000, 0x0000, 0x0000, 0x0000,
	0x0000, 0x0000, 0x0000, 0x0000, 0x0000, 0x0000, 0x0000, 0x0000, 0x0000, 0x0000, 0x0000, 0x0000,
	0x0000, 0x0000, 0x0000, 0x0000, 0x0000, 0x0000, 0x0000, 0x0000, 0x0000, 0x0000, 0x0000, 0x0000,
	0x0000, 0x0000, 0x0000, 0x0000, 0x0000, 0x0000, 0x0000, 0x0000, 0x0000, 0x0000, 0x0000, 0x0000,
	0x0000, 0x0000, 0x0000, 0x0000, 0x0000, 0x0000, 0x0000, 0x0000, 0x0000, 0x0000, 0x0000, 0x0000,
	0x0000, 0x0000, 0x0000, 0x0000, 0x0000, 0x0000, 0x0000, 0x0000, 0x0000, 0x0000, 0x0000, 0x0000,
	0x0000, 0x0000, 0x0000, 0x0000, 0x0000, 0x0000, 0x0000, 0x0000, 0x0000, 0x0000, 0x0000, 0x0000,
	0x0000, 0x0000, 0x0000, 0x0000, 0x0000, 0x0000, 0x0000, 0x0000, 0x0000, 0x0000, 0x0000, 0x0000,
	0x0000, 0x0000, 0x0000, 0x0000, 0x0000, 0x0000, 0x0000, 0x0000, 0x0000, 0x0000, 0x0000, 0x0000,
	0x0000, 0x0000, 0x0000, 0x0000, 0x0000, 0x0000, 0x0000, 0x0000, 0x0000, 0x0000, 0x0000, 0x0000,
	0x0000, 0x0000, 0x0000, 0x0000, 0x0000, 0x0000, 0x0000, 0x0000, 0x0000, 0x0000, 0x0000, 0x0000,
	0x0000, 0x0000, 0x0000, 0x0000, 0x0000, 0x0000, 0x0000, 0x0000, 0x0000, 0x0000, 0x0000, 0x0000,
	0x0000, 0x0000, 0x0000, 0x0000, 0x0000, 0x0000, 0x0000, 0x0000, 0x0000, 0x0000, 0x0000, 0x0000,
	0x0000, 0x0000, 0x0000, 0x0000, 0x0000, 0x0000, 0x0000, 0x0000, 0x0000, 0x0000, 0x0000, 0x0000,
	0x0000, 0x0000, 0x0000, 0x0000, 0x0000, 0x0000, 0x0000, 0x0000, 0x0000, 0x0000, 0x0000, 0x0000,
	0x0000, 0x0000, 0x0000, 0x0000, 0x0000, 0x0000, 0x0000, 0x0000, 0x0000, 0x0000, 0x0000, 0x0000,
	0x0000, 0x0000, 0x0000, 0x0000, 0x0000, 0x0000, 0x0000, 0x0000, 0x0000, 0x0000, 0x0000, 0x0000,
	0x0000, 0x0000, 0x0000, 0x0000, 0x0000, 0x0000, 0x0000, 0x0000, 0x0000, 0x0000, 0x0000, 0x0000,
	0x0000, 0x0000, 0x0000, 0x0000, 0x0000, 0x0000, 0x0000, 0x0000, 0x0000, 0x0000, 0x0000, 0x0000,
	0x0000, 0x0000, 0x0000, 0x0000, 0x0000, 0x0000, 0x0000, 0x0000, 0x0000, 0x0000, 0x0000, 0x0000,
	0x0000, 0x0000, 0x0000, 0x0000, 0x0000, 0x0000, 0x0000, 0x0000, 0x0000, 0x0000, 0x0000, 0x0000,
	0x0000, 0x0000, 0x0000, 0x0000, 0x0000, 0x0000, 0x0000, 0x0000, 0x0000, 0x0000, 0x0000, 0x0000,
	0x0000, 0x0000, 0x0000, 0x0000, 0x0000, 0x0000, 0x0000, 0x0000, 0x0000, 0x0000, 0x0000, 0x0000,
	0x0000, 0x0000, 0x0000, 0x0000, 0x0000, 0x0000, 0x0000, 0x0000, 0x0000, 0x0000, 0x0000, 0x0000,
	0x0000, 0x0000, 0x0000, 0x0000, 0x0000, 0x0000, 0x0000, 0x0000, 0x0000, 0x0000, 0x0000, 0x0000,
	0x0000, 0x0000, 0x0000, 0x0000, 0x0000, 0x0000, 0x0000, 0x0000, 0x0000, 0x0000, 0x0000, 0x0000,
	0x0000, 0x0000, 0x0000, 0x0000, 0x0000, 0x0000, 0x0000, 0x0000, 0x0000, 0x0000, 0x0000, 0x0000,
	0x0000, 0x0000, 0x0000, 0x0000, 0x0000, 0x0000, 0x0000, 0x0000, 0x0000, 0x0000, 0x0000, 0x0000,
	0x0000, 0x0000, 0x0000, 0x0000, 0x0000, 0x0000, 0x0000, 0x0000, 0x0000, 0x0000, 0x0000, 0x0000,
	0x0000, 0x0000, 0x0000, 0x0000, 0x0000, 0x0000, 0x0000, 0x0000, 0x0000, 0x0000, 0x0000, 0x0000,
	0x0000, 0x0000, 0x0000, 0x0000, 0x0000, 0x0000, 0x0000, 0x0000, 0x0000, 0x0000, 0x0000, 0x0000,
	0x0000, 0x0000, 0x0000, 0x0000, 0x0000, 0x0000, 0x0000, 0x0000, 0x0000, 0x0000, 0x0000, 0x0000,
	0x0000, 0x0000, 0x0000, 0x0000, 0x0000, 0x0000, 0x0000, 0x0000, 0x0000, 0x0000, 0x0000, 0x0000,
	0x0000, 0x0000, 0x0000, 0x0000, 0x0000, 0x0000, 0x0000, 0x0000, 0x0000, 0x0000, 0x0000, 0x0000,
	0x0000, 0x0000, 0x0000, 0x0000, 0x0000, 0x0000, 0x0000, 0x0000, 0x0000, 0x0000, 0x0000, 0x0000,
	0x0000, 0x0000, 0x0000, 0x0000, 0x0000, 0x0000, 0x0000, 0x0000, 0x0000, 0x0000, 0x0000, 0x0000,
	0x0000, 0x0000, 0x0000, 0x0000, 0x0000, 0x0000, 0x0000, 0x0000, 0x0000, 0x0000, 0x0000, 0x0000,
	0x0000, 0x0000, 0x0000, 0x0000, 0x0000, 0x0000, 0x0000, 0x0000, 0x0000, 0x0000, 0x0000, 0x0000,
	0x0000, 0x0000, 0x0000, 0x0000, 0x0000, 0x0000, 0x0000, 0x0000, 0x0000, 0x0000, 0x0000, 0x0000,
	0x0000, 0x0000, 0x0000, 0x0000, 0x0000, 0x0000, 0x0000, 0x0000, 0x0000, 0x0000, 0x0000, 0x0000,
	0x0000, 0x0000, 0x0000, 0x0000, 0x0000, 0x0000, 0x0000, 0x0000, 0x0000, 0x0000, 0x0000, 0x0000,
	0x0000, 0x0000, 0x0000, 0x0000, 0x0000, 0x0000, 0x0000, 0x0000, 0x0000, 0x0000, 0x0000, 0x0000,
	0x0000, 0x0000, 0x0000, 0x0000, 0x0000, 0x0000, 0x0000, 0x0000, 0x0000, 0x0000, 0x0000, 0x0000,
	0x0000, 0x0000, 0x0000, 0x0000, 0x0000, 0x0000, 0x0000, 0x0000, 0x0000, 0x0000, 0x0000, 0x0000,
	0x0000, 0x0000, 0x0000, 0x0000, 0x0000, 0x0000, 0x0000, 0x0000, 0x0000, 0x0000, 0x0000, 0x0000,
	0x0000, 0x0000, 0x0000, 0x0000, 0x0000, 0x0000, 0x0000, 0x0000, 0x0000, 0x0000, 0x0000, 0x0000,
	0x0000, 0x0000, 0x0000, 0x0000, 0x0000, 0x0000, 0x0000, 0x0000, 0x0000, 0x0000, 0x0000, 0x0000,
	0x0000, 0x0000, 0x0000, 0x0000, 0x0000, 0x0000, 0x0000, 0x0000, 0x0000, 0x0000, 0x0000, 0x0000,
	0x0000, 0x0000, 0x0000, 0x0000, 0x0000, 0x0000, 0x0000, 0x0000, 0x0000, 0x0000, 0x0000, 0x0000,
	0x0000, 0x0000, 0x0000, 0x0000, 0x0000, 0x0000, 0x0000, 0x0000, 0x0000, 0x0000, 0x0000, 0x0000,
	0x0000, 0x0000, 0x0000, 0x0000, 0x0000, 0x0000, 0x0000, 0x0000, 0x0000, 0x0000, 0x0000, 0x0000,
	0x0000, 0x0000, 0x0000, 0x0000, 0x0000, 0x0000, 0x0000, 0x0000, 0x0000, 0x0000, 0x0000, 0x0000,
	0x0000, 0x0000, 0x0000, 0x0000, 0x0000, 0x0000, 0x0000, 0x0000, 0x0000, 0x0000, 0x0000, 0x0000,
	0x0000, 0x0000, 0x0000, 0x0000, 0x0000, 0x0000, 0x0000, 0x0000, 0x0000, 0x0000, 0x0000, 0x0000,
	0x0000, 0x0000, 0x0000, 0x0000, 0x0000, 0x0000, 0x0000, 0x0000, 0x0000, 0x0000, 0x0000, 0x0000,
	0x0000, 0x0000, 0x0000, 0x0000, 0x0000, 0x0000, 0x0000, 0x0000, 0x0000, 0x0000, 0x0000, 0x0000,
	0x0000, 0x0000, 0x0000, 0x0000, 0x0000, 0x0000, 0x0000, 0x0000, 0x0000, 0x0000, 0x0000, 0x0000,
	0x0000, 0x0000, 0x0000, 0x0000, 0x0000, 0x0000, 0x0000, 0x0000, 0x0000, 0x0000, 0x0000, 0x0000,
	0x0000, 0x0000, 0x0000, 0x0000, 0x0000, 0x0000, 0x0000, 0x0000, 0x0000, 0x0000, 0x0000, 0x0000,
	0x0000, 0x0000, 0x0000, 0x0000, 0x0000, 0x0000, 0x0000, 0x0000, 0x0000, 0x0000, 0x0000, 0x0000,
	0x0000, 0x0000, 0x0000, 0x0000, 0x0000, 0x0000, 0x0000, 0x0000, 0x0000, 0x0000, 0x0000, 0x0000,
	0x0000, 0x0000, 0x0000, 0x0000, 0x0000, 0x0000, 0x0000, 0x0000, 0x0000, 0x0000, 0x0000, 0x0000,
	0x0000, 0x0000, 0x0000, 0x0000, 0x0000, 0x0000, 0x0000, 0x0000, 0x0000, 0x0000, 0x0000, 0x0000,
	0x0000, 0x0000, 0x0000, 0x0000, 0x0000, 0x0000, 0x0000, 0x0000, 0x0000, 0x0000, 0x0000, 0x0000,
	0x0000, 0x0000, 0x0000, 0x0000, 0x0000, 0x0000, 0x0000, 0x0000, 0x0000, 0x0000, 0x0000, 0x0000,
	0x0000, 0x0000, 0x0000, 0x0000, 0x0000, 0x0000, 0x0000, 0x0000, 0x0000, 0x0000, 0x0000, 0x0000,
	0x0000, 0x0000, 0x0000, 0x0000, 0x0000, 0x0000, 0x0000, 0x0000, 0x0000, 0x0000, 0x0000, 0x0000,
	0x0000, 0x0000, 0x0000, 0x0000, 0x0000, 0x0000, 0x0000, 0x0000, 0x0000, 0x0000, 0x0000, 0x0000,
	0x0000, 0x0000, 0x0000, 0x0000, 0x0000, 0x0000, 0x0000, 0x0000, 0x0000, 0x0000, 0x0000, 0x0000,
	0x0000, 0x0000, 0x0000, 0x0000, 0x0000, 0x0000, 0x0000, 0x0000, 0x0000, 0x0000, 0x0000, 0x0000,
	0x0000, 0x0000, 0x0000, 0x0000, 0x0000, 0x0000, 0x0000, 0x0000, 0x0000, 0x0000, 0x0000, 0x0000,
	0x0000, 0x0000, 0x0000, 0x0000, 0x0000, 0x0000, 0x0000, 0x0000, 0x0000, 0x0000, 0x0000, 0x0000,
	0x0000, 0x0000, 0x0000, 0x0000, 0x0000, 0x0000, 0x0000, 0x0000, 0x0000, 0x0000, 0x0000, 0x0000,
	0x0000, 0x0000, 0x0000, 0x0000, 0x0000, 0x0000, 0x0000, 0x0000, 0x0000, 0x0000, 0x0000, 0x0000,
	0x0000, 0x0000, 0x0000, 0x0000, 0x0000, 0x0000, 0x0000, 0x0000, 0x0000, 0x0000, 0x0000, 0x0000,
	0x0000, 0x0000, 0x0000, 0x0000, 0x0000, 0x0000, 0x0000, 0x0000, 0x0000, 0x0000, 0x0000, 0x0000,
	0x0000, 0x0000, 0x0000, 0x0000, 0x0000, 0x0000, 0x0000, 0x0000, 0x0000, 0x0000, 0x0000, 0x0000,
	0x0000, 0x0000, 0x0000, 0x0000, 0x0000, 0x0000, 0x0000, 0x0000, 0x0000, 0x0000, 0x0000, 0x0000,
	0x0000, 0x0000, 0x0000, 0x0000, 0x0000, 0x0000, 0x0000, 0x0000, 0x0000, 0x0000, 0x0000, 0x0000,
	0x0000, 0x0000, 0x0000, 0x0000, 0x0000, 0x0000, 0x0000, 0x0000, 0x0000, 0x0000, 0x0000, 0x0000,
	0x0000, 0x0000, 0x0000, 0x0000, 0x0000, 0x0000, 0x0000, 0x0000, 0x0000, 0x0000, 0x0000, 0x0000,
	0x0000, 0x0000, 0x0000, 0x0000, 0x0000, 0x0000, 0x0000, 0x0000, 0x0000, 0x0000, 0x0000, 0x0000,
	0x0000, 0x0000, 0x0000, 0x0000, 0x0000, 0x0000, 0x0000, 0x0000, 0x0000, 0x0000, 0x0000, 0x0000,
	0x0000, 0x0000, 0x0000, 0x0000, 0x0000, 0x0000, 0x0000, 0x0000, 0x0000, 0x0000, 0x0000, 0x0000,
	0x0000, 0x0000, 0x0000, 0x0000, 0x0000, 0x0000, 0x0000, 0x0000, 0x0000, 0x0000, 0x0000, 0x0000,
	0x0000, 0x0000, 0x0000, 0x0000, 0x0000, 0x0000, 0x0000, 0x0000, 0x0000, 0x0000, 0x0000, 0x0000,
	0x0000, 0x0000, 0x0000, 0x0000, 0x0000, 0x0000, 0x0000, 0x0000, 0x0000, 0x0000, 0x0000, 0x0000,
	0x0000, 0x0000, 0x0000, 0x0000, 0x0000, 0x0000, 0x0000, 0x0000, 0x0000, 0x0000, 0x0000, 0x0000,
	0x0000, 0x0000, 0x0000, 0x0000, 0x0000, 0x0000, 0x0000, 0x0000, 0x0000, 0x0000, 0x0000, 0x0000,
	0x0000, 0x0000, 0x0000, 0x0000, 0x0000, 0x0000, 0x0000, 0x0000, 0x0000, 0x0000, 0x0000, 0x0000,
	0x0000, 0x0000, 0x0000, 0x0000, 0x0000, 0x0000, 0x0000, 0x0000, 0x0000, 0x0000, 0x0000, 0x0000,
	0x0000, 0x0000, 0x0000, 0x0000, 0x0000, 0x0000, 0x0000, 0x0000, 0x0000, 0x0000, 0x0000, 0x0000,
	0x0000, 0x0000, 0x0000, 0x0000, 0x0000, 0x0000, 0x0000, 0x0000, 0x0000, 0x0000, 0x0000, 0x0000,
	0x0000, 0x0000, 0x0000, 0x0000, 0x0000, 0x0000, 0x0000, 0x0000, 0x0000, 0x0000, 0x0000, 0x0000,
	0x0000, 0x0000, 0x0000, 0x0000, 0x0000, 0x0000, 0x0000, 0x0000, 0x0000, 0x0000, 0x0000, 0x0000,
	0x0000, 0x0000, 0x0000, 0x0000, 0x0000, 0x0000, 0x0000, 0x0000, 0x0000, 0x0000, 0x0000, 0x0000,
	0x0000, 0x0000, 0x0000, 0x0000, 0x0000, 0x0000, 0x0000, 0x0000, 0x0000, 0x0000, 0x0000, 0x0000,
	0x0000, 0x0000, 0x0000, 0x0000, 0x0000, 0x0000, 0x0000, 0x0000, 0x0000, 0x0000, 0x0000, 0x0000,
	0x0000, 0x0000, 0x0000, 0x0000, 0x0000, 0x0000, 0x0000, 0x0000, 0x0000, 0x0000, 0x0000, 0x0000,
	0x0000, 0x0000, 0x0000, 0x0000, 0x0000, 0x0000, 0x0000, 0x0000, 0x0000, 0x0000, 0x0000, 0x0000,
	0x0000, 0x0000, 0x0000, 0x0000, 0x0000, 0x0000, 0x0000, 0x0000, 0x0000, 0x0000, 0x0000, 0x0000,
	0x0000, 0x0000, 0x0000, 0x0000, 0x0000, 0x0000, 0x0000, 0x0000, 0x0000, 0x0000, 0x0000, 0x0000,
	0x0000, 0x0000, 0x0000, 0x0000, 0x0000, 0x0000, 0x0000, 0x0000, 0x0000, 0x0000, 0x0000, 0x0000,
	0x0000, 0x0000, 0x0000, 0x0000, 0x0000, 0x0000, 0x0000, 0x0000, 0x0000, 0x0000, 0x0000, 0x0000,
	0x0000, 0x0000, 0x0000, 0x0000, 0x0000, 0x0000, 0x0000, 0x0000, 0x0000, 0x0000, 0x0000, 0x0000,
	0x0000, 0x0000, 0x0000, 0x0000, 0x0000, 0x0000, 0x0000, 0x0000, 0x0000, 0x0000, 0x0000, 0x0000,
	0x0000, 0x0000, 0x0000, 0x0000, 0x0000, 0x0000, 0x0000, 0x0000, 0x0000, 0x0000, 0x0000, 0x0000,
	0x0000, 0x0000, 0x0000, 0x0000, 0x0000, 0x0000, 0x0000, 0x0000, 0x0000, 0x0000, 0x0000, 0x0000,
	0x0000, 0x0000, 0x0000, 0x0000, 0x0000, 0x0000, 0x0000, 0x0000, 0x0000, 0x0000, 0x0000, 0x0000,
	0x0000, 0x0000, 0x0000, 0x0000, 0x0000, 0x0000, 0x0000, 0x0000, 0x0000, 0x0000, 0x0000, 0x0000,
	0x0000, 0x0000, 0x0000, 0x0000, 0x0000, 0x0000, 0x0000, 0x0000, 0x0000, 0x0000, 0x0000, 0x0000,
	0x0000, 0x0000, 0x0000, 0x0000, 0x0000, 0x0000, 0x0000, 0x0000, 0x0000, 0x0000, 0x0000, 0x0000,
	0x0000, 0x0000, 0x0000, 0x0000, 0x0000, 0x0000, 0x0000, 0x0000, 0x0000, 0x0000, 0x0000, 0x0000,
	0x0000, 0x0000, 0x0000, 0x0000, 0x0000, 0x0000, 0x0000, 0x0000, 0x0000, 0x0000, 0x0000, 0x0000,
	0x0000, 0x0000, 0x0000, 0x0000, 0x0000, 0x0000, 0x0000, 0x0000, 0x0000, 0x0000, 0x0000, 0x0000,
	0x0000, 0x0000, 0x0000, 0x0000, 0x0000, 0x0000, 0x0000, 0x0000, 0x0000, 0x0000, 0x0000, 0x0000,
	0x0000, 0x0000, 0x0000, 0x0000, 0x0000, 0x0000, 0x0000, 0x0000, 0x0000, 0x0000, 0x0000, 0x0000,
	0x0000, 0x0000, 0x0000, 0x0000, 0x0000, 0x0000, 0x0000, 0x0000, 0x0000, 0x0000, 0x0000, 0x0000,
	0x0000, 0x0000, 0x0000, 0x0000, 0x0000, 0x0000, 0x0000, 0x0000, 0x0000, 0x0000, 0x0000, 0x0000,
	0x0000, 0x0000, 0x0000, 0x0000, 0x0000, 0x0000, 0x0000, 0x0000, 0x0000, 0x0000, 0x0000, 0x0000,
	0x0000, 0x0000, 0x0000, 0x0000, 0x0000, 0x0000, 0x0000, 0x0000, 0x0000, 0x0000, 0x0000, 0x0000,
	0x0000, 0x0000, 0x0000, 0x0000, 0x0000, 0x0000, 0x0000, 0x0000, 0x0000, 0x0000, 0x0000, 0x0000,
	0x0000, 0x0000, 0x0000, 0x0000, 0x0000, 0x0000, 0x0000, 0x0000, 0x0000, 0x0000, 0x0000, 0x0000,
	0x0000, 0x0000, 0x0000, 0x0000, 0x0000, 0x0000, 0x0000, 0x0000, 0x0000, 0x0000, 0x0000, 0x0000,
	0x0000, 0x0000, 0x0000, 0x0000, 0x0000, 0x0000, 0x0000, 0x0000, 0x0000, 0x0000, 0x0000, 0x0000,
	0x0000, 0x0000, 0x0000, 0x0000, 0x0000, 0x0000, 0x0000, 0x0000, 0x0000, 0x0000, 0x0000, 0x0000,
	0x0000, 0x0000, 0x0000, 0x0000, 0x0000, 0x0000, 0x0000, 0x0000, 0x0000, 0x0000, 0x0000, 0x0000,
	0x0000, 0x0000, 0x0000, 0x0000, 0x0000, 0x0000, 0x0000, 0x0000, 0x0000, 0x0000, 0x0000, 0x0000,
	0x0000, 0x0000, 0x0000, 0x0000, 0x0000, 0x0000, 0x0000, 0x0000, 0x0000, 0x0000, 0x0000, 0x0000,
	0x0000, 0x0000, 0x0000, 0x0000, 0x0000, 0x0000, 0x0000, 0x0000, 0x0000, 0x0000, 0x0000, 0x0000,
	0x0000, 0x0000, 0x0000, 0x0000, 0x0000, 0x0000, 0x0000, 0x0000, 0x0000, 0x0000, 0x0000, 0x0000,
	0x0000, 0x0000, 0x0000, 0x0000, 0x0000, 0x0000, 0x0000, 0x0000, 0x0000, 0x0000, 0x0000, 0x0000,
	0x0000, 0x0000, 0x0000, 0x0000, 0x0000, 0x0000, 0x0000, 0x0000, 0x0000, 0x0000, 0x0000, 0x0000,
	0x0000, 0x0000, 0x0000, 0x0000, 0x0000, 0x0000, 0x0000, 0x0000, 0x0000, 0x0000, 0x0000, 0x0000,
	0x0000, 0x0000, 0x0000, 0x0000, 0x0000, 0x0000, 0x0000, 0x0000, 0x0000, 0x0000, 0x0000, 0x0000,
	0x0000, 0x0000, 0x0000, 0x0000, 0x0000, 0x0000, 0x0000, 0x0000, 0x0000, 0x0000, 0x0000, 0x0000,
	0x0000, 0x0000, 0x0000, 0x0000, 0x0000, 0x0000, 0x0000, 0x0000, 0x0000, 0x0000, 0x0000, 0x0000,
	0x0000, 0x0000, 0x0000, 0x0000, 0x0000, 0x0000, 0x0000, 0x0000, 0x0000, 0x0000, 0x0000, 0x0000,
	0x0000, 0x0000, 0x0000, 0x0000, 0x0000, 0x0000, 0x0000, 0x0000, 0x0000, 0x0000, 0x0000, 0x0000,
	0x0000, 0x0000, 0x0000, 0x0000, 0x0000, 0x0000, 0x0000, 0x0000, 0x0000, 0x0000, 0x0000, 0x0000,
	0x0000, 0x0000, 0x0000, 0x0000, 0x0000, 0x0000, 0x0000, 0x0000, 0x0000, 0x0000, 0x0000, 0x0000,
	0x0000, 0x0000, 0x0000, 0x0000, 0x0000, 0x0000, 0x0000, 0x0000, 0x0000, 0x0000, 0x0000, 0x0000,
	0x0000, 0x0000, 0x0000, 0x0000, 0x0000, 0x0000, 0x0000, 0x0000, 0x0000, 0x0000, 0x0000, 0x0000,
	0x0000, 0x0000, 0x0000, 0x0000, 0x0000, 0x0000, 0x0000, 0x0000, 0x0000, 0x0000, 0x0000, 0x0000,
	0x0000, 0x0000, 0x0000, 0x0000, 0x0000, 0x0000, 0x0000, 0x0000, 0x0000, 0x0000, 0x0000, 0x0000,
	0x0000, 0x0000, 0x0000, 0x0000, 0x0000, 0x0000, 0x0000, 0x0000, 0x0000, 0x0000, 0x0000, 0x0000,
	0x0000, 0x0000, 0x0000, 0x0000, 0x0000, 0x0000, 0x0000, 0x0000, 0x0000, 0x0000, 0x0000, 0x0000,
	0x0000, 0x0000, 0x0000, 0x0000, 0x0000, 0x0000, 0x0000, 0x0000, 0x0000, 0x0000, 0x0000, 0x0000,
	0x0000, 0x0000, 0x0000, 0x0000, 0x0000, 0x0000, 0x0000, 0x0000, 0x0000, 0x0000, 0x0000, 0x0000,
	0x0000, 0x0000, 0x0000, 0x0000, 0x0000, 0x0000, 0x0000, 0x0000, 0x0000, 0x0000, 0x0000, 0x0000,
	0x0000, 0x0000, 0x0000, 0x0000, 0x0000, 0x0000, 0x0000, 0x0000, 0x0000, 0x0000, 0x0000, 0x0000,
	0x0000, 0x0000, 0x0000, 0x0000, 0x0000, 0x0000, 0x0000, 0x0000, 0x0000, 0x0000, 0x0000, 0x0000,
	0x0000, 0x0000, 0x0000, 0x0000, 0x0000, 0x0000, 0x0000, 0x0000, 0x0000, 0x0000, 0x0000, 0x0000,
	0x0000, 0x0000, 0x0000, 0x0000, 0x0000, 0x0000, 0x0000, 0x0000, 0x0000, 0x0000, 0x0000, 0x0000,
	0x0000, 0x0000, 0x0000, 0x0000, 0x0000, 0x0000, 0x0000, 0x0000, 0x0000, 0x0000, 0x0000, 0x0000,
	0x0000, 0x0000, 0x0000, 0x0000, 0x0000, 0x0000, 0x0000, 0x0000, 0x0000, 0x0000, 0x0000, 0x0000,
	0x0000, 0x0000, 0x0000, 0x0000, 0x0000, 0x0000, 0x0000, 0x0000, 0x0000, 0x0000, 0x0000, 0x0000,
	0x0000, 0x0000, 0x0000, 0x0000, 0x0000, 0x0000, 0x0000, 0x0000, 0x0000, 0x0000, 0x0000, 0x0000,
	0x0000, 0x0000, 0x0000, 0x0000, 0x0000, 0x0000, 0x0000, 0x0000, 0x0000, 0x0000, 0x0000, 0x0000,
	0x0000, 0x0000, 0x0000, 0x0000, 0x0000, 0x0000, 0x0000, 0x0000, 0x0000, 0x0000, 0x0000, 0x0000,
	0x0000, 0x0000, 0x0000, 0x0000, 0x0000, 0x0000, 0x0000, 0x0000, 0x0000, 0x0000, 0x0000, 0x0000,
	0x0000, 0x0000, 0x0000, 0x0000, 0x0000, 0x0000, 0x0000, 0x0000, 0x0000, 0x0000, 0x0000, 0x0000,
	0x0000, 0x0000, 0x0000, 0x0000, 0x0000, 0x0000, 0x0000, 0x0000, 0x0000, 0x0000, 0x0000, 0x0000,
	0x0000, 0x0000, 0x0000, 0x0000, 0x0000, 0x0000, 0x0000, 0x0000, 0x0000, 0x0000, 0x0000, 0x0000,
	0x0000, 0x0000, 0x0000, 0x0000, 0x0000, 0x0000, 0x0000, 0x0000, 0x0000, 0x0000, 0x0000, 0x0000,
	0x0000, 0x0000, 0x0000, 0x0000, 0x0000, 0x0000, 0x0000, 0x0000, 0x0000, 0x0000, 0x0000, 0x0000,
	0x0000, 0x0000, 0x0000, 0x0000, 0x0000, 0x0000, 0x0000, 0x0000, 0x0000, 0x0000, 0x0000, 0x0000,
	0x0000, 0x0000, 0x0000, 0x0000, 0x0000, 0x0000, 0x0000, 0x0000, 0x0000, 0x0000, 0x0000, 0x0000,
	0x0000, 0x0000, 0x0000, 0x0000, 0x0000, 0x0000, 0x0000, 0x0000, 0x0000, 0x0000, 0x0000, 0x0000,
	0x0000, 0x0000, 0x0000, 0x0000, 0x0000, 0x0000, 0x0000, 0x0000, 0x0000, 0x0000, 0x0000, 0x0000,
	0x0000, 0x0000, 0x0000, 0x0000, 0x0000, 0x0000, 0x0000, 0x0000, 0x0000, 0x0000, 0x0000, 0x0000,
	0x0000, 0x0000, 0x0000, 0x0000, 0x0000, 0x0000, 0x0000, 0x0000, 0x0000, 0x0000, 0x0000, 0x0000,
	0x0000, 0x0000, 0x0000, 0x0000, 0x0000, 0x0000, 0x0000, 0x0000, 0x0000, 0x0000, 0x0000, 0x0000,
	0x0000, 0x0000, 0x0000, 0x0000, 0x0000, 0x0000, 0x0000, 0x0000, 0x0000, 0x0000, 0x0000, 0x0000,
	0x0000, 0x0000, 0x0000, 0x0000, 0x0000, 0x0000, 0x0000, 0x0000, 0x0000, 0x0000, 0x0000, 0x0000,
	0x0000, 0x0000, 0x0000, 0x0000, 0x0000, 0x0000, 0x0000, 0x0000, 0x0000, 0x0000, 0x0000, 0x0000,
	0x0000, 0x0000, 0x0000, 0x0000, 0x0000, 0x0000, 0x0000, 0x0000, 0x0000, 0x0000, 0x0000, 0x0000,
	0x0000, 0x0000, 0x0000, 0x0000, 0x0000, 0x0000, 0x0000, 0x0000, 0x0000, 0x0000, 0x0000, 0x0000,
	0x0000, 0x0000, 0x0000, 0x0000, 0x0000, 0x0000, 0x0000, 0x0000, 0x0000, 0x0000, 0x0000, 0x0000,
	0x0000, 0x0000, 0x0000, 0x0000, 0x0000, 0x0000, 0x0000, 0x0000, 0x0000, 0x0000, 0x0000, 0x0000,
	0x0000, 0x0000, 0x0000, 0x0000, 0x0000, 0x0000, 0x0000, 0x0000, 0x0000, 0x0000, 0x0000, 0x0000,
	0x0000, 0x0000, 0x0000, 0x0000, 0x0000, 0x0000, 0x0000, 0x0000, 0x0000, 0x0000, 0x0000, 0x0000,
	0x0000, 0x0000, 0x0000, 0x0000, 0x0000, 0x0000, 0x0000, 0x0000, 0x0000, 0x0000, 0x0000, 0x0000,
	0x0000, 0x0000, 0x0000, 0x0000, 0x0000, 0x0000, 0x0000, 0x0000, 0x0000, 0x0000, 0x0000, 0x0000,
	0x0000, 0x0000, 0x0000, 0x0000, 0x0000, 0x0000, 0x0000, 0x0000, 0x0000, 0x0000, 0x0000, 0x0000,
	0x0000, 0x0000, 0x0000, 0x0000, 0x0000, 0x0000, 0x0000, 0x0000, 0x0000, 0x0000, 0x0000, 0x0000,
	0x0000, 0x0000, 0x0000, 0x0000, 0x0000, 0x0000, 0x0000, 0x0000, 0x0000, 0x0000, 0x0000, 0x0000,
	0x0000, 0x0000, 0x0000, 0x0000, 0x0000, 0x0000, 0x0000, 0x0000, 0x0000, 0x0000, 0x0000, 0x0000,
	0x0000, 0x0000, 0x0000, 0x0000, 0x0000, 0x0000, 0x0000, 0x0000, 0x0000, 0x0000, 0x0000, 0x0000,
	0x0000, 0x0000, 0x0000, 0x0000, 0x0000, 0x0000, 0x0000, 0x0000, 0x0000, 0x0000, 0x0000, 0x0000,
	0x0000, 0x0000, 0x0000, 0x0000, 0x0000, 0x0000, 0x0000, 0x0000, 0x0000, 0x0000, 0x0000, 0x0000,
	0x0000, 0x0000, 0x0000, 0x0000, 0x0000, 0x0000, 0x0000, 0x0000, 0x0000, 0x0000, 0x0000, 0x0000,
	0x0000, 0x0000, 0x0000, 0x0000, 0x0000, 0x0000, 0x0000, 0x0000, 0x0000, 0x0000, 0x0000, 0x0000,
	0x0000, 0x0000, 0x0000, 0x0000, 0x0000, 0x0000, 0x0000, 0x0000, 0x0000, 0x0000, 0x0000, 0x0000,
	0x0000, 0x0000, 0x0000, 0x0000, 0x0000, 0x0000, 0x0000, 0x0000, 0x0000, 0x0000, 0x0000, 0x0000,
	0x0000, 0x0000, 0x0000, 0x0000, 0x0000, 0x0000, 0x0000, 0x0000, 0x0000, 0x0000, 0x0000, 0x0000,
	0x0000, 0x0000, 0x0000, 0x0000, 0x0000, 0x0000, 0x0000, 0x0000, 0x0000, 0x0000, 0x0000, 0x0000,
	0x0000, 0x0000, 0x0000, 0x0000, 0x0000, 0x0000, 0x0000, 0x0000, 0x0000, 0x0000, 0x0000, 0x0000,
	0x0000, 0x0000, 0x0000, 0x0000, 0x0000, 0x0000, 0x0000, 0x0000, 0x0000, 0x0000, 0x0000, 0x0000,
	0x0000, 0x0000, 0x0000, 0x0000, 0x0000, 0x0000, 0x0000, 0x0000, 0x0000, 0x0000, 0x0000, 0x0000,
	0x0000, 0x0000, 0x0000, 0x0000, 0x0000, 0x0000, 0x0000, 0x0000, 0x0000, 0x0000, 0x0000, 0x0000,
	0x0000, 0x0000, 0x0000, 0x0000, 0x0000, 0x0000, 0x0000, 0x0000, 0x0000, 0x0000, 0x0000, 0x0000,
	0x0000, 0x0000, 0x0000, 0x0000, 0x0000, 0x0000, 0x0000, 0x0000, 0x0000, 0x0000, 0x0000, 0x0000,
	0x0000, 0x0000, 0x0000, 0x0000, 0x0000, 0x0000, 0x0000, 0x0000, 0x0000, 0x0000, 0x0000, 0x0000,
	0x0000, 0x0000, 0x0000, 0x0000, 0x0000, 0x0000, 0x0000, 0x0000, 0x0000, 0x0000, 0x0000, 0x0000,
	0x0000, 0x0000, 0x0000, 0x0000, 0x0000, 0x0000, 0x0000, 0x0000, 0x0000, 0x0000, 0x0000, 0x0000,
	0x0000, 0x0000, 0x0000, 0x0000, 0x0000, 0x0000, 0x0000, 0x0000, 0x0000, 0x0000, 0x0000, 0x0000,
	0x0000, 0x0000, 0x0000, 0x0000, 0x0000, 0x0000, 0x0000, 0x0000, 0x0000, 0x0000, 0x0000, 0x0000,
	0x0000, 0x0000, 0x0000, 0x0000, 0x0000, 0x0000, 0x0000, 0x0000, 0x0000, 0x0000, 0x0000, 0x0000,
	0x0000, 0x0000, 0x0000, 0x0000, 0x0000, 0x0000, 0x0000, 0x0000, 0x0000, 0x0000, 0x0000, 0x0000,
	0x0000, 0x0000, 0x0000, 0x0000, 0x0000, 0x0000, 0x0000, 0x0000, 0x0000, 0x0000, 0x0000, 0x0000,
	0x0000, 0x0000, 0x0000, 0x0000, 0x0000, 0x0000, 0x0000, 0x0000, 0x0000, 0x0000, 0x0000, 0x0000,
	0x0000, 0x0000, 0x0000, 0x0000, 0x0000, 0x0000, 0x0000, 0x0000, 0x0000, 0x0000, 0x0000, 0x0000,
	0x0000, 0x0000, 0x0000, 0x0000, 0x0000, 0x0000, 0x0000, 0x0000, 0x0000, 0x0000, 0x0000, 0x0000,
	0x0000, 0x0000, 0x0000, 0x0000, 0x0000, 0x0000, 0x0000, 0x0000, 0x0000, 0x0000, 0x0000, 0x0000,
	0x0000, 0x0000, 0x0000, 0x0000, 0x0000, 0x0000, 0x0000, 0x0000, 0x0000, 0x0000, 0x0000, 0x0000,
	0x0000, 0x0000, 0x0000, 0x0000, 0x0000, 0x0000, 0x0000, 0x0000, 0x0000, 0x0000, 0x0000, 0x0000,
	0x0000, 0x0000, 0x0000, 0x0000, 0x0000, 0x0000, 0x0000, 0x0000, 0x0000, 0x0000, 0x0000, 0x0000,
	0x0000, 0x0000, 0x0000, 0x0000, 0x0000, 0x0000, 0x0000, 0x0000, 0x0000, 0x0000, 0x0000, 0x0000,
	0x0000, 0x0000, 0x0000, 0x0000, 0x0000, 0x0000, 0x0000, 0x0000, 0x0000, 0x0000, 0x0000, 0x0000,
	0x0000, 0x0000, 0x0000, 0x0000, 0x0000, 0x0000, 0x0000, 0x0000, 0x0000, 0x0000, 0x0000, 0x0000,
	0x0000, 0x0000, 0x0000, 0x0000, 0x0000, 0x0000, 0x0000, 0x0000, 0x0000, 0x0000, 0x0000, 0x0000,
	0x0000, 0x0000, 0x0000, 0x0000, 0x0000, 0x0000, 0x0000, 0x0000, 0x0000, 0x0000, 0x0000, 0x0000,
	0x0000, 0x0000, 0x0000, 0x0000, 0x0000, 0x0000, 0x0000, 0x0000, 0x0000, 0x0000, 0x0000, 0x0000,
	0x0000, 0x0000, 0x0000, 0x0000, 0x0000, 0x0000, 0x0000, 0x0000, 0x0000, 0x0000, 0x0000, 0x0000,
	0x0000, 0x0000, 0x0000, 0x0000, 0x0000, 0x0000, 0x0000, 0x0000, 0x0000, 0x0000, 0x0000, 0x0000,
	0x0000, 0x0000, 0x0000, 0x0000, 0x0000, 0x0000, 0x0000, 0x0000, 0x0000, 0x0000, 0x0000, 0x0000,
	0x0000, 0x0000, 0x0000, 0x0000, 0x0000, 0x0000, 0x0000, 0x0000, 0x0000, 0x0000, 0x0000, 0x0000,
	0x0000, 0x0000, 0x0000, 0x0000, 0x0000, 0x0000, 0x0000, 0x0000, 0x0000, 0x0000, 0x0000, 0x0000,
	0x0000, 0x0000, 0x0000, 0x0000, 0x0000, 0x0000, 0x0000, 0x0000, 0x0000, 0x0000, 0x0000, 0x0000,
	0x0000, 0x0000, 0x0000, 0x0000, 0x0000, 0x0000, 0x0000, 0x0000, 0x0000, 0x0000, 0x0000, 0x0000,
	0x0000, 0x0000, 0x0000, 0x0000, 0x0000, 0x0000, 0x0000, 0x0000, 0x0000, 0x0000, 0x0000, 0x0000,
	0x0000, 0x0000, 0x0000, 0x0000, 0x0000, 0x0000, 0x0000, 0x0000, 0x0000, 0x0000, 0x0000, 0x0000,
	0x0000, 0x0000, 0x0000, 0x0000, 0x0000, 0x0000, 0x0000, 0x0000, 0x0000, 0x0000, 0x0000, 0x0000,
	0x0000, 0x0000, 0x0000, 0x0000, 0x0000, 0x0000, 0x0000, 0x0000, 0x0000, 0x0000, 0x0000, 0x0000,
	0x0000, 0x0000, 0x0000, 0x0000, 0x0000, 0x0000, 0x0000, 0x0000, 0x0000, 0x0000, 0x0000, 0x0000,
	0x0000, 0x0000, 0x0000, 0x0000, 0x0000, 0x0000, 0x0000, 0x0000, 0x0000, 0x0000, 0x0000, 0x0000,
	0x0000, 0x0000, 0x0000, 0x0000, 0x0000, 0x0000, 0x0000, 0x0000, 0x0000, 0x0000, 0x0000, 0x0000,
	0x0000, 0x0000, 0x0000, 0x0000, 0x0000, 0x0000, 0x0000, 0x0000, 0x0000, 0x0000, 0x0000, 0x0000,
	0x0000, 0x0000, 0x0000, 0x0000, 0x0000, 0x0000, 0x0000, 0x0000, 0x0000, 0x0000, 0x0000, 0x0000,
	0x0000, 0x0000, 0x0000, 0x0000, 0x0000, 0x0000, 0x0000, 0x0000, 0x0000, 0x0000, 0x0000, 0x0000,
	0x0000, 0x0000, 0x0000, 0x0000, 0x0000, 0x0000, 0x0000, 0x0000, 0x0000, 0x0000, 0x0000, 0x0000,
	0x0000, 0x0000, 0x0000, 0x0000, 0x0000, 0x0000, 0x0000, 0x0000, 0x0000, 0x0000, 0x0000, 0x0000,
	0x0000, 0x0000, 0x0000, 0x0000, 0x0000, 0x0000, 0x0000, 0x0000, 0x0000, 0x0000, 0x0000, 0x0000,
	0x0000, 0x0000, 0x0000, 0x0000, 0x0000, 0x0000, 0x0000, 0x0000, 0x0000, 0x0000, 0x0000, 0x0000,
	0x0000, 0x0000, 0x0000, 0x0000, 0x0000, 0x0000, 0x0000, 0x0000, 0x0000, 0x0000, 0x0000, 0x0000,
	0x0000, 0x0000, 0x0000, 0x0000, 0x0000, 0x0000, 0x0000, 0x0000, 0x0000, 0x0000, 0x0000, 0x0000,
	0x0000, 0x0000, 0x0000, 0x0000, 0x0000, 0x0000, 0x0000, 0x0000, 0x0000, 0x0000, 0x0000, 0x0000,
	0x0000, 0x0000, 0x0000, 0x0000, 0x0000, 0x0000, 0x0000, 0x0000, 0x0000, 0x0000, 0x0000, 0x0000,
	0x0000, 0x0000, 0x0000, 0x0000, 0x0000, 0x0000, 0x0000, 0x0000, 0x0000, 0x0000, 0x0000, 0x0000,
	0x0000, 0x0000, 0x0000, 0x0000, 0x0000, 0x0000, 0x0000, 0x0000, 0x0000, 0x0000, 0x0000, 0x0000,
	0x0000, 0x0000, 0x0000, 0x0000, 0x0000, 0x0000, 0x0000, 0x0000, 0x0000, 0x0000, 0x0000, 0x0000,
	0x0000, 0x0000, 0x0000, 0x0000, 0x0000, 0x0000, 0x0000, 0x0000, 0x0000, 0x0000, 0x0000, 0x0000,
	0x0000, 0x0000, 0x0000, 0x0000, 0x0000, 0x0000, 0x0000, 0x0000, 0x0000, 0x0000, 0x0000, 0x0000,
	0x0000, 0x0000, 0x0000, 0x0000, 0x0000, 0x0000, 0x0000, 0x0000, 0x0000, 0x0000, 0x0000, 0x0000,
	0x0000, 0x0000, 0x0000, 0x0000, 0x0000, 0x0000, 0x0000, 0x0000, 0x0000, 0x0000, 0x0000, 0x0000,
	0x0000, 0x0000, 0x0000, 0x0000, 0x0000, 0x0000, 0x0000, 0x0000, 0x0000, 0x0000, 0x0000, 0x0000,
	0x0000, 0x0000, 0x0000, 0x0000, 0x0000, 0x0000, 0x0000, 0x0000, 0x0000, 0x0000, 0x0000, 0x0000,
	0x0000, 0x0000, 0x0000, 0x0000, 0x0000, 0x0000, 0x0000, 0x0000, 0x0000, 0x0000, 0x0000, 0x0000,
	0x0000, 0x0000, 0x0000, 0x0000, 0x0000, 0x0000, 0x0000, 0x0000, 0x0000, 0x0000, 0x0000, 0x0000,
	0x0000, 0x0000, 0x0000, 0x0000, 0x0000, 0x0000, 0x0000, 0x0000, 0x0000, 0x0000, 0x0000, 0x0000,
	0x0000, 0x0000, 0x0000, 0x0000, 0x0000, 0x0000, 0x0000, 0x0000, 0x0000, 0x0000, 0x0000, 0x0000,
	0x0000, 0x0000, 0x0000, 0x0000, 0x0000, 0x0000, 0x0000, 0x0000, 0x0000, 0x0000, 0x0000, 0x0000,
	0x0000, 0x0000, 0x0000, 0x0000, 0x0000, 0x0000, 0x0000, 0x0000, 0x0000, 0x0000, 0x0000, 0x0000,
	0x0000, 0x0000, 0x0000, 0x0000, 0x0000, 0x0000, 0x0000, 0x0000, 0x0000, 0x0000, 0x0000, 0x0000,
	0x0000, 0x0000, 0x0000, 0x0000, 0x0000, 0x0000, 0x0000, 0x0000, 0x0000, 0x0000, 0x0000, 0x0000,
	0x0000, 0x0000, 0x0000, 0x0000, 0x0000, 0x0000, 0x0000, 0x0000, 0x0000, 0x0000, 0x0000, 0x0000,
	0x0000, 0x0000, 0x0000, 0x0000, 0x0000, 0x0000, 0x0000, 0x0000, 0x0000, 0x0000, 0x0000, 0x0000,
	0x0000, 0x0000, 0x0000, 0x0000, 0x0000, 0x0000, 0x0000, 0x0000, 0x0000, 0x0000, 0x0000, 0x0000,
	0x0000, 0x0000, 0x0000, 0x0000, 0x0000, 0x0000, 0x0000, 0x0000, 0x0000, 0x0000, 0x0000, 0x0000,
	0x0000, 0x0000, 0x0000, 0x0000, 0x0000, 0x0000, 0x0000, 0x0000, 0x0000, 0x0000, 0x0000, 0x0000,
	0x0000, 0x0000, 0x0000, 0x0000, 0x0000, 0x0000, 0x0000, 0x0000, 0x0000, 0x0000, 0x0000, 0x0000,
	0x0000, 0x0000, 0x0000, 0x0000, 0x0000, 0x0000, 0x0000, 0x0000, 0x0000, 0x0000, 0x0000, 0x0000,
	0x0000, 0x0000, 0x0000, 0x0000, 0x0000, 0x0000, 0x0000, 0x0000, 0x0000, 0x0000, 0x0000, 0x0000,
	0x0000, 0x0000, 0x0000, 0x0000, 0x0000, 0x0000, 0x0000, 0x0000, 0x0000, 0x0000, 0x0000, 0x0000,
	0x0000, 0x0000, 0x0000, 0x0000, 0x0000, 0x0000, 0x0000, 0x0000, 0x0000, 0x0000, 0x0000, 0x0000,
	0x0000, 0x0000, 0x0000, 0x0000, 0x0000, 0x0000, 0x0000, 0x0000, 0x0000, 0x0000, 0x0000, 0x0000,
	0x0000, 0x0000, 0x0000, 0x0000, 0x0000, 0x0000, 0x0000, 0x0000, 0x0000, 0x0000, 0x0000, 0x0000,
	0x0000, 0x0000, 0x0000, 0x0000, 0x0000, 0x0000, 0x0000, 0x0000, 0x0000, 0x0000, 0x0000, 0x0000,
	0x0000, 0x0000, 0x0000, 0x0000, 0x0000, 0x0000, 0x0000, 0x0000, 0x0000, 0x0000, 0x0000, 0x0000,
	0x0000, 0x0000, 0x0000, 0x0000, 0x0000, 0x0000, 0x0000, 0x0000, 0x0000, 0x0000, 0x0000, 0x0000,
	0x0000, 0x0000, 0x0000, 0x0000, 0x0000, 0x0000, 0x0000, 0x0000, 0x0000, 0x0000, 0x0000, 0x0000,
	0x0000, 0x0000, 0x0000, 0x0000, 0x0000, 0x0000, 0x0000, 0x0000, 0x0000, 0x0000, 0x0000, 0x0000,
	0x0000, 0x0000, 0x0000, 0x0000, 0x0000, 0x0000, 0x0000, 0x0000, 0x0000, 0x0000, 0x0000, 0x0000,
	0x0000, 0x0000, 0x0000, 0x0000, 0x0000, 0x0000, 0x0000, 0x0000, 0x0000, 0x0000, 0x0000, 0x0000,
	0x0000, 0x0000, 0x0000, 0x0000, 0x0000, 0x0000, 0x0000, 0x0000, 0x0000, 0x0000, 0x0000, 0x0000,
	0x0000, 0x0000, 0x0000, 0x0000, 0x0000, 0x0000, 0x0000, 0x0000, 0x0000, 0x0000, 0x0000, 0x0000,
	0x0000, 0x0000, 0x0000, 0x0000, 0x0000, 0x0000, 0x0000, 0x0000, 0x0000, 0x0000, 0x0000, 0x0000,
	0x0000, 0x0000, 0x0000, 0x0000, 0x0000, 0x0000, 0x0000, 0x0000, 0x0000, 0x0000, 0x0000, 0x0000,
	0x0000, 0x0000, 0x0000, 0x0000, 0x0000, 0x0000, 0x0000, 0x0000, 0x0000, 0x0000, 0x0000, 0x0000,
	0x0000, 0x0000, 0x0000, 0x0000, 0x0000, 0x0000, 0x0000, 0x0000, 0x0000, 0x0000, 0x0000, 0x0000,
	0x0000, 0x0000, 0x0000, 0x0000, 0x0000, 0x0000, 0x0000, 0x0000, 0x0000, 0x0000, 0x0000, 0x0000,
	0x0000, 0x0000, 0x0000, 0x0000, 0x0000, 0x0000, 0x0000, 0x0000, 0x0000, 0x0000, 0x0000, 0x0000,
	0x0000, 0x0000, 0x0000, 0x0000, 0x0000, 0x0000, 0x0000, 0x0000, 0x0000, 0x0000, 0x0000, 0x0000,
	0x0000, 0x0000, 0x0000, 0x0000, 0x0000, 0x0000, 0x0000, 0x0000, 0x0000, 0x0000, 0x0000, 0x0000,
	0x0000, 0x0000, 0x0000, 0x0000, 0x0000, 0x0000, 0x0000, 0x0000, 0x0000, 0x0000, 0x0000, 0x0000,
	0x0000, 0x0000, 0x0000, 0x0000, 0x0000, 0x0000, 0x0000, 0x0000, 0x0000, 0x0000, 0x0000, 0x0000,
	0x0000, 0x0000, 0x0000, 0x0000, 0x0000, 0x0000, 0x0000, 0x0000, 0x0000, 0x0000, 0x0000, 0x0000,
	0x0000, 0x0000, 0x0000, 0x0000, 0x0000, 0x0000, 0x0000, 0x0000, 0x0000, 0x0000, 0x0000, 0x0000,
	0x0000, 0x0000, 0x0000, 0x0000, 0x0000, 0x0000, 0x0000, 0x0000, 0x0000, 0x0000, 0x0000, 0x0000,
	0x0000, 0x0000, 0x0000, 0x0000, 0x0000, 0x0000, 0x0000, 0x0000, 0x0000, 0x0000, 0x0000, 0x0000,
	0x0000, 0x0000, 0x0000, 0x0000, 0x0000, 0x0000, 0x0000, 0x0000, 0x0000, 0x0000, 0x0000, 0x0000,
	0x0000, 0x0000, 0x0000, 0x0000, 0x0000, 0x0000, 0x0000, 0x0000, 0x0000, 0x0000, 0x0000, 0x0000,
	0x0000, 0x0000, 0x0000, 0x0000, 0x0000, 0x0000, 0x0000, 0x0000, 0x0000, 0x0000, 0x0000, 0x0000,
	0x0000, 0x0000, 0x0000, 0x0000, 0x0000, 0x0000, 0x0000, 0x0000, 0x0000, 0x0000, 0x0000, 0x0000,
	0x0000, 0x0000, 0x0000, 0x0000, 0x0000, 0x0000, 0x0000, 0x0000, 0x0000, 0x0000, 0x0000, 0x0000,
	0x0000, 0x0000, 0x0000, 0x0000, 0x0000, 0x0000, 0x0000, 0x0000, 0x0000, 0x0000, 0x0000, 0x0000,
	0x0000, 0x0000, 0x0000, 0x0000, 0x0000, 0x0000, 0x0000, 0x0000, 0x0000, 0x0000, 0x0000, 0x0000,
	0x0000, 0x0000, 0x0000, 0x0000, 0x0000, 0x0000, 0x0000, 0x0000, 0x0000, 0x0000, 0x0000, 0x0000,
	0x0000, 0x0000, 0x0000, 0x0000, 0x0000, 0x0000, 0x0000, 0x0000, 0x0000, 0x0000, 0x0000, 0x0000,
	0x0000, 0x0000, 0x0000, 0x0000, 0x0000, 0x0000, 0x0000, 0x0000, 0x0000, 0x0000, 0x0000, 0x0000,
	0x0000, 0x0000, 0x0000, 0x0000, 0x0000, 0x0000, 0x0000, 0x0000, 0x0000, 0x0000, 0x0000, 0x0000,
	0x0000, 0x0000, 0x0000, 0x0000, 0x0000, 0x0000, 0x0000, 0x0000, 0x0000, 0x0000, 0x0000, 0x0000,
	0x0000, 0x0000, 0x0000, 0x0000, 0x0000, 0x0000, 0x0000, 0x0000, 0x0000, 0x0000, 0x0000, 0x0000,
	0x0000, 0x0000, 0x0000, 0x0000, 0x0000, 0x0000, 0x0000, 0x0000, 0x0000, 0x0000, 0x0000, 0x0000,
	0x0000, 0x0000, 0x0000, 0x0000, 0x0000, 0x0000, 0x0000, 0x0000, 0x0000, 0x0000, 0x0000, 0x0000,
	0x0000, 0x0000, 0x0000, 0x0000, 0x0000, 0x0000, 0x0000, 0x0000, 0x0000, 0x0000, 0x0000, 0x0000,
	0x0000, 0x0000, 0x0000, 0x0000, 0x0000, 0x0000, 0x0000, 0x0000, 0x0000, 0x0000, 0x0000, 0x0000,
	0x0000, 0x0000, 0x0000, 0x0000, 0x0000, 0x0000, 0x0000, 0x0000, 0x0000, 0x0000, 0x0000, 0x0000,
	0x0000, 0x0000, 0x0000, 0x0000, 0x0000, 0x0000, 0x0000, 0x0000, 0x0000, 0x0000, 0x0000, 0x0000,
	0x0000, 0x0000, 0x0000, 0x0000, 0x0000, 0x0000, 0x0000, 0x0000, 0x0000, 0x0000, 0x0000, 0x0000,
	0x0000, 0x0000, 0x0000, 0x0000, 0x0000, 0x0000, 0x0000, 0x0000, 0x0000, 0x0000, 0x0000, 0x0000,
	0x0000, 0x0000, 0x0000, 0x0000, 0x0000, 0x0000, 0x0000, 0x0000, 0x0000, 0x0000, 0x0000, 0x0000,
	0x0000, 0x0000, 0x0000, 0x0000, 0x0000, 0x0000, 0x0000, 0x0000, 0x0000, 0x0000, 0x0000, 0x0000,
	0x0000, 0x0000, 0x0000, 0x0000, 0x0000, 0x0000, 0x0000, 0x0000, 0x0000, 0x0000, 0x0000, 0x0000,
	0x0000, 0x0000, 0x0000, 0x0000, 0x0000, 0x0000, 0x0000, 0x0000, 0x0000, 0x0000, 0x0000, 0x0000,
	0x0000, 0x0000, 0x0000, 0x0000, 0x0000, 0x0000, 0x0000, 0x0000, 0x0000, 0x0000, 0x0000, 0x0000,
	0x0000, 0x0000, 0x0000, 0x0000, 0x0000, 0x0000, 0x0000, 0x0000, 0x0000, 0x0000, 0x0000, 0x0000,
	0x0000, 0x0000, 0x0000, 0x0000, 0x0000, 0x0000, 0x0000, 0x0000, 0x0000, 0x0000, 0x0000, 0x0000,
	0x0000, 0x0000, 0x0000, 0x0000, 0x0000, 0x0000, 0x0000, 0x0000, 0x0000, 0x0000, 0x0000, 0x0000,
	0x0000, 0x0000, 0x0000, 0x0000, 0x0000, 0x0000, 0x0000, 0x0000, 0x0000, 0x0000, 0x0000, 0x0000,
	0x0000, 0x0000, 0x0000, 0x0000, 0x0000, 0x0000, 0x0000, 0x0000, 0x0000, 0x0000, 0x0000, 0x0000,
	0x0000, 0x0000, 0x0000, 0x0000, 0x0000, 0x0000, 0x0000, 0x0000, 0x0000, 0x0000, 0x0000, 0x0000,
	0x0000, 0x0000, 0x0000, 0x0000, 0x0000, 0x0000, 0x0000, 0x0000, 0x0000, 0x0000, 0x0000, 0x0000,
	0x0000, 0x0000, 0x0000, 0x0000, 0x0000, 0x0000, 0x0000, 0x0000, 0x0000, 0x0000, 0x0000, 0x0000,
	0x0000, 0x0000, 0x0000, 0x0000, 0x0000, 0x0000, 0x0000, 0x0000, 0x0000, 0x0000, 0x0000, 0x0000,
	0x0000, 0x0000, 0x0000, 0x0000, 0x0000, 0x0000, 0x0000, 0x0000, 0x0000, 0x0000, 0x0000, 0x0000,
	0x0000, 0x0000, 0x0000, 0x0000, 0x0000, 0x0000, 0x0000, 0x0000, 0x0000, 0x0000, 0x0000, 0x0000,
	0x0000, 0x0000, 0x0000, 0x0000, 0x0000, 0x0000, 0x0000, 0x0000, 0x0000, 0x0000, 0x0000, 0x0000,
	0x0000, 0x0000, 0x0000, 0x0000, 0x0000, 0x0000, 0x0000, 0x0000, 0x0000, 0x0000, 0x0000, 0x0000,
	0x0000, 0x0000, 0x0000, 0x0000, 0x0000, 0x0000, 0x0000, 0x0000, 0x0000, 0x0000, 0x0000, 0x0000,
	0x0000, 0x0000, 0x0000, 0x0000, 0x0000, 0x0000, 0x0000, 0x0000, 0x0000, 0x0000, 0x0000, 0x0000,
	0x0000, 0x0000, 0x0000, 0x0000, 0x0000, 0x0000, 0x0000, 0x0000, 0x0000, 0x0000, 0x0000, 0x0000,
	0x0000, 0x0000, 0x0000, 0x0000, 0x0000, 0x0000, 0x0000, 0x0000, 0x0000, 0x0000, 0x0000, 0x0000,
	0x0000, 0x0000, 0x0000, 0x0000, 0x0000, 0x0000, 0x0000, 0x0000, 0x0000, 0x0000, 0x0000, 0x0000,
	0x0000, 0x0000, 0x0000, 0x0000, 0x0000, 0x0000, 0x0000, 0x0000, 0x0000, 0x0000, 0x0000, 0x0000,
	0x0000, 0x0000, 0x0000, 0x0000, 0x0000, 0x0000, 0x0000, 0x0000, 0x0000, 0x0000, 0x0000, 0x0000,
	0x0000, 0x0000, 0x0000, 0x0000, 0x0000, 0x0000, 0x0000, 0x0000, 0x0000, 0x0000, 0x0000, 0x0000,
	0x0000, 0x0000, 0x0000, 0x0000, 0x0000, 0x0000, 0x0000, 0x0000, 0x0000, 0x0000, 0x0000, 0x0000,
	0x0000, 0x0000, 0x0000, 0x0000, 0x0000, 0x0000, 0x0000, 0x0000, 0x0000, 0x0000, 0x0000, 0x0000,
	0x0000, 0x0000, 0x0000, 0x0000, 0x0000, 0x0000, 0x0000, 0x0000, 0x0000, 0x0000, 0x0000, 0x0000,
	0x0000, 0x0000, 0x0000, 0x0000, 0x0000, 0x0000, 0x0000, 0x0000, 0x0000, 0x0000, 0x0000, 0x0000,
	0x0000, 0x0000, 0x0000, 0x0000, 0x0000, 0x0000, 0x0000, 0x0000, 0x0000, 0x0000, 0x0000, 0x0000,
	0x0000, 0x0000, 0x0000, 0x0000, 0x0000, 0x0000, 0x0000, 0x0000, 0x0000, 0x0000, 0x0000, 0x0000,
	0x0000, 0x0000, 0x0000, 0x0000, 0x0000, 0x0000, 0x0000, 0x0000, 0x0000, 0x0000, 0x0000, 0x0000,
	0x0000, 0x0000, 0x0000, 0x0000, 0x0000, 0x0000, 0x0000, 0x0000, 0x0000, 0x0000, 0x0000, 0x0000,
	0x0000, 0x0000, 0x0000, 0x0000, 0x0000, 0x0000, 0x0000, 0x0000, 0x0000, 0x0000, 0x0000, 0x0000,
	0x0000, 0x0000, 0x0000, 0x0000, 0x0000, 0x0000, 0x0000, 0x0000, 0x0000, 0x0000, 0x0000, 0x0000,
	0x0000, 0x0000, 0x0000, 0x0000, 0x0000, 0x0000, 0x0000, 0x0000, 0x0000, 0x0000, 0x0000, 0x0000,
	0x0000, 0x0000, 0x0000, 0x0000, 0x0000, 0x0000, 0x0000, 0x0000, 0x0000, 0x0000, 0x0000, 0x0000,
	0x0000, 0x0000, 0x0000, 0x0000, 0x0000, 0x0000, 0x0000, 0x0000, 0x0000, 0x0000, 0x0000, 0x0000,
	0x0000, 0x0000, 0x0000, 0x0000, 0x0000, 0x0000, 0x0000, 0x0000, 0x0000, 0x0000, 0x0000, 0x0000,
	0x0000, 0x0000, 0x0000, 0x0000, 0x0000, 0x0000, 0x0000, 0x0000, 0x0000, 0x0000, 0x0000, 0x0000,
	0x0000, 0x0000, 0x0000, 0x0000, 0x0000, 0x0000, 0x0000, 0x0000, 0x0000, 0x0000, 0x0000, 0x0000,
	0x0000, 0x0000, 0x0000, 0x0000, 0x0000, 0x0000, 0x0000, 0x0000, 0x0000, 0x0000, 0x0000, 0x0000,
	0x0000, 0x0000, 0x0000, 0x0000, 0x0000, 0x0000, 0x0000, 0x0000, 0x0000, 0x0000, 0x0000, 0x0000,
	0x0000, 0x0000, 0x0000, 0x0000, 0x0000, 0x0000, 0x0000, 0x0000, 0x0000, 0x0000, 0x0000, 0x0000,
	0x0000, 0x0000, 0x0000, 0x0000, 0x0000, 0x0000, 0x0000, 0x0000, 0x0000, 0x0000, 0x0000, 0x0000,
	0x0000, 0x0000, 0x0000, 0x0000, 0x0000, 0x0000, 0x0000, 0x0000, 0x0000, 0x0000, 0x0000, 0x0000,
	0x0000, 0x0000, 0x0000, 0x0000, 0x0000, 0x0000, 0x0000, 0x0000, 0x0000, 0x0000, 0x0000, 0x0000,
	0x0000, 0x0000, 0x0000, 0x0000, 0x0000, 0x0000, 0x0000, 0x0000, 0x0000, 0x0000, 0x0000, 0x0000,
	0x0000, 0x0000, 0x0000, 0x0000, 0x0000, 0x0000, 0x0000, 0x0000, 0x0000, 0x0000, 0x0000, 0x0000,
	0x0000, 0x0000, 0x0000, 0x0000, 0x0000, 0x0000, 0x0000, 0x0000, 0x0000, 0x0000, 0x0000, 0x0000,
	0x0000, 0x0000, 0x0000, 0x0000, 0x0000, 0x0000, 0x0000, 0x0000, 0x0000, 0x0000, 0x0000, 0x0000,
	0x0000, 0x0000, 0x0000, 0x0000, 0x0000, 0x0000, 0x0000, 0x0000, 0x0000, 0x0000, 0x0000, 0x0000,
	0x0000, 0x0000, 0x0000, 0x0000, 0x0000, 0x0000, 0x0000, 0x0000, 0x0000, 0x0000, 0x0000, 0x0000,
	0x0000, 0x0000, 0x0000, 0x0000, 0x0000, 0x0000, 0x0000, 0x0000, 0x0000, 0x0000, 0x0000, 0x0000,
	0x0000, 0x0000, 0x0000, 0x0000, 0x0000, 0x0000, 0x0000, 0x0000, 0x0000, 0x0000, 0x0000, 0x0000,
	0x0000, 0x0000, 0x0000, 0x0000, 0x0000, 0x0000, 0x0000, 0x0000, 0x0000, 0x0000, 0x0000, 0x0000,
	0x0000, 0x0000, 0x0000, 0x0000, 0x0000, 0x0000, 0x0000, 0x0000, 0x0000, 0x0000, 0x0000, 0x0000,
	0x0000, 0x0000, 0x0000, 0x0000, 0x0000, 0x0000, 0x0000, 0x0000, 0x0000, 0x0000, 0x0000, 0x0000,
	0x0000, 0x0000, 0x0000, 0x0000, 0x0000, 0x0000, 0x0000, 0x0000, 0x0000, 0x0000, 0x0000, 0x0000,
	0x0000, 0x0000, 0x0000, 0x0000, 0x0000, 0x0000, 0x0000, 0x0000, 0x0000, 0x0000, 0x0000, 0x0000,
	0x0000, 0x0000, 0x0000, 0x0000, 0x0000, 0x0000, 0x0000, 0x0000, 0x0000, 0x0000, 0x0000, 0x0000,
	0x0000, 0x0000, 0x0000, 0x0000, 0x0000, 0x0000, 0x0000, 0x0000, 0x0000, 0x0000, 0x0000, 0x0000,
	0x0000, 0x0000, 0x0000, 0x0000, 0x0000, 0x0000, 0x0000, 0x0000, 0x0000, 0x0000, 0x0000, 0x0000,
	0x0000, 0x0000, 0x0000, 0x0000, 0x0000, 0x0000, 0x0000, 0x0000, 0x0000, 0x0000, 0x0000, 0x0000,
	0x0000, 0x0000, 0x0000, 0x0000, 0x0000, 0x0000, 0x0000, 0x0000, 0x0000, 0x0000, 0x0000, 0x0000,
	0x0000, 0x0000, 0x0000, 0x0000, 0x0000, 0x0000, 0x0000, 0x0000, 0x0000, 0x0000, 0x0000, 0x0000,
	0x0000, 0x0000, 0x0000, 0x0000, 0x0000, 0x0000, 0x0000, 0x0000, 0x0000, 0x0000, 0x0000, 0x0000,
	0x0000, 0x0000, 0x0000, 0x0000, 0x0000, 0x0000, 0x0000, 0x0000, 0x0000, 0x0000, 0x0000, 0x0000,
	0x0000, 0x0000, 0x0000, 0x0000, 0x0000, 0x0000, 0x0000, 0x0000, 0x0000, 0x0000, 0x0000, 0x0000,
	0x0000, 0x0000, 0x0000, 0x0000, 0x0000, 0x0000, 0x0000, 0x0000, 0x0000, 0x0000, 0x0000, 0x0000,
	0x0000, 0x0000, 0x0000, 0x0000, 0x0000, 0x0000, 0x0000, 0x0000, 0x0000, 0x0000, 0x0000, 0x0000,
	0x0000, 0x0000, 0x0000, 0x0000, 0x0000, 0x0000, 0x0000, 0x0000, 0x0000, 0x0000, 0x0000, 0x0000,
	0x0000, 0x0000, 0x0000, 0x0000, 0x0000, 0x0000, 0x0000, 0x0000, 0x0000, 0x0000, 0x0000, 0x0000,
	0x0000, 0x0000, 0x0000, 0x0000, 0x0000, 0x0000, 0x0000, 0x0000, 0x0000, 0x0000, 0x0000, 0x0000,
	0x0000, 0x0000, 0x0000, 0x0000, 0x0000, 0x0000, 0x0000, 0x0000, 0x0000, 0x0000, 0x0000, 0x0000,
	0x0000, 0x0000, 0x0000, 0x0000, 0x0000, 0x0000, 0x0000, 0x0000, 0x0000, 0x0000, 0x0000, 0x0000,
	0x0000, 0x0000, 0x0000, 0x0000, 0x0000, 0x0000, 0x0000, 0x0000, 0x0000, 0x0000, 0x0000, 0x0000,
	0x0000, 0x0000, 0x0000, 0x0000, 0x0000, 0x0000, 0x0000, 0x0000, 0x0000, 0x0000, 0x0000, 0x0000,
	0x0000, 0x0000, 0x0000, 0x0000, 0x0000, 0x0000, 0x0000, 0x0000, 0x0000, 0x0000, 0x0000, 0x0000,
	0x0000, 0x0000, 0x0000, 0x0000, 0x0000, 0x0000, 0x0000, 0x0000, 0x0000, 0x0000, 0x0000, 0x0000,
	0x0000, 0x0000, 0x0000, 0x0000, 0x0000, 0x0000, 0x0000, 0x0000, 0x0000, 0x0000, 0x0000, 0x0000,
	0x0000, 0x0000, 0x0000, 0x0000, 0x0000, 0x0000, 0x0000, 0x0000, 0x0000, 0x0000, 0x0000, 0x0000,
	0x0000, 0x0000, 0x0000, 0x0000, 0x0000, 0x0000, 0x0000, 0x0000, 0x0000, 0x0000, 0x0000, 0x0000,
	0x0000, 0x0000, 0x0000, 0x0000, 0x0000, 0x0000, 0x0000, 0x0000, 0x0000, 0x0000, 0x0000, 0x0000,
	0x0000, 0x0000, 0x0000, 0x0000, 0x0000, 0x0000, 0x0000, 0x0000, 0x0000, 0x0000, 0x0000, 0x0000,
	0x0000, 0x0000, 0x0000, 0x0000, 0x0000, 0x0000, 0x0000, 0x0000, 0x0000, 0x0000, 0x0000, 0x0000,
	0x0000, 0x0000, 0x0000, 0x0000, 0x0000, 0x0000, 0x0000, 0x0000, 0x0000, 0x0000, 0x0000, 0x0000,
	0x0000, 0x0000, 0x0000, 0x0000, 0x0000, 0x0000, 0x0000, 0x0000, 0x0000, 0x0000, 0x0000, 0x0000,
	0x0000, 0x0000, 0x0000, 0x0000, 0x0000, 0x0000, 0x0000, 0x0000, 0x0000, 0x0000, 0x0000, 0x0000,
	0x0000, 0x0000, 0x0000, 0x0000, 0x0000, 0x0000, 0x0000, 0x0000, 0x0000, 0x0000, 0x0000, 0x0000,
	0x0000, 0x0000, 0x0000, 0x0000, 0x0000, 0x0000, 0x0000, 0x0000, 0x0000, 0x0000, 0x0000, 0x0000,
	0x0000, 0x0000, 0x0000, 0x0000, 0x0000, 0x0000, 0x0000, 0x0000, 0x0000, 0x0000, 0x0000, 0x0000,
	0x0000, 0x0000, 0x0000, 0x0000, 0x0000, 0x0000, 0x0000, 0x0000, 0x0000, 0x0000, 0x0000, 0x0000,
	0x0000, 0x0000, 0x0000, 0x0000, 0x0000, 0x0000, 0x0000, 0x0000, 0x0000, 0x0000, 0x0000, 0x0000,
	0x0000, 0x0000, 0x0000, 0x0000, 0x0000, 0x0000, 0x0000, 0x0000, 0x0000, 0x0000, 0x0000, 0x0000,
	0x0000, 0x0000, 0x0000, 0x0000, 0x0000, 0x0000, 0x0000, 0x0000, 0x0000, 0x0000, 0x0000, 0x0000,
	0x0000, 0x0000, 0x0000, 0x0000, 0x0000, 0x0000, 0x0000, 0x0000, 0x0000, 0x0000, 0x0000, 0x0000,
	0x0000, 0x0000, 0x0000, 0x0000, 0x0000, 0x0000, 0x0000, 0x0000, 0x0000, 0x0000, 0x0000, 0x0000,
	0x0000, 0x0000, 0x0000, 0x0000, 0x0000, 0x0000, 0x0000, 0x0000, 0x0000, 0x0000, 0x0000, 0x0000,
	0x0000, 0x0000, 0x0000, 0x0000, 0x0000, 0x0000, 0x0000, 0x0000, 0x0000, 0x0000, 0x0000, 0x0000,
	0x0000, 0x0000, 0x0000, 0x0000, 0x0000, 0x0000, 0x0000, 0x0000, 0x0000, 0x0000, 0x0000, 0x0000,
	0x0000, 0x0000, 0x0000, 0x0000, 0x0000, 0x0000, 0x0000, 0x0000, 0x0000, 0x0000, 0x0000, 0x0000,
	0x0000, 0x0000, 0x0000, 0x0000, 0x0000, 0x0000, 0x0000, 0x0000, 0x0000, 0x0000, 0x0000, 0x0000,
	0x0000, 0x0000, 0x0000, 0x0000, 0x0000, 0x0000, 0x0000, 0x0000, 0x0000, 0x0000, 0x0000, 0x0000,
	0x0000, 0x0000, 0x0000, 0x0000, 0x0000, 0x0000, 0x0000, 0x0000, 0x0000, 0x0000, 0x0000, 0x0000,
	0x0000, 0x0000, 0x0000, 0x0000, 0x0000, 0x0000, 0x0000, 0x0000, 0x0000, 0x0000, 0x0000, 0x0000,
	0x0000, 0x0000, 0x0000, 0x0000, 0x0000, 0x0000, 0x0000, 0x0000, 0x0000, 0x0000, 0x0000, 0x0000,
	0x0000, 0x0000, 0x0000, 0x0000, 0x0000, 0x0000, 0x0000, 0x0000, 0x0000, 0x0000, 0x0000, 0x0000,
	0x0000, 0x0000, 0x0000, 0x0000, 0x0000, 0x0000, 0x0000, 0x0000, 0x0000, 0x0000, 0x0000, 0x0000,
	0x0000, 0x0000, 0x0000, 0x0000, 0x0000, 0x0000, 0x0000, 0x0000, 0x0000, 0x0000, 0x0000, 0x0000,
	0x0000, 0x0000, 0x0000, 0x0000, 0x0000, 0x0000, 0x0000, 0x0000, 0x0000, 0x0000, 0x0000, 0x0000,
	0x0000, 0x0000, 0x0000, 0x0000, 0x0000, 0x0000, 0x0000, 0x0000, 0x0000, 0x0000, 0x0000, 0x0000,
	0x0000, 0x0000, 0x0000, 0x0000, 0x0000, 0x0000, 0x0000, 0x0000, 0x0000, 0x0000, 0x0000, 0x0000,
	0x0000, 0x0000, 0x0000, 0x0000, 0x0000, 0x0000, 0x0000, 0x0000, 0x0000, 0x0000, 0x0000, 0x0000,
	0x0000, 0x0000, 0x0000, 0x0000, 0x0000, 0x0000, 0x0000, 0x0000, 0x0000, 0x0000, 0x0000, 0x0000,
	0x0000, 0x0000, 0x0000, 0x0000, 0x0000, 0x0000, 0x0000, 0x0000, 0x0000, 0x0000, 0x0000, 0x0000,
	0x0000, 0x0000, 0x0000, 0x0000, 0x0000, 0x0000, 0x0000, 0x0000, 0x0000, 0x0000, 0x0000, 0x0000,
	0x0000, 0x0000, 0x0000, 0x0000, 0x0000, 0x0000, 0x0000, 0x0000, 0x0000, 0x0000, 0x0000, 0x0000,
	0x0000, 0x0000, 0x0000, 0x0000, 0x0000, 0x0000, 0x0000, 0x0000, 0x0000, 0x0000, 0x0000, 0x0000,
	0x0000, 0x0000, 0x0000, 0x0000, 0x0000, 0x0000, 0x0000, 0x0000, 0x0000, 0x0000, 0x0000, 0x0000,
	0x0000, 0x0000, 0x0000, 0x0000, 0x0000, 0x0000, 0x0000, 0x0000, 0x0000, 0x0000, 0x0000, 0x0000,
	0x0000, 0x0000, 0x0000, 0x0000, 0x0000, 0x0000, 0x0000, 0x0000, 0x0000, 0x0000, 0x0000, 0x0000,
	0x0000, 0x0000, 0x0000, 0x0000, 0x0000, 0x0000, 0x0000, 0x0000, 0x0000, 0x0000, 0x0000, 0x0000,
	0x0000, 0x0000, 0x0000, 0x0000, 0x0000, 0x0000, 0x0000, 0x0000, 0x0000, 0x0000, 0x0000, 0x0000,
	0x0000, 0x0000, 0x0000, 0x0000, 0x0000, 0x0000, 0x0000, 0x0000, 0x0000, 0x0000, 0x0000, 0x0000,
	0x0000, 0x0000, 0x0000, 0x0000, 0x0000, 0x0000, 0x0000, 0x0000, 0x0000, 0x0000, 0x0000, 0x0000,
	0x0000, 0x0000, 0x0000, 0x0000, 0x0000, 0x0000, 0x0000, 0x0000, 0x0000, 0x0000, 0x0000, 0x0000,
	0x0000, 0x0000, 0x0000, 0x0000, 0x0000, 0x0000, 0x0000, 0x0000, 0x0000, 0x0000, 0x0000, 0x0000,
	0x0000, 0x0000, 0x0000, 0x0000, 0x0000, 0x0000, 0x0000, 0x0000, 0x0000, 0x0000, 0x0000, 0x0000,
	0x0000, 0x0000, 0x0000, 0x0000, 0x0000, 0x0000, 0x0000, 0x0000, 0x0000, 0x0000, 0x0000, 0x0000,
	0x0000, 0x0000, 0x0000, 0x0000, 0x0000, 0x0000, 0x0000, 0x0000, 0x0000, 0x0000, 0x0000, 0x0000,
	0x0000, 0x0000, 0x0000, 0x0000, 0x0000, 0x0000, 0x0000, 0x0000, 0x0000, 0x0000, 0x0000, 0x0000,
	0x0000, 0x0000, 0x0000, 0x0000, 0x0000, 0x0000, 0x0000, 0x0000, 0x0000, 0x0000, 0x0000, 0x0000,
	0x0000, 0x0000, 0x0000, 0x0000, 0x0000, 0x0000, 0x0000, 0x0000, 0x0000, 0x0000, 0x0000, 0x0000,
	0x0000, 0x0000, 0x0000, 0x0000, 0x0000, 0x0000, 0x0000, 0x0000, 0x0000, 0x0000, 0x0000, 0x0000,
	0x0000, 0x0000, 0x0000, 0x0000, 0x0000, 0x0000, 0x0000, 0x0000, 0x0000, 0x0000, 0x0000, 0x0000,
	0x0000, 0x0000, 0x0000, 0x0000, 0x0000, 0x0000, 0x0000, 0x0000,
}; /* 32768 values */

static const struct asset2 chip = {
	.type = PICTURE16BIT,
	.seqNum = 1,
	.x = 128,
	.y = 256,
	.colormap = NULL, /* not used by PICTURE16BIT or PICTURE1BIT */
	.pixel16 = (const uint16_t *) chip_data,
};
/* End of code generated by png-to-badge-asset from /Users/arxi/clang/badge2025/source/apps/microban_assets/chip.png Sat Apr 26 16:22:59 2025 */
