static const uint16_t eb_bg_data[28672] = {
	0x738b, 0x738b, 0x738b, 0x738b, 0x738b, 0x738b, 0x738b, 0x738b, 0x738b, 0x738b, 0x738b, 0x738b,
	0x738b, 0x738b, 0x738b, 0x738b, 0x738b, 0x738b, 0x738b, 0x738b, 0x738b, 0x738b, 0x738b, 0x738b,
	0x738b, 0x738b, 0x738b, 0x738b, 0x738b, 0x738b, 0x738b, 0x738b, 0x738b, 0x738b, 0x738b, 0x738b,
	0x738b, 0x738b, 0x738b, 0x738b, 0x738b, 0x738b, 0x738b, 0x738b, 0x738b, 0x738b, 0x738b, 0x738b,
	0x738b, 0x738b, 0x738b, 0x738b, 0x738b, 0x738b, 0x738b, 0x738b, 0x738b, 0x738b, 0x738b, 0x738b,
	0x738b, 0x738b, 0x738b, 0x738b, 0x0000, 0xa593, 0xa593, 0xa593, 0xa593, 0xa593, 0xa593, 0xa593,
	0xa593, 0xa593, 0xa593, 0xa593, 0xa593, 0xa593, 0xa593, 0xa593, 0xa593, 0xa593, 0xa593, 0xa593,
	0xa593, 0xa593, 0xa593, 0xa593, 0xa593, 0xa593, 0xa593, 0xa593, 0xa593, 0xa593, 0xa593, 0xa593,
	0xa593, 0xa593, 0xa593, 0xa593, 0xa593, 0xa593, 0xa593, 0xa593, 0xa593, 0xa593, 0xa593, 0xa593,
	0xa593, 0xa593, 0xa593, 0xa593, 0xa593, 0xa593, 0xa593, 0xa593, 0xa593, 0xa593, 0xa593, 0xa593,
	0xa593, 0xa593, 0xa593, 0xa593, 0xa593, 0xa593, 0xa593, 0xa593, 0xa593, 0xa593, 0xa593, 0xa593,
	0xa593, 0xa593, 0xa593, 0xa593, 0xa593, 0xa593, 0xa593, 0xa593, 0xa593, 0xa593, 0xa593, 0xa593,
	0xa593, 0xa593, 0xa593, 0xa593, 0xa593, 0xa593, 0xa593, 0xa593, 0xa593, 0xa593, 0xa593, 0xa593,
	0xa593, 0xa593, 0xa593, 0x0000, 0x738b, 0x738b, 0x738b, 0x738b, 0x738b, 0x738b, 0x738b, 0x738b,
	0x738b, 0x738b, 0x738b, 0x738b, 0x738b, 0x738b, 0x738b, 0x738b, 0x738b, 0x738b, 0x738b, 0x738b,
	0x738b, 0x738b, 0x738b, 0x738b, 0x738b, 0x738b, 0x738b, 0x738b, 0x738b, 0x738b, 0x738b, 0x738b,
	0x738b, 0x738b, 0x738b, 0x738b, 0x738b, 0x738b, 0x738b, 0x738b, 0x738b, 0x738b, 0x738b, 0x738b,
	0x738b, 0x738b, 0x738b, 0x738b, 0x738b, 0x738b, 0x738b, 0x738b, 0x738b, 0x738b, 0x738b, 0x738b,
	0x738b, 0x738b, 0x738b, 0x738b, 0x738b, 0x738b, 0x738b, 0x738b, 0x738b, 0x738b, 0x738b, 0x738b,
	0x738b, 0x738b, 0x738b, 0x738b, 0x738b, 0x738b, 0x738b, 0x738b, 0x738b, 0x738b, 0x738b, 0x738b,
	0x738b, 0x738b, 0x738b, 0x738b, 0x738b, 0x738b, 0x738b, 0x738b, 0x738b, 0x738b, 0x738b, 0x738b,
	0x738b, 0x738b, 0x738b, 0x738b, 0x738b, 0x738b, 0x738b, 0x738b, 0x738b, 0x738b, 0x738b, 0x738b,
	0x738b, 0x738b, 0x738b, 0x738b, 0x738b, 0x738b, 0x738b, 0x738b, 0x738b, 0x738b, 0x738b, 0x738b,
	0x738b, 0x738b, 0x738b, 0x738b, 0x738b, 0x738b, 0x738b, 0x738b, 0x738b, 0x738b, 0x738b, 0x738b,
	0x0000, 0xa593, 0xa593, 0xa593, 0xa593, 0xa593, 0xa593, 0xa593, 0xa593, 0xa593, 0xa593, 0xa593,
	0xa593, 0xa593, 0xa593, 0xa593, 0xa593, 0xa593, 0xa593, 0xa593, 0xa593, 0xa593, 0xa593, 0xa593,
	0xa593, 0xa593, 0xa593, 0xa593, 0xa593, 0xa593, 0xa593, 0xa593, 0xa593, 0xa593, 0xa593, 0xa593,
	0xa593, 0xa593, 0xa593, 0xa593, 0xa593, 0xa593, 0xa593, 0xa593, 0xa593, 0xa593, 0xa593, 0xa593,
	0xa593, 0xa593, 0xa593, 0xa593, 0xa593, 0xa593, 0xa593, 0xa593, 0xa593, 0xa593, 0xa593, 0xa593,
	0xa593, 0xa593, 0xa593, 0xa593, 0xa593, 0xa593, 0xa593, 0xa593, 0xa593, 0xa593, 0xa593, 0xa593,
	0xa593, 0xa593, 0xa593, 0xa593, 0xa593, 0xa593, 0xa593, 0xa593, 0xa593, 0xa593, 0xa593, 0xa593,
	0xa593, 0xa593, 0xa593, 0xa593, 0xa593, 0xa593, 0xa593, 0xa593, 0xa593, 0xa593, 0xa593, 0x0000,
	0x738b, 0x738b, 0x738b, 0x738b, 0x738b, 0x738b, 0x738b, 0x738b, 0x738b, 0x738b, 0x738b, 0x738b,
	0x738b, 0x738b, 0x738b, 0x738b, 0x738b, 0x738b, 0x738b, 0x738b, 0x738b, 0x738b, 0x738b, 0x738b,
	0x738b, 0x738b, 0x738b, 0x738b, 0x738b, 0x738b, 0x738b, 0x738b, 0x738b, 0x738b, 0x738b, 0x738b,
	0x738b, 0x738b, 0x738b, 0x738b, 0x738b, 0x738b, 0x738b, 0x738b, 0x738b, 0x738b, 0x738b, 0x738b,
	0x738b, 0x738b, 0x738b, 0x738b, 0x738b, 0x738b, 0x738b, 0x738b, 0x738b, 0x738b, 0x738b, 0x738b,
	0x738b, 0x738b, 0x738b, 0x738b, 0x738b, 0x738b, 0x738b, 0x738b, 0x738b, 0x738b, 0x738b, 0x738b,
	0x738b, 0x738b, 0x738b, 0x738b, 0x738b, 0x738b, 0x738b, 0x738b, 0x738b, 0x738b, 0x738b, 0x738b,
	0x738b, 0x738b, 0x738b, 0x738b, 0x738b, 0x738b, 0x738b, 0x738b, 0x738b, 0x738b, 0x738b, 0x738b,
	0x738b, 0x738b, 0x738b, 0x738b, 0x738b, 0x738b, 0x738b, 0x738b, 0x738b, 0x738b, 0x738b, 0x738b,
	0x738b, 0x738b, 0x738b, 0x738b, 0x738b, 0x738b, 0x738b, 0x738b, 0x738b, 0x738b, 0x738b, 0x738b,
	0x738b, 0x738b, 0x738b, 0x738b, 0x738b, 0x738b, 0x738b, 0x738b, 0x0000, 0xa593, 0xa593, 0xa593,
	0xa593, 0xa593, 0xa593, 0xa593, 0xa593, 0xa593, 0xa593, 0xa593, 0xa593, 0xa593, 0xa593, 0xa593,
	0xa593, 0xa593, 0xa593, 0xa593, 0xa593, 0xa593, 0xa593, 0xa593, 0xa593, 0xa593, 0xa593, 0xa593,
	0xa593, 0xa593, 0xa593, 0xa593, 0xa593, 0xa593, 0xa593, 0xa593, 0xa593, 0xa593, 0xa593, 0xa593,
	0xa593, 0xa593, 0xa593, 0xa593, 0xa593, 0xa593, 0xa593, 0xa593, 0xa593, 0xa593, 0xa593, 0xa593,
	0xa593, 0xa593, 0xa593, 0xa593, 0xa593, 0xa593, 0xa593, 0xa593, 0xa593, 0xa593, 0xa593, 0xa593,
	0xa593, 0xa593, 0xa593, 0xa593, 0x94d0, 0x94d0, 0x94d0, 0xa593, 0xa593, 0xa593, 0xa593, 0xa593,
	0xa593, 0xa593, 0xa593, 0xa593, 0xa593, 0xa593, 0xa593, 0xa593, 0xa593, 0xa593, 0xa593, 0xa593,
	0xa593, 0xa593, 0xa593, 0xa593, 0xa593, 0xa593, 0xa593, 0x0000, 0x738b, 0x738b, 0x738b, 0x738b,
	0x738b, 0x738b, 0x738b, 0x738b, 0x738b, 0x738b, 0x738b, 0x738b, 0x738b, 0x738b, 0x738b, 0x738b,
	0x738b, 0x738b, 0x738b, 0x738b, 0x738b, 0x738b, 0x738b, 0x738b, 0x738b, 0x738b, 0x738b, 0x738b,
	0x738b, 0x738b, 0x738b, 0x738b, 0x738b, 0x738b, 0x738b, 0x738b, 0x738b, 0x738b, 0x738b, 0x738b,
	0x738b, 0x738b, 0x738b, 0x738b, 0x738b, 0x738b, 0x738b, 0x738b, 0x738b, 0x738b, 0x738b, 0x738b,
	0x738b, 0x738b, 0x738b, 0x738b, 0x738b, 0x738b, 0x738b, 0x738b, 0x738b, 0x738b, 0x738b, 0x738b,
	0x738b, 0x738b, 0x738b, 0x738b, 0x738b, 0x738b, 0x738b, 0x738b, 0x738b, 0x738b, 0x738b, 0x738b,
	0x738b, 0x738b, 0x738b, 0x738b, 0x738b, 0x738b, 0x738b, 0x738b, 0x738b, 0x738b, 0x738b, 0x738b,
	0x738b, 0x738b, 0x738b, 0x738b, 0x738b, 0x738b, 0x738b, 0x738b, 0x738b, 0x738b, 0x738b, 0x738b,
	0x738b, 0x738b, 0x738b, 0x738b, 0x738b, 0x738b, 0x738b, 0x738b, 0x738b, 0x738b, 0x738b, 0x738b,
	0x738b, 0x738b, 0x738b, 0x738b, 0x738b, 0x738b, 0x738b, 0x738b, 0x738b, 0x738b, 0x738b, 0x738b,
	0x738b, 0x738b, 0x738b, 0x738b, 0x0000, 0xa593, 0xa593, 0xa593, 0xa593, 0xa593, 0xa593, 0xa593,
	0xa593, 0xa593, 0xa593, 0xa593, 0xa593, 0xa593, 0xa593, 0xa593, 0xa593, 0xa593, 0xa593, 0xa593,
	0xa593, 0xa593, 0xa593, 0xa593, 0xa593, 0xa593, 0xa593, 0xa593, 0xa593, 0xa593, 0xa593, 0xa593,
	0xa593, 0xa593, 0xa593, 0xa593, 0xa593, 0xa593, 0xa593, 0xa593, 0xa593, 0xa593, 0xa593, 0xa593,
	0xa593, 0xa593, 0xa593, 0xa593, 0xa593, 0xa593, 0xa593, 0xa593, 0xa593, 0xa593, 0xa593, 0xa593,
	0xa593, 0xa593, 0xa593, 0xa593, 0xa593, 0xa593, 0xa593, 0xa593, 0x94d0, 0xa593, 0xa593, 0xa593,
	0xa593, 0x94d0, 0xa593, 0xa593, 0xa593, 0xa593, 0xa593, 0xa593, 0xa593, 0xa593, 0xa593, 0xa593,
	0xa593, 0xa593, 0xa593, 0xa593, 0xa593, 0xa593, 0xa593, 0xa593, 0xa593, 0xa593, 0xa593, 0xa593,
	0xa593, 0xa593, 0xa593, 0x0000, 0x738b, 0x738b, 0x738b, 0x738b, 0x738b, 0x738b, 0x738b, 0x738b,
	0x738b, 0x738b, 0x738b, 0x738b, 0x738b, 0x738b, 0x738b, 0x738b, 0x738b, 0x738b, 0x738b, 0x738b,
	0x738b, 0x738b, 0x738b, 0x738b, 0x738b, 0x738b, 0x738b, 0x738b, 0x738b, 0x738b, 0x738b, 0x738b,
	0x738b, 0x738b, 0x738b, 0x738b, 0x738b, 0x738b, 0x738b, 0x738b, 0x738b, 0x738b, 0x738b, 0x738b,
	0x738b, 0x738b, 0x738b, 0x738b, 0x738b, 0x738b, 0x738b, 0x738b, 0x738b, 0x738b, 0x738b, 0x738b,
	0x738b, 0x738b, 0x738b, 0x738b, 0x738b, 0x738b, 0x738b, 0x738b, 0x738b, 0x738b, 0x738b, 0x738b,
	0x738b, 0x738b, 0x738b, 0x738b, 0x738b, 0x738b, 0x738b, 0x738b, 0x738b, 0x738b, 0x738b, 0x738b,
	0x738b, 0x738b, 0x738b, 0x738b, 0x738b, 0x738b, 0x738b, 0x738b, 0x738b, 0x738b, 0x738b, 0x738b,
	0x738b, 0x738b, 0x738b, 0x738b, 0x738b, 0x738b, 0x738b, 0x738b, 0x738b, 0x738b, 0x738b, 0x738b,
	0x738b, 0x738b, 0x738b, 0x738b, 0x738b, 0x738b, 0x738b, 0x738b, 0x738b, 0x738b, 0x738b, 0x738b,
	0x738b, 0x738b, 0x738b, 0x738b, 0x738b, 0x738b, 0x738b, 0x738b, 0x738b, 0x738b, 0x738b, 0x738b,
	0x0000, 0xa593, 0xa593, 0xa593, 0xa593, 0xa593, 0xa593, 0xa593, 0xa593, 0xa593, 0xa593, 0xa593,
	0xa593, 0xa593, 0xa593, 0xa593, 0xa593, 0xa593, 0xa593, 0xa593, 0xa593, 0xa593, 0xa593, 0xa593,
	0xa593, 0xa593, 0xa593, 0xa593, 0xa593, 0xa593, 0xa593, 0xa593, 0xa593, 0xa593, 0xa593, 0xa593,
	0xa593, 0xa593, 0xa593, 0xa593, 0xa593, 0xa593, 0xa593, 0xa593, 0xa593, 0xa593, 0xa593, 0xa593,
	0xa593, 0xa593, 0xa593, 0xa593, 0xa593, 0xa593, 0xa593, 0xa593, 0xa593, 0xa593, 0xa593, 0xa593,
	0xa593, 0xa593, 0xa593, 0xa593, 0xa593, 0xa593, 0xa593, 0x94d0, 0xa593, 0xa593, 0x94d0, 0x94d0,
	0xa593, 0xa593, 0xa593, 0xa593, 0xa593, 0xa593, 0xa593, 0xa593, 0xa593, 0xa593, 0xa593, 0xa593,
	0xa593, 0xa593, 0xa593, 0xa593, 0xa593, 0xa593, 0xa593, 0xa593, 0xa593, 0xa593, 0xa593, 0x0000,
	0x738b, 0x738b, 0x738b, 0x738b, 0x738b, 0x738b, 0x738b, 0x738b, 0x738b, 0x738b, 0x738b, 0x738b,
	0x738b, 0x738b, 0x738b, 0x738b, 0x738b, 0x738b, 0x738b, 0x738b, 0x738b, 0x738b, 0x738b, 0x738b,
	0x738b, 0x738b, 0x738b, 0x738b, 0x738b, 0x738b, 0x738b, 0x738b, 0x738b, 0x738b, 0x738b, 0x738b,
	0x738b, 0x738b, 0x738b, 0x738b, 0x738b, 0x738b, 0x738b, 0x738b, 0x738b, 0x738b, 0x738b, 0x738b,
	0x738b, 0x738b, 0x738b, 0x738b, 0x738b, 0x738b, 0x738b, 0x738b, 0x738b, 0x738b, 0x738b, 0x738b,
	0x738b, 0x738b, 0x738b, 0x738b, 0x738b, 0x738b, 0x738b, 0x738b, 0x738b, 0x738b, 0x738b, 0x738b,
	0x738b, 0x738b, 0x738b, 0x738b, 0x738b, 0x738b, 0x738b, 0x738b, 0x738b, 0x738b, 0x738b, 0x738b,
	0x738b, 0x738b, 0x738b, 0x738b, 0x738b, 0x738b, 0x738b, 0x738b, 0x738b, 0x738b, 0x738b, 0x738b,
	0x738b, 0x738b, 0x738b, 0x738b, 0x738b, 0x738b, 0x738b, 0x738b, 0x738b, 0x738b, 0x738b, 0x738b,
	0x738b, 0x738b, 0x738b, 0x738b, 0x738b, 0x738b, 0x738b, 0x738b, 0x738b, 0x738b, 0x738b, 0x738b,
	0x738b, 0x738b, 0x738b, 0x738b, 0x738b, 0x738b, 0x738b, 0x738b, 0x0000, 0xa593, 0xa593, 0xa593,
	0xa593, 0xa593, 0xa593, 0xa593, 0xa593, 0xa593, 0xa593, 0xa593, 0xa593, 0xa593, 0xa593, 0xa593,
	0xa593, 0xa593, 0xa593, 0xa593, 0xa593, 0xa593, 0xa593, 0xa593, 0xa593, 0xa593, 0xa593, 0xa593,
	0xa593, 0xa593, 0xa593, 0xa593, 0xa593, 0xa593, 0xa593, 0xa593, 0xa593, 0xa593, 0xa593, 0xa593,
	0xa593, 0xa593, 0xa593, 0xa593, 0xa593, 0xa593, 0xa593, 0xa593, 0xa593, 0xa593, 0xa593, 0xa593,
	0xa593, 0xa593, 0xa593, 0xa593, 0xa593, 0xa593, 0xa593, 0xa593, 0xa593, 0xa593, 0xa593, 0xa593,
	0xa593, 0xa593, 0x94d0, 0xa593, 0x94d0, 0x94d0, 0xa593, 0xa593, 0xa593, 0xa593, 0xa593, 0xa593,
	0xa593, 0xa593, 0xa593, 0xa593, 0xa593, 0xa593, 0xa593, 0xa593, 0xa593, 0xa593, 0xa593, 0xa593,
	0xa593, 0xa593, 0xa593, 0xa593, 0xa593, 0xa593, 0xa593, 0x0000, 0x738b, 0x738b, 0x738b, 0x738b,
	0x738b, 0x738b, 0x738b, 0x738b, 0x738b, 0x738b, 0x738b, 0x738b, 0x738b, 0x738b, 0x738b, 0x738b,
	0x738b, 0x738b, 0x738b, 0x738b, 0x738b, 0x738b, 0x738b, 0x738b, 0x738b, 0x738b, 0x738b, 0x738b,
	0x738b, 0x738b, 0x738b, 0x738b, 0x738b, 0x738b, 0x738b, 0x738b, 0x738b, 0x738b, 0x738b, 0x738b,
	0x738b, 0x738b, 0x738b, 0x738b, 0x738b, 0x738b, 0x738b, 0x738b, 0x738b, 0x738b, 0x738b, 0x738b,
	0x738b, 0x738b, 0x738b, 0x738b, 0x738b, 0x738b, 0x738b, 0x738b, 0x738b, 0x738b, 0x738b, 0x738b,
	0x738b, 0x738b, 0x738b, 0x738b, 0x738b, 0x738b, 0x738b, 0x738b, 0x738b, 0x738b, 0x738b, 0x738b,
	0x738b, 0x738b, 0x738b, 0x738b, 0x738b, 0x738b, 0x738b, 0x738b, 0x738b, 0x738b, 0x738b, 0x738b,
	0x738b, 0x738b, 0x738b, 0x738b, 0x738b, 0x738b, 0x738b, 0x738b, 0x738b, 0x738b, 0x738b, 0x738b,
	0x738b, 0x738b, 0x738b, 0x738b, 0x738b, 0x738b, 0x738b, 0x738b, 0x738b, 0x738b, 0x738b, 0x738b,
	0x738b, 0x738b, 0x738b, 0x738b, 0x738b, 0x738b, 0x738b, 0x738b, 0x738b, 0x738b, 0x738b, 0x738b,
	0x738b, 0x738b, 0x738b, 0x738b, 0x0000, 0xa593, 0xa593, 0xa593, 0xa593, 0xa593, 0xa593, 0xa593,
	0xa593, 0xa593, 0xa593, 0xa593, 0xa593, 0xa593, 0xa593, 0xa593, 0xa593, 0xa593, 0xa593, 0xa593,
	0xa593, 0xa593, 0xa593, 0xa593, 0xa593, 0xa593, 0xa593, 0xa593, 0xa593, 0xa593, 0xa593, 0xa593,
	0xa593, 0xa593, 0xa593, 0xa593, 0xa593, 0xa593, 0xa593, 0xa593, 0xa593, 0xa593, 0xa593, 0xa593,
	0xa593, 0xa593, 0xa593, 0xa593, 0xa593, 0xa593, 0xa593, 0xa593, 0xa593, 0xa593, 0xa593, 0xa593,
	0xa593, 0xa593, 0xa593, 0xa593, 0xa593, 0xa593, 0xa593, 0xa593, 0xa593, 0xa593, 0xa593, 0xa593,
	0xa593, 0xa593, 0xa593, 0xa593, 0xa593, 0xa593, 0xa593, 0xa593, 0xa593, 0xa593, 0xa593, 0xa593,
	0xa593, 0xa593, 0xa593, 0xa593, 0xa593, 0xa593, 0xa593, 0xa593, 0xa593, 0xa593, 0xa593, 0xa593,
	0xa593, 0xa593, 0xa593, 0x0000, 0x738b, 0x738b, 0x738b, 0x738b, 0x738b, 0x738b, 0x738b, 0x738b,
	0x738b, 0x738b, 0x738b, 0x738b, 0x738b, 0x738b, 0x738b, 0x738b, 0x738b, 0x738b, 0x738b, 0x738b,
	0x738b, 0x738b, 0x738b, 0x738b, 0x738b, 0x738b, 0x738b, 0x738b, 0x738b, 0x738b, 0x738b, 0x738b,
	0x738b, 0x738b, 0x738b, 0x738b, 0x738b, 0x738b, 0x738b, 0x738b, 0x738b, 0x738b, 0x738b, 0x738b,
	0x738b, 0x738b, 0x738b, 0x738b, 0x738b, 0x738b, 0x738b, 0x738b, 0x738b, 0x738b, 0x738b, 0x738b,
	0x738b, 0x738b, 0x738b, 0x738b, 0x738b, 0x738b, 0x738b, 0x738b, 0x738b, 0x738b, 0x738b, 0x738b,
	0x738b, 0x738b, 0x738b, 0x738b, 0x738b, 0x738b, 0x738b, 0x738b, 0x738b, 0x738b, 0x738b, 0x738b,
	0x738b, 0x738b, 0x738b, 0x738b, 0x738b, 0x738b, 0x738b, 0x738b, 0x738b, 0x738b, 0x738b, 0x738b,
	0x738b, 0x738b, 0x738b, 0x738b, 0x738b, 0x738b, 0x738b, 0x738b, 0x738b, 0x738b, 0x738b, 0x738b,
	0x738b, 0x738b, 0x738b, 0x738b, 0x738b, 0x738b, 0x738b, 0x738b, 0x738b, 0x738b, 0x738b, 0x738b,
	0x738b, 0x738b, 0x738b, 0x738b, 0x738b, 0x738b, 0x738b, 0x738b, 0x738b, 0x738b, 0x738b, 0x738b,
	0x0000, 0xa593, 0xa593, 0xa593, 0xa593, 0xa593, 0xa593, 0xa593, 0xa593, 0xa593, 0xa593, 0xa593,
	0xa593, 0xa593, 0xa593, 0xa593, 0xa593, 0xa593, 0xa593, 0xa593, 0xa593, 0xa593, 0xa593, 0xa593,
	0xa593, 0xa593, 0xa593, 0xa593, 0xa593, 0xa593, 0xa593, 0xa593, 0xa593, 0xa593, 0xa593, 0xa593,
	0xa593, 0xa593, 0xa593, 0xa593, 0xa593, 0xa593, 0xa593, 0xa593, 0xa593, 0xa593, 0xa593, 0xa593,
	0xa593, 0xa593, 0xa593, 0xa593, 0xa593, 0xa593, 0xa593, 0xa593, 0xa593, 0xa593, 0xa593, 0xa593,
	0xa593, 0xa593, 0xa593, 0xa593, 0xa593, 0xa593, 0xa593, 0xa593, 0xa593, 0xa593, 0xa593, 0xa593,
	0xa593, 0xa593, 0xa593, 0xa593, 0xa593, 0xa593, 0xa593, 0xa593, 0xa593, 0xa593, 0xa593, 0xa593,
	0xa593, 0xa593, 0xa593, 0xa593, 0xa593, 0xa593, 0xa593, 0xa593, 0xa593, 0xa593, 0xa593, 0x0000,
	0x738b, 0x738b, 0x738b, 0x738b, 0x738b, 0x738b, 0x738b, 0x738b, 0x738b, 0x738b, 0x738b, 0x738b,
	0x738b, 0x738b, 0x738b, 0x738b, 0x738b, 0x738b, 0x738b, 0x738b, 0x738b, 0x738b, 0x738b, 0x738b,
	0x738b, 0x738b, 0x738b, 0x738b, 0x738b, 0x738b, 0x738b, 0x738b, 0x738b, 0x738b, 0x738b, 0x738b,
	0x738b, 0x738b, 0x738b, 0x738b, 0x738b, 0x738b, 0x738b, 0x738b, 0x738b, 0x738b, 0x738b, 0x738b,
	0x738b, 0x738b, 0x738b, 0x738b, 0x738b, 0x738b, 0x738b, 0x738b, 0x738b, 0x738b, 0x738b, 0x738b,
	0x738b, 0x738b, 0x738b, 0x738b, 0x738b, 0x738b, 0x738b, 0x738b, 0x738b, 0x738b, 0x738b, 0x738b,
	0x738b, 0x738b, 0x738b, 0x738b, 0x738b, 0x738b, 0x738b, 0x738b, 0x738b, 0x738b, 0x738b, 0x738b,
	0x738b, 0x738b, 0x738b, 0x738b, 0x738b, 0x738b, 0x738b, 0x738b, 0x738b, 0x738b, 0x738b, 0x738b,
	0x738b, 0x738b, 0x738b, 0x738b, 0x738b, 0x738b, 0x738b, 0x738b, 0x738b, 0x738b, 0x738b, 0x738b,
	0x738b, 0x738b, 0x738b, 0x738b, 0x738b, 0x738b, 0x738b, 0x738b, 0x738b, 0x738b, 0x738b, 0x738b,
	0x738b, 0x738b, 0x738b, 0x738b, 0x738b, 0x738b, 0x738b, 0x738b, 0x0000, 0xa593, 0xa593, 0xa593,
	0xa593, 0xa593, 0xa593, 0xa593, 0xa593, 0xa593, 0xa593, 0xa593, 0xa593, 0xa593, 0xa593, 0xa593,
	0xa593, 0xa593, 0xa593, 0xa593, 0xa593, 0xa593, 0xa593, 0xa593, 0xa593, 0xa593, 0xa593, 0xa593,
	0xa593, 0xa593, 0xa593, 0xa593, 0xa593, 0xa593, 0xa593, 0xa593, 0xa593, 0xa593, 0xa593, 0xa593,
	0xa593, 0xa593, 0xa593, 0xa593, 0xa593, 0xa593, 0xa593, 0xa593, 0xa593, 0xa593, 0xa593, 0xa593,
	0xa593, 0xa593, 0xa593, 0xa593, 0xa593, 0xa593, 0xa593, 0xa593, 0xa593, 0xa593, 0xa593, 0xa593,
	0xa593, 0xa593, 0xa593, 0xa593, 0xa593, 0xa593, 0xa593, 0xa593, 0xa593, 0xa593, 0xa593, 0xa593,
	0xa593, 0xa593, 0xa593, 0xa593, 0xa593, 0xa593, 0xa593, 0xa593, 0xa593, 0xa593, 0xa593, 0xa593,
	0xa593, 0xa593, 0xa593, 0xa593, 0xa593, 0xa593, 0x7b8b, 0x0000, 0x738b, 0x738b, 0x738b, 0x738b,
	0x738b, 0x738b, 0x738b, 0x738b, 0x738b, 0x738b, 0x738b, 0x738b, 0x738b, 0x738b, 0x738b, 0x738b,
	0x738b, 0x738b, 0x738b, 0x738b, 0x738b, 0x738b, 0x738b, 0x738b, 0x738b, 0x738b, 0x738b, 0x738b,
	0x738b, 0x738b, 0x738b, 0x738b, 0x738b, 0x738b, 0x738b, 0x738b, 0x738b, 0x738b, 0x738b, 0x738b,
	0x738b, 0x738b, 0x738b, 0x738b, 0x738b, 0x738b, 0x738b, 0x738b, 0x738b, 0x738b, 0x738b, 0x738b,
	0x738b, 0x738b, 0x738b, 0x738b, 0x738b, 0x738b, 0x738b, 0x738b, 0x738b, 0x738b, 0x738b, 0x738b,
	0x738b, 0x738b, 0x738b, 0x738b, 0x738b, 0x738b, 0x738b, 0x738b, 0x738b, 0x738b, 0x738b, 0x738b,
	0x738b, 0x738b, 0x738b, 0x738b, 0x738b, 0x738b, 0x738b, 0x738b, 0x738b, 0x738b, 0x738b, 0x738b,
	0x738b, 0x738b, 0x738b, 0x738b, 0x738b, 0x738b, 0x738b, 0x738b, 0x738b, 0x738b, 0x738b, 0x738b,
	0x738b, 0x738b, 0x738b, 0x738b, 0x738b, 0x738b, 0x738b, 0x738b, 0x738b, 0x738b, 0x738b, 0x738b,
	0x738b, 0x738b, 0x738b, 0x738b, 0x738b, 0x738b, 0x738b, 0x738b, 0x738b, 0x738b, 0x738b, 0x738b,
	0x738b, 0x738b, 0x738b, 0x738b, 0x0000, 0xa593, 0xa593, 0xa593, 0xa593, 0xa593, 0xa593, 0xa593,
	0xa593, 0xa593, 0xa593, 0xa593, 0xa593, 0xa593, 0xa593, 0xa593, 0xa593, 0xa593, 0xa593, 0xa593,
	0xa593, 0xa593, 0xa593, 0xa593, 0xa593, 0xa593, 0xa593, 0xa593, 0xa593, 0xa593, 0xa593, 0xa593,
	0xa593, 0xa593, 0xa593, 0xa593, 0xa593, 0xa593, 0xa593, 0xa593, 0xa593, 0xa593, 0xa593, 0xa593,
	0xa593, 0xa593, 0xa593, 0xa593, 0xa593, 0xa593, 0xa593, 0xa593, 0xa593, 0xa593, 0xa593, 0xa593,
	0xa593, 0xa593, 0xa593, 0xa593, 0xa593, 0xa593, 0xa593, 0xa593, 0xa593, 0xa593, 0xa593, 0xa593,
	0xa593, 0xa593, 0xa593, 0xa593, 0xa593, 0xa593, 0xa593, 0xa593, 0xa593, 0xa593, 0xa593, 0xa593,
	0xa593, 0xa593, 0xa593, 0xa593, 0xa593, 0xa593, 0xa593, 0xa593, 0xa593, 0x94d0, 0xa593, 0xa593,
	0xa593, 0x7b8b, 0x94d0, 0x0000, 0x738b, 0x738b, 0x738b, 0x738b, 0x738b, 0x738b, 0x738b, 0x738b,
	0x738b, 0x738b, 0x738b, 0x738b, 0x738b, 0x738b, 0x738b, 0x738b, 0x738b, 0x738b, 0x738b, 0x738b,
	0x738b, 0x738b, 0x738b, 0x738b, 0x738b, 0x738b, 0x738b, 0x738b, 0x738b, 0x738b, 0x738b, 0x738b,
	0x738b, 0x738b, 0x738b, 0x738b, 0x738b, 0x738b, 0x738b, 0x738b, 0x738b, 0x738b, 0x738b, 0x738b,
	0x738b, 0x738b, 0x738b, 0x738b, 0x738b, 0x738b, 0x738b, 0x738b, 0x738b, 0x738b, 0x738b, 0x738b,
	0x738b, 0x738b, 0x738b, 0x738b, 0x738b, 0x738b, 0x738b, 0x738b, 0x738b, 0x738b, 0x738b, 0x738b,
	0x738b, 0x738b, 0x738b, 0x738b, 0x738b, 0x738b, 0x738b, 0x738b, 0x738b, 0x738b, 0x738b, 0x738b,
	0x738b, 0x738b, 0x738b, 0x738b, 0x738b, 0x738b, 0x738b, 0x738b, 0x738b, 0x738b, 0x738b, 0x738b,
	0x738b, 0x738b, 0x738b, 0x738b, 0x738b, 0x738b, 0x738b, 0x738b, 0x738b, 0x738b, 0x738b, 0x738b,
	0x738b, 0x738b, 0x738b, 0x738b, 0x738b, 0x738b, 0x738b, 0x738b, 0x738b, 0x738b, 0x738b, 0x738b,
	0x738b, 0x738b, 0x738b, 0x738b, 0x738b, 0x738b, 0x738b, 0x738b, 0x738b, 0x738b, 0x738b, 0x738b,
	0x0000, 0xa593, 0xa593, 0xa593, 0xa593, 0xa593, 0xa593, 0xa593, 0xa593, 0xa593, 0xa593, 0xa593,
	0xa593, 0xa593, 0xa593, 0xa593, 0xa593, 0xa593, 0xa593, 0xa593, 0xa593, 0xa593, 0xa593, 0xa593,
	0xa593, 0xa593, 0xa593, 0xa593, 0xa593, 0xa593, 0xa593, 0xa593, 0xa593, 0xa593, 0xa593, 0xa593,
	0xa593, 0xa593, 0xa593, 0xa593, 0xa593, 0xa593, 0xa593, 0xa593, 0xa593, 0xa593, 0xa593, 0xa593,
	0xa593, 0xa593, 0xa593, 0xa593, 0xa593, 0xa593, 0xa593, 0xa593, 0xa593, 0xa593, 0xa593, 0xa593,
	0x94d0, 0x94d0, 0x94d0, 0xa593, 0xa593, 0xa593, 0xa593, 0xa593, 0xa593, 0xa593, 0xa593, 0xa593,
	0xa593, 0xa593, 0xa593, 0xa593, 0xa593, 0xa593, 0xa593, 0xa593, 0xa593, 0xa593, 0xa593, 0xa593,
	0x94d0, 0x94d0, 0x94d0, 0xa593, 0xa593, 0xa593, 0x840e, 0x94d0, 0xa593, 0x7b8b, 0x94d0, 0x0000,
	0x738b, 0x738b, 0x738b, 0x738b, 0x738b, 0x738b, 0x738b, 0x738b, 0x738b, 0x738b, 0x738b, 0x738b,
	0x738b, 0x738b, 0x738b, 0x738b, 0x738b, 0x738b, 0x738b, 0x738b, 0x738b, 0x738b, 0x738b, 0x738b,
	0x738b, 0x738b, 0x738b, 0x738b, 0x738b, 0x738b, 0x738b, 0x738b, 0x738b, 0x738b, 0x738b, 0x738b,
	0x738b, 0x738b, 0x738b, 0x738b, 0x738b, 0x738b, 0x738b, 0x738b, 0x738b, 0x738b, 0x738b, 0x738b,
	0x738b, 0x738b, 0x738b, 0x738b, 0x738b, 0x738b, 0x738b, 0x738b, 0x738b, 0x738b, 0x738b, 0x738b,
	0x738b, 0x738b, 0x738b, 0x738b, 0x738b, 0x738b, 0x738b, 0x738b, 0x738b, 0x738b, 0x738b, 0x738b,
	0x738b, 0x738b, 0x738b, 0x738b, 0x738b, 0x738b, 0x738b, 0x738b, 0x738b, 0x738b, 0x738b, 0x738b,
	0x738b, 0x738b, 0x738b, 0x738b, 0x738b, 0x738b, 0x738b, 0x738b, 0x738b, 0x738b, 0x738b, 0x738b,
	0x738b, 0x738b, 0x738b, 0x738b, 0x738b, 0x738b, 0x738b, 0x738b, 0x738b, 0x738b, 0x738b, 0x738b,
	0x738b, 0x738b, 0x738b, 0x738b, 0x738b, 0x738b, 0x738b, 0x738b, 0x738b, 0x738b, 0x738b, 0x738b,
	0x738b, 0x738b, 0x738b, 0x738b, 0x738b, 0x738b, 0x738b, 0x738b, 0x0000, 0xa593, 0xa593, 0xa593,
	0xa593, 0xa593, 0xa593, 0xa593, 0xa593, 0xa593, 0xa593, 0xa593, 0xa593, 0xa593, 0xa593, 0xa593,
	0xa593, 0xa593, 0xa593, 0xa593, 0xa593, 0xa593, 0xa593, 0xa593, 0xa593, 0xa593, 0xa593, 0xa593,
	0xa593, 0xa593, 0xa593, 0xa593, 0xa593, 0xa593, 0xa593, 0xa593, 0xa593, 0xa593, 0xa593, 0xa593,
	0xa593, 0xa593, 0xa593, 0xa593, 0xa593, 0xa593, 0xa593, 0xa593, 0xa593, 0xa593, 0xa593, 0xa593,
	0xa593, 0xa593, 0xa593, 0xa593, 0x94d0, 0xa593, 0xa593, 0xa593, 0xa593, 0x94d0, 0xa593, 0xa593,
	0xa593, 0xa593, 0xa593, 0xa593, 0xa593, 0xa593, 0xa593, 0xa593, 0xa593, 0xa593, 0xa593, 0xa593,
	0xa593, 0xa593, 0xa593, 0xa593, 0x94d0, 0xa593, 0xa593, 0xa593, 0xa593, 0x94d0, 0xa593, 0xa593,
	0xa593, 0xa593, 0xa593, 0x7b8b, 0x7b8b, 0x94d0, 0x94d0, 0x0000, 0x738b, 0x738b, 0x738b, 0x738b,
	0x738b, 0x738b, 0x738b, 0x738b, 0x738b, 0x738b, 0x738b, 0x738b, 0x738b, 0x738b, 0x738b, 0x738b,
	0x738b, 0x738b, 0x738b, 0x738b, 0x738b, 0x738b, 0x738b, 0x738b, 0x738b, 0x738b, 0x738b, 0x738b,
	0x738b, 0x738b, 0x738b, 0x738b, 0x738b, 0x738b, 0x738b, 0x738b, 0x738b, 0x738b, 0x738b, 0x738b,
	0x738b, 0x738b, 0x738b, 0x738b, 0x738b, 0x738b, 0x738b, 0x738b, 0x738b, 0x738b, 0x738b, 0x738b,
	0x738b, 0x738b, 0x738b, 0x738b, 0x738b, 0x738b, 0x738b, 0x738b, 0x738b, 0x738b, 0x738b, 0x738b,
	0x738b, 0x738b, 0x738b, 0x738b, 0x738b, 0x738b, 0x738b, 0x738b, 0x738b, 0x738b, 0x738b, 0x738b,
	0x738b, 0x738b, 0x738b, 0x738b, 0x738b, 0x738b, 0x738b, 0x738b, 0x738b, 0x738b, 0x738b, 0x738b,
	0x738b, 0x738b, 0x738b, 0x738b, 0x738b, 0x738b, 0x738b, 0x738b, 0x738b, 0x738b, 0x738b, 0x738b,
	0x738b, 0x738b, 0x738b, 0x738b, 0x738b, 0x738b, 0x738b, 0x738b, 0x738b, 0x738b, 0x738b, 0x738b,
	0x738b, 0x738b, 0x738b, 0x738b, 0x738b, 0x738b, 0x738b, 0x738b, 0x738b, 0x738b, 0x738b, 0x738b,
	0x738b, 0x738b, 0x738b, 0x738b, 0x0000, 0xa593, 0xa593, 0xa593, 0xa593, 0xa593, 0xa593, 0xa593,
	0xa593, 0xa593, 0xa593, 0xa593, 0xa593, 0xa593, 0xa593, 0xa593, 0xa593, 0xa593, 0xa593, 0xa593,
	0xa593, 0xa593, 0xa593, 0xa593, 0xa593, 0xa593, 0xa593, 0xa593, 0xa593, 0xa593, 0xa593, 0xa593,
	0xa593, 0xa593, 0xa593, 0xa593, 0xa593, 0xa593, 0xa593, 0xa593, 0xa593, 0xa593, 0xa593, 0xa593,
	0xa593, 0xa593, 0xa593, 0xa593, 0xa593, 0xa593, 0xa593, 0xa593, 0xa593, 0xa593, 0xa593, 0xa593,
	0xa593, 0xa593, 0xa593, 0x94d0, 0xa593, 0xa593, 0x94d0, 0x94d0, 0xa593, 0xa593, 0xa593, 0xa593,
	0xa593, 0xa593, 0xa593, 0xa593, 0xa593, 0xa593, 0xa593, 0xa593, 0xa593, 0xa593, 0xa593, 0xa593,
	0xa593, 0xa593, 0xa593, 0x94d0, 0xa593, 0xa593, 0x94d0, 0x94d0, 0xa593, 0xa593, 0xa593, 0x7b8b,
	0x94d0, 0x94d0, 0x94d0, 0x0000, 0x738b, 0x738b, 0x738b, 0x738b, 0x738b, 0x738b, 0x738b, 0x738b,
	0x738b, 0x738b, 0x738b, 0x738b, 0x738b, 0x738b, 0x738b, 0x738b, 0x738b, 0x738b, 0x738b, 0x738b,
	0x738b, 0x738b, 0x738b, 0x738b, 0x738b, 0x738b, 0x738b, 0x738b, 0x738b, 0x738b, 0x738b, 0x738b,
	0x738b, 0x738b, 0x738b, 0x738b, 0x738b, 0x738b, 0x738b, 0x738b, 0x738b, 0x738b, 0x738b, 0x738b,
	0x738b, 0x738b, 0x738b, 0x738b, 0x738b, 0x738b, 0x738b, 0x738b, 0x738b, 0x738b, 0x738b, 0x738b,
	0x738b, 0x738b, 0x738b, 0x738b, 0x738b, 0x738b, 0x738b, 0x738b, 0x738b, 0x738b, 0x738b, 0x738b,
	0x738b, 0x738b, 0x738b, 0x738b, 0x738b, 0x738b, 0x738b, 0x738b, 0x738b, 0x738b, 0x738b, 0x738b,
	0x738b, 0x738b, 0x738b, 0x738b, 0x738b, 0x738b, 0x738b, 0x738b, 0x738b, 0x738b, 0x738b, 0x738b,
	0x738b, 0x738b, 0x738b, 0x738b, 0x738b, 0x738b, 0x738b, 0x738b, 0x738b, 0x738b, 0x738b, 0x738b,
	0x738b, 0x738b, 0x738b, 0x738b, 0x738b, 0x738b, 0x738b, 0x738b, 0x738b, 0x738b, 0x738b, 0x738b,
	0x738b, 0x738b, 0x738b, 0x738b, 0x738b, 0x738b, 0x738b, 0x738b, 0x738b, 0x738b, 0x738b, 0x738b,
	0x0000, 0xa593, 0xa593, 0xa593, 0xa593, 0xa593, 0xa593, 0xa593, 0xa593, 0xa593, 0xa593, 0xa593,
	0xa593, 0xa593, 0xa593, 0xa593, 0xa593, 0xa593, 0xa593, 0xa593, 0xa593, 0xa593, 0xa593, 0xa593,
	0xa593, 0xa593, 0xa593, 0xa593, 0xa593, 0xa593, 0xa593, 0xa593, 0xa593, 0xa593, 0xa593, 0xa593,
	0xa593, 0xa593, 0xa593, 0xa593, 0xa593, 0xa593, 0xa593, 0xa593, 0xa593, 0xa593, 0xa593, 0xa593,
	0xa593, 0xa593, 0xa593, 0xa593, 0xa593, 0xa593, 0xa593, 0xa593, 0xa593, 0xa593, 0x94d0, 0xa593,
	0x94d0, 0x94d0, 0xa593, 0xa593, 0xa593, 0xa593, 0xa593, 0xa593, 0xa593, 0xa593, 0xa593, 0xa593,
	0xa593, 0xa593, 0xa593, 0xa593, 0xa593, 0xa593, 0xa593, 0xa593, 0xa593, 0xa593, 0x94d0, 0xa593,
	0x94d0, 0x94d0, 0xa593, 0xa593, 0xa593, 0xa593, 0x7b8b, 0x94d0, 0x94d0, 0x94d0, 0x94d0, 0x0000,
	0x738b, 0x738b, 0x738b, 0x738b, 0x738b, 0x738b, 0x738b, 0x738b, 0x738b, 0x738b, 0x738b, 0x738b,
	0x738b, 0x738b, 0x738b, 0x738b, 0x738b, 0x738b, 0x738b, 0x738b, 0x738b, 0x738b, 0x738b, 0x738b,
	0x738b, 0x738b, 0x738b, 0x738b, 0x738b, 0x738b, 0x738b, 0x738b, 0x738b, 0x738b, 0x738b, 0x738b,
	0x738b, 0x738b, 0x738b, 0x738b, 0x738b, 0x738b, 0x738b, 0x738b, 0x738b, 0x738b, 0x738b, 0x738b,
	0x738b, 0x738b, 0x738b, 0x738b, 0x738b, 0x738b, 0x738b, 0x738b, 0x738b, 0x738b, 0x738b, 0x738b,
	0x738b, 0x738b, 0x738b, 0x738b, 0x738b, 0x738b, 0x738b, 0x738b, 0x738b, 0x738b, 0x738b, 0x738b,
	0x738b, 0x738b, 0x738b, 0x738b, 0x738b, 0x738b, 0x738b, 0x738b, 0x738b, 0x738b, 0x738b, 0x738b,
	0x738b, 0x738b, 0x738b, 0x738b, 0x738b, 0x738b, 0x738b, 0x738b, 0x738b, 0x738b, 0x738b, 0x738b,
	0x738b, 0x738b, 0x738b, 0x738b, 0x738b, 0x738b, 0x738b, 0x738b, 0x738b, 0x738b, 0x738b, 0x738b,
	0x738b, 0x738b, 0x738b, 0x738b, 0x738b, 0x738b, 0x738b, 0x738b, 0x738b, 0x738b, 0x738b, 0x738b,
	0x738b, 0x738b, 0x738b, 0x738b, 0x738b, 0x738b, 0x738b, 0x738b, 0x0000, 0xa593, 0xa593, 0xa593,
	0xa593, 0xa593, 0xa593, 0xa593, 0xa593, 0xa593, 0xa593, 0xa593, 0xa593, 0xa593, 0xa593, 0xa593,
	0xa593, 0xa593, 0xa593, 0xa593, 0xa593, 0xa593, 0xa593, 0xa593, 0xa593, 0xa593, 0xa593, 0xa593,
	0xa593, 0xa593, 0xa593, 0xa593, 0xa593, 0xa593, 0xa593, 0xa593, 0xa593, 0xa593, 0xa593, 0xa593,
	0xa593, 0xa593, 0xa593, 0xa593, 0xa593, 0xa593, 0xa593, 0xa593, 0xa593, 0xa593, 0xa593, 0xa593,
	0xa593, 0xa593, 0xa593, 0xa593, 0xa593, 0xa593, 0xa593, 0xa593, 0xa593, 0xa593, 0xa593, 0xa593,
	0xa593, 0xa593, 0xa593, 0xa593, 0xa593, 0xa593, 0xa593, 0xa593, 0xa593, 0xa593, 0xa593, 0xa593,
	0xa593, 0xa593, 0xa593, 0xa593, 0xa593, 0xa593, 0xa593, 0xa593, 0xa593, 0xa593, 0xa593, 0xa593,
	0xa593, 0xa593, 0x840e, 0x7b8b, 0xa593, 0x94d0, 0xa593, 0x0000, 0x738b, 0x738b, 0x738b, 0x738b,
	0x738b, 0x738b, 0x738b, 0x738b, 0x738b, 0x738b, 0x738b, 0x738b, 0x738b, 0x738b, 0x738b, 0x738b,
	0x738b, 0x738b, 0x738b, 0x738b, 0x738b, 0x738b, 0x738b, 0x738b, 0x738b, 0x738b, 0x738b, 0x738b,
	0x738b, 0x738b, 0x738b, 0x738b, 0x738b, 0x738b, 0x738b, 0x738b, 0x738b, 0x738b, 0x738b, 0x738b,
	0x738b, 0x738b, 0x738b, 0x738b, 0x738b, 0x738b, 0x738b, 0x738b, 0x738b, 0x738b, 0x738b, 0x738b,
	0x738b, 0x738b, 0x738b, 0x738b, 0x738b, 0x738b, 0x738b, 0x738b, 0x738b, 0x738b, 0x738b, 0x738b,
	0x738b, 0x738b, 0x738b, 0x738b, 0x738b, 0x738b, 0x738b, 0x738b, 0x738b, 0x738b, 0x738b, 0x738b,
	0x738b, 0x738b, 0x738b, 0x738b, 0x738b, 0x738b, 0x738b, 0x738b, 0x738b, 0x738b, 0x738b, 0x738b,
	0x738b, 0x738b, 0x738b, 0x738b, 0x738b, 0x738b, 0x738b, 0x738b, 0x738b, 0x738b, 0x738b, 0x738b,
	0x738b, 0x738b, 0x738b, 0x738b, 0x738b, 0x738b, 0x738b, 0x738b, 0x738b, 0x738b, 0x738b, 0x738b,
	0x738b, 0x738b, 0x738b, 0x738b, 0x738b, 0x738b, 0x738b, 0x738b, 0x738b, 0x738b, 0x738b, 0x738b,
	0x738b, 0x738b, 0x738b, 0x738b, 0x0000, 0xa593, 0xa593, 0xa593, 0xa593, 0xa593, 0xa593, 0xa593,
	0xa593, 0xa593, 0xa593, 0xa593, 0xa593, 0xa593, 0xa593, 0xa593, 0xa593, 0xa593, 0xa593, 0xa593,
	0xa593, 0xa593, 0xa593, 0xa593, 0xa593, 0xa593, 0xa593, 0xa593, 0xa593, 0xa593, 0xa593, 0xa593,
	0xa593, 0xa593, 0xa593, 0xa593, 0xa593, 0xa593, 0xa593, 0xa593, 0xa593, 0xa593, 0xa593, 0xa593,
	0xa593, 0xa593, 0xa593, 0xa593, 0xa593, 0xa593, 0xa593, 0xa593, 0xa593, 0xa593, 0xa593, 0xa593,
	0xa593, 0xa593, 0xa593, 0xa593, 0xa593, 0xa593, 0xa593, 0xa593, 0xa593, 0xa593, 0xa593, 0xa593,
	0xa593, 0xa593, 0xa593, 0xa593, 0xa593, 0xa593, 0xa593, 0xa593, 0xa593, 0xa593, 0xa593, 0xa593,
	0xa593, 0xa593, 0xa593, 0xa593, 0xa593, 0xa593, 0xa593, 0xa593, 0xa593, 0xa593, 0xa593, 0xa593,
	0x7b8b, 0x7b8b, 0x7b8b, 0x0000, 0x738b, 0x738b, 0x738b, 0x738b, 0x738b, 0x738b, 0x738b, 0x738b,
	0x738b, 0x738b, 0x738b, 0x738b, 0x738b, 0x738b, 0x738b, 0x738b, 0x738b, 0x738b, 0x738b, 0x738b,
	0x738b, 0x738b, 0x738b, 0x738b, 0x738b, 0x738b, 0x738b, 0x738b, 0x738b, 0x738b, 0x738b, 0x738b,
	0x738b, 0x738b, 0x738b, 0x738b, 0x738b, 0x738b, 0x738b, 0x738b, 0x738b, 0x738b, 0x738b, 0x738b,
	0x738b, 0x738b, 0x738b, 0x738b, 0x738b, 0x738b, 0x738b, 0x738b, 0x738b, 0x738b, 0x738b, 0x738b,
	0x738b, 0x738b, 0x738b, 0x738b, 0x738b, 0x738b, 0x738b, 0x738b, 0x738b, 0x738b, 0x738b, 0x738b,
	0x738b, 0x738b, 0x738b, 0x738b, 0x738b, 0x738b, 0x738b, 0x738b, 0x738b, 0x738b, 0x738b, 0x738b,
	0x738b, 0x738b, 0x738b, 0x738b, 0x738b, 0x738b, 0x738b, 0x738b, 0x738b, 0x738b, 0x738b, 0x738b,
	0x738b, 0x738b, 0x738b, 0x738b, 0x738b, 0x738b, 0x738b, 0x738b, 0x738b, 0x738b, 0x738b, 0x738b,
	0x738b, 0x738b, 0x738b, 0x738b, 0x738b, 0x738b, 0x738b, 0x738b, 0x738b, 0x738b, 0x738b, 0x738b,
	0x738b, 0x738b, 0x738b, 0x738b, 0x738b, 0x738b, 0x738b, 0x738b, 0x738b, 0x738b, 0x738b, 0x738b,
	0x0000, 0xa593, 0xa593, 0xa593, 0xa593, 0xa593, 0xa593, 0xa593, 0xa593, 0xa593, 0xa593, 0xa593,
	0xa593, 0xa593, 0xa593, 0xa593, 0xa593, 0xa593, 0xa593, 0xa593, 0xa593, 0xa593, 0xa593, 0xa593,
	0xa593, 0xa593, 0xa593, 0xa593, 0xa593, 0xa593, 0xa593, 0xa593, 0xa593, 0xa593, 0xa593, 0xa593,
	0xa593, 0xa593, 0xa593, 0xa593, 0xa593, 0xa593, 0xa593, 0xa593, 0xa593, 0xa593, 0xa593, 0xa593,
	0xa593, 0xa593, 0xa593, 0xa593, 0xa593, 0xa593, 0xa593, 0xa593, 0xa593, 0xa593, 0xa593, 0xa593,
	0xa593, 0xa593, 0xa593, 0xa593, 0xa593, 0xa593, 0xa593, 0xa593, 0xa593, 0xa593, 0xa593, 0xa593,
	0xa593, 0xa593, 0xa593, 0xa593, 0xa593, 0xa593, 0xa593, 0xa593, 0xa593, 0xa593, 0xa593, 0xa593,
	0xa593, 0xa593, 0xa593, 0xa593, 0xa593, 0xa593, 0xa593, 0xa593, 0xa593, 0xa593, 0xa593, 0x0000,
	0x738b, 0x738b, 0x738b, 0x738b, 0x738b, 0x738b, 0x738b, 0x738b, 0x738b, 0x738b, 0x738b, 0x738b,
	0x738b, 0x738b, 0x738b, 0x738b, 0x738b, 0x738b, 0x738b, 0x738b, 0x738b, 0x738b, 0x738b, 0x738b,
	0x738b, 0x738b, 0x738b, 0x738b, 0x738b, 0x738b, 0x738b, 0x738b, 0x738b, 0x738b, 0x738b, 0x738b,
	0x738b, 0x738b, 0x738b, 0x738b, 0x738b, 0x738b, 0x738b, 0x738b, 0x738b, 0x738b, 0x738b, 0x738b,
	0x738b, 0x738b, 0x738b, 0x738b, 0x738b, 0x738b, 0x738b, 0x738b, 0x738b, 0x738b, 0x738b, 0x738b,
	0x738b, 0x738b, 0x738b, 0x738b, 0x738b, 0x738b, 0x738b, 0x738b, 0x738b, 0x738b, 0x738b, 0x738b,
	0x738b, 0x738b, 0x738b, 0x738b, 0x738b, 0x738b, 0x738b, 0x738b, 0x738b, 0x738b, 0x738b, 0x738b,
	0x738b, 0x738b, 0x738b, 0x738b, 0x738b, 0x738b, 0x738b, 0x738b, 0x738b, 0x738b, 0x738b, 0x738b,
	0x738b, 0x738b, 0x738b, 0x738b, 0x738b, 0x738b, 0x738b, 0x738b, 0x738b, 0x738b, 0x738b, 0x738b,
	0x738b, 0x738b, 0x738b, 0x738b, 0x738b, 0x738b, 0x738b, 0x738b, 0x738b, 0x738b, 0x738b, 0x738b,
	0x738b, 0x738b, 0x738b, 0x738b, 0x738b, 0x738b, 0x738b, 0x738b, 0x0000, 0xa593, 0xa593, 0xa593,
	0xa593, 0xa593, 0xa593, 0xa593, 0xa593, 0xa593, 0xa593, 0xa593, 0xa593, 0xa593, 0xa593, 0xa593,
	0xa593, 0xa593, 0xa593, 0xa593, 0xa593, 0xa593, 0xa593, 0xa593, 0xa593, 0xa593, 0xa593, 0xa593,
	0xa593, 0xa593, 0xa593, 0xa593, 0xa593, 0xa593, 0xa593, 0xa593, 0xa593, 0xa593, 0xa593, 0xa593,
	0xa593, 0xa593, 0xa593, 0xa593, 0xa593, 0xa593, 0xa593, 0xa593, 0xa593, 0xa593, 0xa593, 0xa593,
	0xa593, 0xa593, 0xa593, 0xa593, 0xa593, 0xa593, 0xa593, 0xa593, 0xa593, 0xa593, 0xa593, 0xa593,
	0xa593, 0xa593, 0xa593, 0xa593, 0xa593, 0xa593, 0xa593, 0xa593, 0xa593, 0xa593, 0xa593, 0xa593,
	0xa593, 0xa593, 0xa593, 0xa593, 0xa593, 0xa593, 0xa593, 0xa593, 0xa593, 0xa593, 0xa593, 0xa593,
	0xa593, 0xa593, 0xa593, 0xa593, 0xa593, 0xa593, 0xa593, 0x0000, 0x738b, 0x738b, 0x738b, 0x738b,
	0x738b, 0x738b, 0x738b, 0x738b, 0x738b, 0x738b, 0x738b, 0x738b, 0x738b, 0x738b, 0x738b, 0x738b,
	0x738b, 0x738b, 0x738b, 0x738b, 0x738b, 0x738b, 0x738b, 0x738b, 0x738b, 0x738b, 0x738b, 0x738b,
	0x738b, 0x738b, 0x738b, 0x738b, 0x738b, 0x738b, 0x738b, 0x738b, 0x738b, 0x738b, 0x738b, 0x738b,
	0x738b, 0x738b, 0x738b, 0x738b, 0x738b, 0x738b, 0x738b, 0x738b, 0x738b, 0x738b, 0x738b, 0x738b,
	0x738b, 0x738b, 0x738b, 0x738b, 0x738b, 0x738b, 0x738b, 0x738b, 0x738b, 0x738b, 0x738b, 0x738b,
	0x738b, 0x738b, 0x738b, 0x738b, 0x738b, 0x738b, 0x738b, 0x738b, 0x738b, 0x738b, 0x738b, 0x738b,
	0x738b, 0x738b, 0x738b, 0x738b, 0x738b, 0x738b, 0x738b, 0x738b, 0x738b, 0x738b, 0x738b, 0x738b,
	0x738b, 0x738b, 0x738b, 0x738b, 0x738b, 0x738b, 0x738b, 0x738b, 0x738b, 0x738b, 0x738b, 0x738b,
	0x738b, 0x738b, 0x738b, 0x738b, 0x738b, 0x738b, 0x738b, 0x738b, 0x738b, 0x738b, 0x738b, 0x738b,
	0x738b, 0x738b, 0x738b, 0x738b, 0x738b, 0x738b, 0x738b, 0x738b, 0x738b, 0x738b, 0x738b, 0x738b,
	0x738b, 0x738b, 0x738b, 0x738b, 0x0000, 0xa593, 0xa593, 0xa593, 0xa593, 0xa593, 0xa593, 0xa593,
	0xa593, 0xa593, 0xa593, 0xa593, 0xa593, 0xa593, 0xa593, 0xa593, 0xa593, 0xa593, 0xa593, 0xa593,
	0x94d0, 0x94d0, 0x94d0, 0xa593, 0xa593, 0xa593, 0xa593, 0xa593, 0x94d0, 0x94d0, 0x94d0, 0xa593,
	0xa593, 0xa593, 0xa593, 0xa593, 0xa593, 0xa593, 0xa593, 0xa593, 0xa593, 0xa593, 0xa593, 0xa593,
	0xa593, 0xa593, 0xa593, 0xa593, 0xa593, 0xa593, 0xa593, 0xa593, 0xa593, 0xa593, 0xa593, 0xa593,
	0xa593, 0xa593, 0xa593, 0xa593, 0xa593, 0xa593, 0xa593, 0xa593, 0xa593, 0xa593, 0xa593, 0xa593,
	0xa593, 0xa593, 0xa593, 0xa593, 0xa593, 0xa593, 0xa593, 0xa593, 0x94d0, 0x94d0, 0x94d0, 0xa593,
	0xa593, 0xa593, 0xa593, 0xa593, 0xa593, 0xa593, 0xa593, 0xa593, 0xa593, 0xa593, 0xa593, 0xa593,
	0xa593, 0xa593, 0xa593, 0x0000, 0x738b, 0x738b, 0x738b, 0x738b, 0x738b, 0x738b, 0x738b, 0x738b,
	0x738b, 0x738b, 0x738b, 0x738b, 0x738b, 0x738b, 0x738b, 0x738b, 0x738b, 0x738b, 0x738b, 0x738b,
	0x738b, 0x738b, 0x738b, 0x738b, 0x738b, 0x738b, 0x738b, 0x738b, 0x738b, 0x738b, 0x738b, 0x738b,
	0x738b, 0x738b, 0x738b, 0x738b, 0x738b, 0x738b, 0x738b, 0x738b, 0x738b, 0x738b, 0x738b, 0x738b,
	0x738b, 0x738b, 0x738b, 0x738b, 0x738b, 0x738b, 0x738b, 0x738b, 0x738b, 0x738b, 0x738b, 0x738b,
	0x738b, 0x738b, 0x738b, 0x738b, 0x738b, 0x738b, 0x738b, 0x738b, 0x738b, 0x738b, 0x738b, 0x738b,
	0x738b, 0x738b, 0x738b, 0x738b, 0x738b, 0x738b, 0x738b, 0x738b, 0x738b, 0x738b, 0x738b, 0x738b,
	0x738b, 0x738b, 0x738b, 0x738b, 0x738b, 0x738b, 0x738b, 0x738b, 0x738b, 0x738b, 0x738b, 0x738b,
	0x738b, 0x738b, 0x738b, 0x738b, 0x738b, 0x738b, 0x738b, 0x738b, 0x738b, 0x738b, 0x738b, 0x738b,
	0x738b, 0x738b, 0x738b, 0x738b, 0x738b, 0x738b, 0x738b, 0x738b, 0x738b, 0x738b, 0x738b, 0x738b,
	0x738b, 0x738b, 0x738b, 0x738b, 0x738b, 0x738b, 0x738b, 0x738b, 0x738b, 0x738b, 0x738b, 0x738b,
	0x0000, 0xa593, 0xa593, 0xa593, 0xa593, 0xa593, 0xa593, 0xa593, 0xa593, 0xa593, 0xa593, 0xa593,
	0xa593, 0xa593, 0xa593, 0xa593, 0x94d0, 0xa593, 0xa593, 0xa593, 0xa593, 0x94d0, 0xa593, 0xa593,
	0x94d0, 0xa593, 0xa593, 0xa593, 0xa593, 0x94d0, 0xa593, 0xa593, 0xa593, 0xa593, 0xa593, 0xa593,
	0xa593, 0xa593, 0xa593, 0xa593, 0xa593, 0xa593, 0xa593, 0xa593, 0xa593, 0xa593, 0xa593, 0xa593,
	0xa593, 0xa593, 0xa593, 0xa593, 0xa593, 0xa593, 0xa593, 0xa593, 0xa593, 0xa593, 0xa593, 0xa593,
	0xa593, 0xa593, 0xa593, 0xa593, 0xa593, 0xa593, 0xa593, 0xa593, 0xa593, 0xa593, 0xa593, 0xa593,
	0x94d0, 0xa593, 0xa593, 0xa593, 0xa593, 0x94d0, 0xa593, 0xa593, 0xa593, 0xa593, 0xa593, 0xa593,
	0xa593, 0xa593, 0xa593, 0xa593, 0xa593, 0xa593, 0xa593, 0xa593, 0xa593, 0xa593, 0xa593, 0x0000,
	0x738b, 0x738b, 0x738b, 0x738b, 0x738b, 0x738b, 0x738b, 0x738b, 0x738b, 0x738b, 0x738b, 0x738b,
	0x738b, 0x738b, 0x738b, 0x738b, 0x738b, 0x738b, 0x738b, 0x738b, 0x738b, 0x738b, 0x738b, 0x738b,
	0x738b, 0x738b, 0x738b, 0x738b, 0x738b, 0x738b, 0x738b, 0x738b, 0x738b, 0x738b, 0x738b, 0x738b,
	0x738b, 0x738b, 0x738b, 0x738b, 0x738b, 0x738b, 0x738b, 0x738b, 0x738b, 0x738b, 0x738b, 0x738b,
	0x738b, 0x738b, 0x738b, 0x738b, 0x738b, 0x738b, 0x738b, 0x738b, 0x738b, 0x738b, 0x738b, 0x738b,
	0x738b, 0x738b, 0x738b, 0x738b, 0x738b, 0x738b, 0x738b, 0x738b, 0x738b, 0x738b, 0x738b, 0x738b,
	0x738b, 0x738b, 0x738b, 0x738b, 0x738b, 0x738b, 0x738b, 0x738b, 0x738b, 0x738b, 0x738b, 0x738b,
	0x738b, 0x738b, 0x738b, 0x738b, 0x738b, 0x738b, 0x738b, 0x738b, 0x738b, 0x738b, 0x738b, 0x738b,
	0x738b, 0x738b, 0x738b, 0x738b, 0x738b, 0x738b, 0x738b, 0x738b, 0x738b, 0x738b, 0x738b, 0x738b,
	0x738b, 0x738b, 0x738b, 0x738b, 0x738b, 0x738b, 0x738b, 0x738b, 0x738b, 0x738b, 0x738b, 0x738b,
	0x738b, 0x738b, 0x738b, 0x738b, 0x738b, 0x738b, 0x738b, 0x738b, 0x0000, 0xa593, 0xa593, 0xa593,
	0xa593, 0xa593, 0xa593, 0xa593, 0xa593, 0xa593, 0xa593, 0xa593, 0xa593, 0xa593, 0xa593, 0xa593,
	0xa593, 0xa593, 0xa593, 0x94d0, 0xa593, 0xa593, 0x94d0, 0x94d0, 0xa593, 0xa593, 0xa593, 0x94d0,
	0xa593, 0xa593, 0x94d0, 0x94d0, 0xa593, 0xa593, 0xa593, 0xa593, 0xa593, 0xa593, 0xa593, 0xa593,
	0xa593, 0xa593, 0xa593, 0xa593, 0xa593, 0xa593, 0xa593, 0xa593, 0xa593, 0xa593, 0xa593, 0xa593,
	0xa593, 0xa593, 0xa593, 0xa593, 0xa593, 0xa593, 0xa593, 0xa593, 0xa593, 0xa593, 0xa593, 0xa593,
	0xa593, 0xa593, 0xa593, 0xa593, 0xa593, 0xa593, 0xa593, 0xa593, 0xa593, 0xa593, 0xa593, 0x94d0,
	0xa593, 0xa593, 0x94d0, 0x94d0, 0xa593, 0xa593, 0xa593, 0xa593, 0xa593, 0xa593, 0xa593, 0xa593,
	0xa593, 0xa593, 0xa593, 0xa593, 0xa593, 0xa593, 0xa593, 0x0000, 0x738b, 0x738b, 0x738b, 0x738b,
	0x738b, 0x738b, 0x738b, 0x738b, 0x738b, 0x738b, 0x738b, 0x738b, 0x738b, 0x738b, 0x738b, 0x738b,
	0x738b, 0x738b, 0x738b, 0x738b, 0x738b, 0x738b, 0x738b, 0x738b, 0x738b, 0x738b, 0x738b, 0x738b,
	0x738b, 0x738b, 0x738b, 0x738b, 0x738b, 0x738b, 0x738b, 0x738b, 0x738b, 0x738b, 0x738b, 0x738b,
	0x738b, 0x738b, 0x738b, 0x738b, 0x738b, 0x738b, 0x738b, 0x738b, 0x738b, 0x738b, 0x738b, 0x738b,
	0x738b, 0x738b, 0x738b, 0x738b, 0x738b, 0x738b, 0x738b, 0x738b, 0x738b, 0x738b, 0x738b, 0x738b,
	0x738b, 0x738b, 0x738b, 0x738b, 0x738b, 0x738b, 0x738b, 0x738b, 0x738b, 0x738b, 0x738b, 0x738b,
	0x738b, 0x738b, 0x738b, 0x738b, 0x738b, 0x738b, 0x738b, 0x738b, 0x738b, 0x738b, 0x738b, 0x738b,
	0x738b, 0x738b, 0x738b, 0x738b, 0x738b, 0x738b, 0x738b, 0x738b, 0x738b, 0x738b, 0x738b, 0x738b,
	0x738b, 0x738b, 0x738b, 0x738b, 0x738b, 0x738b, 0x738b, 0x738b, 0x738b, 0x738b, 0x738b, 0x738b,
	0x738b, 0x738b, 0x738b, 0x738b, 0x738b, 0x738b, 0x738b, 0x738b, 0x738b, 0x738b, 0x738b, 0x738b,
	0x738b, 0x738b, 0x738b, 0x738b, 0x0000, 0xa593, 0xa593, 0xa593, 0xa593, 0xa593, 0xa593, 0xa593,
	0xa593, 0xa593, 0xa593, 0xa593, 0xa593, 0xa593, 0xa593, 0xa593, 0xa593, 0xa593, 0x94d0, 0xa593,
	0x94d0, 0x94d0, 0xa593, 0xa593, 0xa593, 0xa593, 0x94d0, 0xa593, 0x94d0, 0x94d0, 0xa593, 0xa593,
	0xa593, 0xa593, 0xa593, 0xa593, 0xa593, 0xa593, 0xa593, 0xa593, 0xa593, 0xa593, 0xa593, 0xa593,
	0xa593, 0xa593, 0xa593, 0xa593, 0xa593, 0xa593, 0xa593, 0xa593, 0xa593, 0xa593, 0xa593, 0xa593,
	0xa593, 0xa593, 0xa593, 0xa593, 0xa593, 0xa593, 0xa593, 0xa593, 0xa593, 0xa593, 0xa593, 0xa593,
	0xa593, 0xa593, 0xa593, 0xa593, 0xa593, 0xa593, 0x94d0, 0xa593, 0x94d0, 0x94d0, 0xa593, 0xa593,
	0xa593, 0xa593, 0xa593, 0xa593, 0xa593, 0xa593, 0xa593, 0xa593, 0xa593, 0xa593, 0xa593, 0xa593,
	0xa593, 0xa593, 0xa593, 0x0000, 0x738b, 0x738b, 0x738b, 0x738b, 0x738b, 0x738b, 0x738b, 0x738b,
	0x738b, 0x738b, 0x738b, 0x738b, 0x738b, 0x738b, 0x738b, 0x738b, 0x738b, 0x738b, 0x738b, 0x738b,
	0x738b, 0x738b, 0x738b, 0x738b, 0x738b, 0x738b, 0x738b, 0x738b, 0x738b, 0x738b, 0x738b, 0x738b,
	0x738b, 0x738b, 0x738b, 0x738b, 0x738b, 0x738b, 0x738b, 0x738b, 0x738b, 0x738b, 0x738b, 0x738b,
	0x738b, 0x738b, 0x738b, 0x738b, 0x738b, 0x738b, 0x738b, 0x738b, 0x738b, 0x738b, 0x738b, 0x738b,
	0x738b, 0x738b, 0x738b, 0x738b, 0x738b, 0x738b, 0x738b, 0x738b, 0x738b, 0x738b, 0x738b, 0x738b,
	0x738b, 0x738b, 0x738b, 0x738b, 0x738b, 0x738b, 0x738b, 0x738b, 0x738b, 0x738b, 0x738b, 0x738b,
	0x738b, 0x738b, 0x738b, 0x738b, 0x738b, 0x738b, 0x738b, 0x738b, 0x738b, 0x738b, 0x738b, 0x738b,
	0x738b, 0x738b, 0x738b, 0x738b, 0x738b, 0x738b, 0x738b, 0x738b, 0x738b, 0x738b, 0x738b, 0x738b,
	0x738b, 0x738b, 0x738b, 0x738b, 0x738b, 0x738b, 0x738b, 0x738b, 0x738b, 0x738b, 0x738b, 0x738b,
	0x738b, 0x738b, 0x738b, 0x738b, 0x738b, 0x738b, 0x738b, 0x738b, 0x738b, 0x738b, 0x738b, 0x738b,
	0x0000, 0xa593, 0xa593, 0xa593, 0xa593, 0xa593, 0xa593, 0xa593, 0xa593, 0xa593, 0xa593, 0xa593,
	0xa593, 0xa593, 0xa593, 0xa593, 0xa593, 0xa593, 0xa593, 0xa593, 0xa593, 0xa593, 0xa593, 0xa593,
	0xa593, 0xa593, 0xa593, 0xa593, 0xa593, 0xa593, 0xa593, 0xa593, 0xa593, 0xa593, 0xa593, 0xa593,
	0xa593, 0xa593, 0xa593, 0xa593, 0xa593, 0xa593, 0xa593, 0xa593, 0xa593, 0xa593, 0xa593, 0xa593,
	0xa593, 0xa593, 0xa593, 0xa593, 0xa593, 0xa593, 0xa593, 0xa593, 0xa593, 0xa593, 0xa593, 0xa593,
	0xa593, 0xa593, 0xa593, 0xa593, 0xa593, 0xa593, 0xa593, 0xa593, 0xa593, 0xa593, 0xa593, 0xa593,
	0xa593, 0xa593, 0xa593, 0xa593, 0xa593, 0xa593, 0xa593, 0xa593, 0xa593, 0xa593, 0xa593, 0xa593,
	0xa593, 0xa593, 0xa593, 0xa593, 0xa593, 0xa593, 0xa593, 0xa593, 0xa593, 0xa593, 0xa593, 0x0000,
	0x738b, 0x738b, 0x738b, 0x738b, 0x738b, 0x738b, 0x738b, 0x738b, 0x738b, 0x738b, 0x738b, 0x738b,
	0x738b, 0x738b, 0x738b, 0x738b, 0x738b, 0x738b, 0x738b, 0x738b, 0x738b, 0x738b, 0x738b, 0x738b,
	0x738b, 0x738b, 0x738b, 0x738b, 0x738b, 0x738b, 0x738b, 0x738b, 0x738b, 0x738b, 0x738b, 0x738b,
	0x738b, 0x738b, 0x738b, 0x738b, 0x738b, 0x738b, 0x738b, 0x738b, 0x738b, 0x738b, 0x738b, 0x738b,
	0x738b, 0x738b, 0x738b, 0x738b, 0x738b, 0x738b, 0x738b, 0x738b, 0x738b, 0x738b, 0x738b, 0x738b,
	0x738b, 0x738b, 0x738b, 0x738b, 0x738b, 0x738b, 0x738b, 0x738b, 0x738b, 0x738b, 0x738b, 0x738b,
	0x738b, 0x738b, 0x738b, 0x738b, 0x738b, 0x738b, 0x738b, 0x738b, 0x738b, 0x738b, 0x738b, 0x738b,
	0x738b, 0x738b, 0x738b, 0x738b, 0x738b, 0x738b, 0x738b, 0x738b, 0x738b, 0x738b, 0x738b, 0x738b,
	0x738b, 0x738b, 0x738b, 0x738b, 0x738b, 0x738b, 0x738b, 0x738b, 0x738b, 0x738b, 0x738b, 0x738b,
	0x738b, 0x738b, 0x738b, 0x738b, 0x738b, 0x738b, 0x738b, 0x738b, 0x738b, 0x738b, 0x738b, 0x738b,
	0x738b, 0x738b, 0x738b, 0x738b, 0x738b, 0x738b, 0x738b, 0x738b, 0x0000, 0xa593, 0xa593, 0xa593,
	0xa593, 0xa593, 0xa593, 0xa593, 0xa593, 0xa593, 0xa593, 0xa593, 0xa593, 0xa593, 0xa593, 0xa593,
	0xa593, 0xa593, 0xa593, 0xa593, 0xa593, 0xa593, 0xa593, 0xa593, 0xa593, 0xa593, 0xa593, 0xa593,
	0xa593, 0xa593, 0xa593, 0xa593, 0xa593, 0xa593, 0xa593, 0xa593, 0xa593, 0xa593, 0xa593, 0xa593,
	0xa593, 0xa593, 0xa593, 0xa593, 0xa593, 0xa593, 0xa593, 0xa593, 0xa593, 0xa593, 0xa593, 0xa593,
	0xa593, 0xa593, 0xa593, 0xa593, 0xa593, 0xa593, 0xa593, 0xa593, 0xa593, 0xa593, 0xa593, 0xa593,
	0xa593, 0xa593, 0xa593, 0xa593, 0xa593, 0xa593, 0xa593, 0xa593, 0xa593, 0xa593, 0xa593, 0xa593,
	0xa593, 0xa593, 0xa593, 0xa593, 0xa593, 0xa593, 0xa593, 0xa593, 0xa593, 0xa593, 0xa593, 0xa593,
	0xa593, 0xa593, 0xa593, 0xa593, 0xa593, 0xa593, 0xa593, 0x0000, 0x738b, 0x738b, 0x738b, 0x738b,
	0x738b, 0x738b, 0x738b, 0x738b, 0x738b, 0x738b, 0x738b, 0x738b, 0x738b, 0x738b, 0x738b, 0x738b,
	0x738b, 0x738b, 0x738b, 0x738b, 0x738b, 0x738b, 0x738b, 0x738b, 0x738b, 0x738b, 0x738b, 0x738b,
	0x738b, 0x738b, 0x738b, 0x738b, 0x738b, 0x738b, 0x738b, 0x738b, 0x738b, 0x738b, 0x738b, 0x738b,
	0x738b, 0x738b, 0x738b, 0x738b, 0x738b, 0x738b, 0x738b, 0x738b, 0x738b, 0x738b, 0x738b, 0x738b,
	0x738b, 0x738b, 0x738b, 0x738b, 0x738b, 0x738b, 0x738b, 0x738b, 0x738b, 0x738b, 0x738b, 0x738b,
	0x738b, 0x738b, 0x738b, 0x738b, 0x738b, 0x738b, 0x738b, 0x738b, 0x738b, 0x738b, 0x738b, 0x738b,
	0x738b, 0x738b, 0x738b, 0x738b, 0x738b, 0x738b, 0x738b, 0x738b, 0x738b, 0x738b, 0x738b, 0x738b,
	0x738b, 0x738b, 0x738b, 0x738b, 0x738b, 0x738b, 0x738b, 0x738b, 0x738b, 0x738b, 0x738b, 0x738b,
	0x738b, 0x738b, 0x738b, 0x738b, 0x738b, 0x738b, 0x738b, 0x738b, 0x738b, 0x738b, 0x738b, 0x738b,
	0x738b, 0x738b, 0x738b, 0x738b, 0x738b, 0x738b, 0x738b, 0x738b, 0x738b, 0x738b, 0x738b, 0x738b,
	0x738b, 0x738b, 0x738b, 0x738b, 0x0000, 0x7b8b, 0xa593, 0xa593, 0xa593, 0xa593, 0xa593, 0xa593,
	0xa593, 0xa593, 0xa593, 0xa593, 0xa593, 0xa593, 0xa593, 0xa593, 0xa593, 0xa593, 0xa593, 0xa593,
	0xa593, 0xa593, 0xa593, 0xa593, 0xa593, 0xa593, 0xa593, 0xa593, 0xa593, 0xa593, 0xa593, 0xa593,
	0xa593, 0xa593, 0xa593, 0xa593, 0xa593, 0xa593, 0xa593, 0xa593, 0xa593, 0xa593, 0xa593, 0xa593,
	0xa593, 0xa593, 0xa593, 0xa593, 0xa593, 0xa593, 0xa593, 0xa593, 0xa593, 0xa593, 0xa593, 0xa593,
	0xa593, 0xa593, 0xa593, 0xa593, 0xa593, 0xa593, 0xa593, 0xa593, 0xa593, 0xa593, 0xa593, 0xa593,
	0xa593, 0xa593, 0xa593, 0xa593, 0xa593, 0xa593, 0xa593, 0xa593, 0xa593, 0xa593, 0xa593, 0xa593,
	0xa593, 0xa593, 0xa593, 0xa593, 0xa593, 0xa593, 0xa593, 0xa593, 0xa593, 0xa593, 0xa593, 0xa593,
	0xa593, 0xa593, 0xa593, 0x0000, 0x738b, 0x738b, 0x738b, 0x738b, 0x738b, 0x738b, 0x738b, 0x738b,
	0x738b, 0x738b, 0x738b, 0x738b, 0x738b, 0x738b, 0x738b, 0x738b, 0x738b, 0x738b, 0x738b, 0x738b,
	0x738b, 0x738b, 0x738b, 0x738b, 0x738b, 0x738b, 0x738b, 0x738b, 0x738b, 0x738b, 0x738b, 0x738b,
	0x738b, 0x738b, 0x738b, 0x738b, 0x738b, 0x738b, 0x738b, 0x738b, 0x738b, 0x738b, 0x738b, 0x738b,
	0x738b, 0x738b, 0x738b, 0x738b, 0x738b, 0x738b, 0x738b, 0x738b, 0x738b, 0x738b, 0x738b, 0x738b,
	0x738b, 0x738b, 0x738b, 0x738b, 0x738b, 0x738b, 0x738b, 0x738b, 0x738b, 0x738b, 0x738b, 0x738b,
	0x738b, 0x738b, 0x738b, 0x738b, 0x738b, 0x738b, 0x738b, 0x738b, 0x738b, 0x738b, 0x738b, 0x738b,
	0x738b, 0x738b, 0x738b, 0x738b, 0x738b, 0x738b, 0x738b, 0x738b, 0x738b, 0x738b, 0x738b, 0x738b,
	0x738b, 0x738b, 0x738b, 0x738b, 0x738b, 0x738b, 0x738b, 0x738b, 0x738b, 0x738b, 0x738b, 0x738b,
	0x738b, 0x738b, 0x738b, 0x738b, 0x738b, 0x738b, 0x738b, 0x738b, 0x738b, 0x738b, 0x738b, 0x738b,
	0x738b, 0x738b, 0x738b, 0x738b, 0x738b, 0x738b, 0x738b, 0x738b, 0x738b, 0x738b, 0x738b, 0x738b,
	0x0000, 0x94d0, 0x7b8b, 0xa593, 0xa593, 0xa593, 0x94d0, 0xa593, 0xa593, 0xa593, 0xa593, 0xa593,
	0xa593, 0xa593, 0xa593, 0xa593, 0xa593, 0xa593, 0xa593, 0xa593, 0xa593, 0xa593, 0xa593, 0xa593,
	0xa593, 0xa593, 0xa593, 0xa593, 0xa593, 0xa593, 0xa593, 0xa593, 0xa593, 0xa593, 0xa593, 0xa593,
	0xa593, 0xa593, 0xa593, 0xa593, 0xa593, 0xa593, 0xa593, 0xa593, 0xa593, 0xa593, 0xa593, 0xa593,
	0xa593, 0xa593, 0xa593, 0xa593, 0xa593, 0xa593, 0xa593, 0xa593, 0xa593, 0xa593, 0xa593, 0xa593,
	0xa593, 0xa593, 0xa593, 0xa593, 0xa593, 0xa593, 0xa593, 0xa593, 0xa593, 0xa593, 0xa593, 0xa593,
	0xa593, 0xa593, 0xa593, 0xa593, 0xa593, 0xa593, 0xa593, 0xa593, 0xa593, 0xa593, 0xa593, 0xa593,
	0xa593, 0xa593, 0xa593, 0xa593, 0xa593, 0xa593, 0xa593, 0xa593, 0xa593, 0xa593, 0xa593, 0x0000,
	0x738b, 0x738b, 0x738b, 0x738b, 0x738b, 0x738b, 0x738b, 0x738b, 0x738b, 0x738b, 0x738b, 0x738b,
	0x738b, 0x738b, 0x738b, 0x738b, 0x738b, 0x738b, 0x738b, 0x738b, 0x738b, 0x738b, 0x738b, 0x738b,
	0x738b, 0x738b, 0x738b, 0x738b, 0x738b, 0x738b, 0x738b, 0x738b, 0x738b, 0x738b, 0x738b, 0x738b,
	0x738b, 0x738b, 0x738b, 0x738b, 0x738b, 0x738b, 0x738b, 0x738b, 0x738b, 0x738b, 0x738b, 0x738b,
	0x738b, 0x738b, 0x738b, 0x738b, 0x738b, 0x738b, 0x738b, 0x738b, 0x738b, 0x738b, 0x738b, 0x738b,
	0x738b, 0x738b, 0x738b, 0x738b, 0x738b, 0x738b, 0x738b, 0x738b, 0x738b, 0x738b, 0x738b, 0x738b,
	0x738b, 0x738b, 0x738b, 0x738b, 0x738b, 0x738b, 0x738b, 0x738b, 0x738b, 0x738b, 0x738b, 0x738b,
	0x738b, 0x738b, 0x738b, 0x738b, 0x738b, 0x738b, 0x738b, 0x738b, 0x738b, 0x738b, 0x738b, 0x738b,
	0x738b, 0x738b, 0x738b, 0x738b, 0x738b, 0x738b, 0x738b, 0x738b, 0x738b, 0x738b, 0x738b, 0x738b,
	0x738b, 0x738b, 0x738b, 0x738b, 0x738b, 0x738b, 0x738b, 0x738b, 0x738b, 0x738b, 0x738b, 0x738b,
	0x738b, 0x738b, 0x738b, 0x738b, 0x738b, 0x738b, 0x738b, 0x738b, 0x0000, 0x94d0, 0x7b8b, 0xa593,
	0x94d0, 0x840e, 0xa593, 0xa593, 0xa593, 0xa593, 0xa593, 0xa593, 0xa593, 0xa593, 0xa593, 0xa593,
	0xa593, 0xa593, 0xa593, 0xa593, 0xa593, 0xa593, 0xa593, 0xa593, 0xa593, 0xa593, 0xa593, 0xa593,
	0xa593, 0xa593, 0xa593, 0xa593, 0xa593, 0xa593, 0xa593, 0xa593, 0xa593, 0xa593, 0xa593, 0xa593,
	0xa593, 0xa593, 0xa593, 0xa593, 0xa593, 0xa593, 0xa593, 0xa593, 0xa593, 0xa593, 0xa593, 0xa593,
	0xa593, 0xa593, 0xa593, 0xa593, 0xa593, 0xa593, 0xa593, 0xa593, 0xa593, 0xa593, 0xa593, 0xa593,
	0xa593, 0xa593, 0xa593, 0xa593, 0xa593, 0xa593, 0xa593, 0xa593, 0xa593, 0xa593, 0xa593, 0xa593,
	0xa593, 0xa593, 0xa593, 0xa593, 0xa593, 0xa593, 0xa593, 0xa593, 0xa593, 0xa593, 0xa593, 0xa593,
	0xa593, 0xa593, 0xa593, 0xa593, 0xa593, 0xa593, 0xa593, 0x0000, 0x738b, 0x738b, 0x738b, 0x738b,
	0x738b, 0x738b, 0x738b, 0x738b, 0x738b, 0x738b, 0x738b, 0x738b, 0x738b, 0x738b, 0x738b, 0x738b,
	0x738b, 0x738b, 0x738b, 0x738b, 0x738b, 0x738b, 0x738b, 0x738b, 0x738b, 0x738b, 0x738b, 0x738b,
	0x738b, 0x738b, 0x738b, 0x738b, 0x738b, 0x738b, 0x738b, 0x738b, 0x738b, 0x738b, 0x738b, 0x738b,
	0x738b, 0x738b, 0x738b, 0x738b, 0x738b, 0x738b, 0x738b, 0x738b, 0x738b, 0x738b, 0x738b, 0x738b,
	0x738b, 0x738b, 0x738b, 0x738b, 0x738b, 0x738b, 0x738b, 0x738b, 0x738b, 0x738b, 0x738b, 0x738b,
	0x738b, 0x738b, 0x738b, 0x738b, 0x738b, 0x738b, 0x738b, 0x738b, 0x738b, 0x738b, 0x738b, 0x738b,
	0x738b, 0x738b, 0x738b, 0x738b, 0x738b, 0x738b, 0x738b, 0x738b, 0x738b, 0x738b, 0x738b, 0x738b,
	0x738b, 0x738b, 0x738b, 0x738b, 0x738b, 0x738b, 0x738b, 0x738b, 0x738b, 0x738b, 0x738b, 0x738b,
	0x738b, 0x738b, 0x738b, 0x738b, 0x738b, 0x738b, 0x738b, 0x738b, 0x738b, 0x738b, 0x738b, 0x738b,
	0x738b, 0x738b, 0x738b, 0x738b, 0x738b, 0x738b, 0x738b, 0x738b, 0x738b, 0x738b, 0x738b, 0x738b,
	0x738b, 0x738b, 0x738b, 0x738b, 0x0000, 0x94d0, 0x94d0, 0x7b8b, 0x7b8b, 0xa593, 0xa593, 0xa593,
	0xa593, 0xa593, 0xa593, 0xa593, 0xa593, 0xa593, 0xa593, 0xa593, 0xa593, 0xa593, 0xa593, 0xa593,
	0xa593, 0xa593, 0xa593, 0xa593, 0xa593, 0xa593, 0xa593, 0xa593, 0xa593, 0xa593, 0xa593, 0xa593,
	0xa593, 0xa593, 0xa593, 0xa593, 0xa593, 0xa593, 0xa593, 0xa593, 0xa593, 0xa593, 0xa593, 0xa593,
	0xa593, 0xa593, 0xa593, 0xa593, 0xa593, 0xa593, 0xa593, 0xa593, 0xa593, 0xa593, 0xa593, 0xa593,
	0xa593, 0xa593, 0xa593, 0xa593, 0xa593, 0xa593, 0xa593, 0xa593, 0xa593, 0xa593, 0xa593, 0xa593,
	0xa593, 0xa593, 0xa593, 0xa593, 0xa593, 0xa593, 0xa593, 0xa593, 0xa593, 0xa593, 0xa593, 0xa593,
	0xa593, 0xa593, 0xa593, 0xa593, 0xa593, 0xa593, 0xa593, 0xa593, 0xa593, 0xa593, 0xa593, 0xa593,
	0xa593, 0xa593, 0xa593, 0x0000, 0x738b, 0x738b, 0x738b, 0x738b, 0x738b, 0x738b, 0x738b, 0x738b,
	0x738b, 0x738b, 0x738b, 0x738b, 0x738b, 0x738b, 0x738b, 0x738b, 0x738b, 0x738b, 0x738b, 0x738b,
	0x738b, 0x738b, 0x738b, 0x738b, 0x738b, 0x738b, 0x738b, 0x738b, 0x738b, 0x738b, 0x738b, 0x738b,
	0x738b, 0x738b, 0x738b, 0x738b, 0x738b, 0x738b, 0x738b, 0x738b, 0x738b, 0x738b, 0x738b, 0x738b,
	0x738b, 0x738b, 0x738b, 0x738b, 0x738b, 0x738b, 0x738b, 0x738b, 0x738b, 0x738b, 0x738b, 0x738b,
	0x738b, 0x738b, 0x738b, 0x738b, 0x738b, 0x738b, 0x738b, 0x738b, 0x738b, 0x738b, 0x738b, 0x738b,
	0x738b, 0x738b, 0x738b, 0x738b, 0x738b, 0x738b, 0x738b, 0x738b, 0x738b, 0x738b, 0x738b, 0x738b,
	0x738b, 0x738b, 0x738b, 0x738b, 0x738b, 0x738b, 0x738b, 0x738b, 0x738b, 0x738b, 0x738b, 0x738b,
	0x738b, 0x738b, 0x738b, 0x738b, 0x738b, 0x738b, 0x738b, 0x738b, 0x738b, 0x738b, 0x738b, 0x738b,
	0x738b, 0x738b, 0x738b, 0x738b, 0x738b, 0x738b, 0x738b, 0x738b, 0x738b, 0x738b, 0x738b, 0x738b,
	0x738b, 0x738b, 0x738b, 0x738b, 0x738b, 0x738b, 0x738b, 0x738b, 0x738b, 0x738b, 0x738b, 0x738b,
	0x0000, 0x94d0, 0x94d0, 0x94d0, 0x7b8b, 0xa593, 0xa593, 0xa593, 0xa593, 0xa593, 0xa593, 0xa593,
	0xa593, 0xa593, 0xa593, 0xa593, 0xa593, 0xa593, 0xa593, 0xa593, 0xa593, 0xa593, 0xa593, 0xa593,
	0xa593, 0xa593, 0xa593, 0xa593, 0xa593, 0xa593, 0xa593, 0xa593, 0xa593, 0xa593, 0xa593, 0xa593,
	0xa593, 0xa593, 0xa593, 0xa593, 0xa593, 0xa593, 0xa593, 0xa593, 0xa593, 0xa593, 0xa593, 0xa593,
	0xa593, 0xa593, 0xa593, 0xa593, 0xa593, 0xa593, 0xa593, 0xa593, 0xa593, 0xa593, 0xa593, 0xa593,
	0xa593, 0xa593, 0xa593, 0xa593, 0xa593, 0xa593, 0xa593, 0xa593, 0xa593, 0xa593, 0xa593, 0xa593,
	0xa593, 0xa593, 0xa593, 0xa593, 0xa593, 0xa593, 0xa593, 0xa593, 0xa593, 0xa593, 0xa593, 0xa593,
	0xa593, 0xa593, 0xa593, 0xa593, 0xa593, 0xa593, 0xa593, 0xa593, 0xa593, 0xa593, 0xa593, 0x0000,
	0x738b, 0x738b, 0x738b, 0x738b, 0x738b, 0x738b, 0x738b, 0x738b, 0x738b, 0x738b, 0x738b, 0x738b,
	0x738b, 0x738b, 0x738b, 0x738b, 0x738b, 0x738b, 0x738b, 0x738b, 0x738b, 0x738b, 0x738b, 0x738b,
	0x738b, 0x738b, 0x738b, 0x738b, 0x738b, 0x738b, 0x738b, 0x738b, 0x738b, 0x738b, 0x738b, 0x738b,
	0x738b, 0x738b, 0x738b, 0x738b, 0x738b, 0x738b, 0x738b, 0x738b, 0x738b, 0x738b, 0x738b, 0x738b,
	0x738b, 0x738b, 0x738b, 0x738b, 0x738b, 0x738b, 0x738b, 0x738b, 0x738b, 0x738b, 0x738b, 0x738b,
	0x738b, 0x738b, 0x738b, 0x738b, 0x738b, 0x738b, 0x738b, 0x738b, 0x738b, 0x738b, 0x738b, 0x738b,
	0x738b, 0x738b, 0x738b, 0x738b, 0x738b, 0x738b, 0x738b, 0x738b, 0x738b, 0x738b, 0x738b, 0x738b,
	0x738b, 0x738b, 0x738b, 0x738b, 0x738b, 0x738b, 0x738b, 0x738b, 0x738b, 0x738b, 0x738b, 0x738b,
	0x738b, 0x738b, 0x738b, 0x738b, 0x738b, 0x738b, 0x738b, 0x738b, 0x738b, 0x738b, 0x738b, 0x738b,
	0x738b, 0x738b, 0x738b, 0x738b, 0x738b, 0x738b, 0x738b, 0x738b, 0x738b, 0x738b, 0x738b, 0x738b,
	0x738b, 0x738b, 0x738b, 0x738b, 0x738b, 0x738b, 0x738b, 0x738b, 0x0000, 0x94d0, 0x94d0, 0x94d0,
	0x94d0, 0x7b8b, 0xa593, 0xa593, 0xa593, 0xa593, 0xa593, 0xa593, 0xa593, 0xa593, 0xa593, 0xa593,
	0xa593, 0xa593, 0xa593, 0xa593, 0xa593, 0xa593, 0xa593, 0xa593, 0xa593, 0xa593, 0xa593, 0xa593,
	0xa593, 0xa593, 0xa593, 0xa593, 0xa593, 0xa593, 0xa593, 0xa593, 0xa593, 0xa593, 0xa593, 0xa593,
	0xa593, 0xa593, 0xa593, 0xa593, 0xa593, 0xa593, 0xa593, 0xa593, 0xa593, 0xa593, 0xa593, 0xa593,
	0xa593, 0xa593, 0xa593, 0xa593, 0xa593, 0xa593, 0xa593, 0xa593, 0xa593, 0xa593, 0xa593, 0xa593,
	0xa593, 0xa593, 0xa593, 0xa593, 0xa593, 0xa593, 0xa593, 0xa593, 0xa593, 0xa593, 0xa593, 0xa593,
	0xa593, 0xa593, 0xa593, 0xa593, 0xa593, 0xa593, 0xa593, 0xa593, 0xa593, 0xa593, 0xa593, 0xa593,
	0xa593, 0xa593, 0xa593, 0xa593, 0xa593, 0xa593, 0xa593, 0x0000, 0x738b, 0x738b, 0x738b, 0x738b,
	0x738b, 0x738b, 0x738b, 0x738b, 0x738b, 0x738b, 0x738b, 0x738b, 0x738b, 0x738b, 0x738b, 0x738b,
	0x738b, 0x738b, 0x738b, 0x738b, 0x738b, 0x738b, 0x738b, 0x738b, 0x738b, 0x738b, 0x738b, 0x738b,
	0x738b, 0x738b, 0x738b, 0x738b, 0x738b, 0x738b, 0x738b, 0x738b, 0x738b, 0x738b, 0x738b, 0x738b,
	0x738b, 0x738b, 0x738b, 0x738b, 0x738b, 0x738b, 0x738b, 0x738b, 0x738b, 0x738b, 0x738b, 0x738b,
	0x738b, 0x738b, 0x738b, 0x738b, 0x738b, 0x738b, 0x738b, 0x738b, 0x738b, 0x738b, 0x738b, 0x738b,
	0x738b, 0x738b, 0x738b, 0x738b, 0x738b, 0x738b, 0x738b, 0x738b, 0x738b, 0x738b, 0x738b, 0x738b,
	0x738b, 0x738b, 0x738b, 0x738b, 0x738b, 0x738b, 0x738b, 0x738b, 0x738b, 0x738b, 0x738b, 0x738b,
	0x738b, 0x738b, 0x738b, 0x738b, 0x738b, 0x738b, 0x738b, 0x738b, 0x738b, 0x738b, 0x738b, 0x738b,
	0x738b, 0x738b, 0x738b, 0x738b, 0x738b, 0x738b, 0x738b, 0x738b, 0x738b, 0x738b, 0x738b, 0x738b,
	0x738b, 0x738b, 0x738b, 0x738b, 0x738b, 0x738b, 0x738b, 0x738b, 0x738b, 0x738b, 0x738b, 0x738b,
	0x738b, 0x738b, 0x738b, 0x738b, 0x0000, 0xa593, 0x94d0, 0xa593, 0x7b8b, 0x840e, 0xa593, 0xa593,
	0xa593, 0xa593, 0xa593, 0xa593, 0xa593, 0xa593, 0xa593, 0xa593, 0xa593, 0xa593, 0xa593, 0xa593,
	0xa593, 0xa593, 0xa593, 0xa593, 0xa593, 0xa593, 0xa593, 0xa593, 0xa593, 0xa593, 0xa593, 0xa593,
	0xa593, 0xa593, 0xa593, 0xa593, 0xa593, 0xa593, 0xa593, 0xa593, 0xa593, 0xa593, 0xa593, 0xa593,
	0xa593, 0xa593, 0xa593, 0xa593, 0xa593, 0xa593, 0xa593, 0xa593, 0xa593, 0xa593, 0xa593, 0xa593,
	0xa593, 0xa593, 0xa593, 0xa593, 0xa593, 0xa593, 0xa593, 0xa593, 0xa593, 0xa593, 0xa593, 0xa593,
	0xa593, 0xa593, 0xa593, 0xa593, 0xa593, 0xa593, 0xa593, 0xa593, 0xa593, 0xa593, 0xa593, 0xa593,
	0xa593, 0xa593, 0xa593, 0xa593, 0xa593, 0xa593, 0xa593, 0xa593, 0xa593, 0xa593, 0xa593, 0xa593,
	0xa593, 0xa593, 0xa593, 0x0000, 0x738b, 0x738b, 0x738b, 0x738b, 0x738b, 0x738b, 0x738b, 0x738b,
	0x738b, 0x738b, 0x738b, 0x738b, 0x738b, 0x738b, 0x738b, 0x738b, 0x738b, 0x738b, 0x738b, 0x738b,
	0x738b, 0x738b, 0x738b, 0x738b, 0x738b, 0x738b, 0x738b, 0x738b, 0x738b, 0x738b, 0x738b, 0x738b,
	0x738b, 0x738b, 0x738b, 0x738b, 0x738b, 0x738b, 0x738b, 0x738b, 0x738b, 0x738b, 0x738b, 0x738b,
	0x738b, 0x738b, 0x738b, 0x738b, 0x738b, 0x738b, 0x738b, 0x738b, 0x738b, 0x738b, 0x738b, 0x738b,
	0x738b, 0x738b, 0x738b, 0x738b, 0x738b, 0x738b, 0x738b, 0x738b, 0x738b, 0x738b, 0x738b, 0x738b,
	0x738b, 0x738b, 0x738b, 0x738b, 0x738b, 0x738b, 0x738b, 0x738b, 0x738b, 0x738b, 0x738b, 0x738b,
	0x738b, 0x738b, 0x738b, 0x738b, 0x738b, 0x738b, 0x738b, 0x738b, 0x738b, 0x738b, 0x738b, 0x738b,
	0x738b, 0x738b, 0x738b, 0x738b, 0x738b, 0x738b, 0x738b, 0x738b, 0x738b, 0x738b, 0x738b, 0x738b,
	0x738b, 0x738b, 0x738b, 0x738b, 0x738b, 0x738b, 0x738b, 0x738b, 0x738b, 0x738b, 0x738b, 0x738b,
	0x738b, 0x738b, 0x738b, 0x738b, 0x738b, 0x738b, 0x738b, 0x738b, 0x738b, 0x738b, 0x738b, 0x738b,
	0x0000, 0x7b8b, 0x7b8b, 0x7b8b, 0xa593, 0xa593, 0xa593, 0xa593, 0xa593, 0xa593, 0xa593, 0xa593,
	0xa593, 0xa593, 0xa593, 0xa593, 0xa593, 0xa593, 0xa593, 0xa593, 0xa593, 0xa593, 0xa593, 0xa593,
	0xa593, 0xa593, 0xa593, 0xa593, 0xa593, 0xa593, 0xa593, 0xa593, 0xa593, 0xa593, 0xa593, 0xa593,
	0xa593, 0xa593, 0xa593, 0xa593, 0xa593, 0xa593, 0xa593, 0xa593, 0xa593, 0xa593, 0xa593, 0xa593,
	0xa593, 0xa593, 0xa593, 0xa593, 0xa593, 0xa593, 0xa593, 0xa593, 0xa593, 0xa593, 0xa593, 0xa593,
	0xa593, 0xa593, 0xa593, 0xa593, 0xa593, 0xa593, 0xa593, 0xa593, 0xa593, 0xa593, 0xa593, 0xa593,
	0xa593, 0xa593, 0xa593, 0xa593, 0xa593, 0xa593, 0xa593, 0xa593, 0xa593, 0xa593, 0xa593, 0xa593,
	0xa593, 0xa593, 0xa593, 0xa593, 0xa593, 0xa593, 0xa593, 0xa593, 0xa593, 0xa593, 0xa593, 0x0000,
	0x738b, 0x738b, 0x738b, 0x738b, 0x738b, 0x738b, 0x738b, 0x738b, 0x738b, 0x738b, 0x738b, 0x738b,
	0x738b, 0x738b, 0x738b, 0x738b, 0x738b, 0x738b, 0x738b, 0x738b, 0x738b, 0x738b, 0x738b, 0x738b,
	0x738b, 0x738b, 0x738b, 0x738b, 0x738b, 0x738b, 0x738b, 0x738b, 0x738b, 0x738b, 0x738b, 0x738b,
	0x738b, 0x738b, 0x738b, 0x738b, 0x738b, 0x738b, 0x738b, 0x738b, 0x738b, 0x738b, 0x738b, 0x738b,
	0x738b, 0x738b, 0x738b, 0x738b, 0x738b, 0x738b, 0x738b, 0x738b, 0x738b, 0x738b, 0x738b, 0x738b,
	0x738b, 0x738b, 0x738b, 0x738b, 0x738b, 0x738b, 0x738b, 0x738b, 0x738b, 0x738b, 0x738b, 0x738b,
	0x738b, 0x738b, 0x738b, 0x738b, 0x738b, 0x738b, 0x738b, 0x738b, 0x738b, 0x738b, 0x738b, 0x738b,
	0x738b, 0x738b, 0x738b, 0x738b, 0x738b, 0x738b, 0x738b, 0x738b, 0x738b, 0x738b, 0x738b, 0x738b,
	0x738b, 0x738b, 0x738b, 0x738b, 0x738b, 0x738b, 0x738b, 0x738b, 0x738b, 0x738b, 0x738b, 0x738b,
	0x738b, 0x738b, 0x738b, 0x738b, 0x738b, 0x738b, 0x738b, 0x738b, 0x738b, 0x738b, 0x738b, 0x738b,
	0x738b, 0x738b, 0x738b, 0x738b, 0x738b, 0x738b, 0x738b, 0x738b, 0x0000, 0xa593, 0xa593, 0xa593,
	0xa593, 0xa593, 0xa593, 0xa593, 0xa593, 0xa593, 0xa593, 0xa593, 0xa593, 0xa593, 0xa593, 0xa593,
	0xa593, 0xa593, 0xa593, 0xa593, 0xa593, 0xa593, 0xa593, 0xa593, 0xa593, 0xa593, 0xa593, 0xa593,
	0xa593, 0xa593, 0xa593, 0xa593, 0xa593, 0xa593, 0xa593, 0xa593, 0xa593, 0xa593, 0xa593, 0xa593,
	0xa593, 0xa593, 0xa593, 0xa593, 0xa593, 0xa593, 0xa593, 0xa593, 0xa593, 0xa593, 0xa593, 0xa593,
	0xa593, 0xa593, 0xa593, 0xa593, 0xa593, 0xa593, 0xa593, 0xa593, 0xa593, 0xa593, 0xa593, 0xa593,
	0xa593, 0xa593, 0xa593, 0xa593, 0xa593, 0xa593, 0xa593, 0xa593, 0xa593, 0xa593, 0xa593, 0xa593,
	0xa593, 0xa593, 0xa593, 0xa593, 0xa593, 0xa593, 0xa593, 0xa593, 0xa593, 0xa593, 0xa593, 0xa593,
	0xa593, 0xa593, 0xa593, 0xa593, 0xa593, 0xa593, 0xa593, 0x0000, 0x738b, 0x738b, 0x738b, 0x738b,
	0x738b, 0x738b, 0x738b, 0x738b, 0x738b, 0x738b, 0x738b, 0x738b, 0x738b, 0x738b, 0x738b, 0x738b,
	0x738b, 0x738b, 0x738b, 0x738b, 0x738b, 0x738b, 0x738b, 0x738b, 0x738b, 0x738b, 0x738b, 0x738b,
	0x738b, 0x738b, 0x738b, 0x738b, 0x738b, 0x738b, 0x738b, 0x738b, 0x738b, 0x738b, 0x738b, 0x738b,
	0x738b, 0x738b, 0x738b, 0x738b, 0x738b, 0x738b, 0x738b, 0x738b, 0x738b, 0x738b, 0x738b, 0x738b,
	0x738b, 0x738b, 0x738b, 0x738b, 0x738b, 0x738b, 0x738b, 0x738b, 0x738b, 0x738b, 0x738b, 0x738b,
	0x738b, 0x738b, 0x738b, 0x738b, 0x738b, 0x738b, 0x738b, 0x738b, 0x738b, 0x738b, 0x738b, 0x738b,
	0x738b, 0x738b, 0x738b, 0x738b, 0x738b, 0x738b, 0x738b, 0x738b, 0x738b, 0x738b, 0x738b, 0x738b,
	0x738b, 0x738b, 0x738b, 0x738b, 0x738b, 0x738b, 0x738b, 0x738b, 0x738b, 0x738b, 0x738b, 0x738b,
	0x738b, 0x738b, 0x738b, 0x738b, 0x738b, 0x738b, 0x738b, 0x738b, 0x738b, 0x738b, 0x738b, 0x738b,
	0x738b, 0x738b, 0x738b, 0x738b, 0x738b, 0x738b, 0x738b, 0x738b, 0x738b, 0x738b, 0x738b, 0x738b,
	0x738b, 0x738b, 0x738b, 0x738b, 0x0000, 0xa593, 0xa593, 0xa593, 0xa593, 0xa593, 0xa593, 0xa593,
	0xa593, 0xa593, 0xa593, 0xa593, 0xa593, 0xa593, 0xa593, 0xa593, 0xa593, 0xa593, 0xa593, 0xa593,
	0xa593, 0xa593, 0xa593, 0xa593, 0xa593, 0xa593, 0xa593, 0xa593, 0xa593, 0xa593, 0xa593, 0xa593,
	0xa593, 0xa593, 0xa593, 0xa593, 0xa593, 0xa593, 0xa593, 0xa593, 0xa593, 0xa593, 0xa593, 0xa593,
	0xa593, 0xa593, 0xa593, 0xa593, 0xa593, 0xa593, 0xa593, 0xa593, 0xa593, 0xa593, 0xa593, 0xa593,
	0xa593, 0xa593, 0xa593, 0xa593, 0xa593, 0xa593, 0xa593, 0xa593, 0xa593, 0xa593, 0xa593, 0xa593,
	0xa593, 0xa593, 0xa593, 0xa593, 0xa593, 0xa593, 0xa593, 0xa593, 0xa593, 0xa593, 0xa593, 0xa593,
	0xa593, 0xa593, 0xa593, 0xa593, 0xa593, 0xa593, 0xa593, 0xa593, 0xa593, 0xa593, 0xa593, 0xa593,
	0xa593, 0xa593, 0xa593, 0x0000, 0x738b, 0x738b, 0x738b, 0x738b, 0x738b, 0x738b, 0x738b, 0x738b,
	0x738b, 0x738b, 0x738b, 0x738b, 0x738b, 0x738b, 0x738b, 0x738b, 0x738b, 0x738b, 0x738b, 0x738b,
	0x738b, 0x738b, 0x738b, 0x738b, 0x738b, 0x738b, 0x738b, 0x738b, 0x738b, 0x738b, 0x738b, 0x738b,
	0x738b, 0x738b, 0x738b, 0x738b, 0x738b, 0x738b, 0x738b, 0x738b, 0x738b, 0x738b, 0x738b, 0x738b,
	0x738b, 0x738b, 0x738b, 0x738b, 0x738b, 0x738b, 0x738b, 0x738b, 0x738b, 0x738b, 0x738b, 0x738b,
	0x738b, 0x738b, 0x738b, 0x738b, 0x738b, 0x738b, 0x738b, 0x738b, 0x738b, 0x738b, 0x738b, 0x738b,
	0x738b, 0x738b, 0x738b, 0x738b, 0x738b, 0x738b, 0x738b, 0x738b, 0x738b, 0x738b, 0x738b, 0x738b,
	0x738b, 0x738b, 0x738b, 0x738b, 0x738b, 0x738b, 0x738b, 0x738b, 0x738b, 0x738b, 0x738b, 0x738b,
	0x738b, 0x738b, 0x738b, 0x738b, 0x738b, 0x738b, 0x738b, 0x738b, 0x738b, 0x738b, 0x738b, 0x738b,
	0x738b, 0x738b, 0x738b, 0x738b, 0x738b, 0x738b, 0x738b, 0x738b, 0x738b, 0x738b, 0x738b, 0x738b,
	0x738b, 0x738b, 0x738b, 0x738b, 0x738b, 0x738b, 0x738b, 0x738b, 0x738b, 0x738b, 0x738b, 0x738b,
	0x0000, 0xa593, 0xa593, 0xa593, 0xa593, 0xa593, 0xa593, 0xa593, 0xa593, 0xa593, 0xa593, 0xa593,
	0xa593, 0xa593, 0xa593, 0xa593, 0xa593, 0xa593, 0xa593, 0xa593, 0xa593, 0xa593, 0xa593, 0xa593,
	0xa593, 0xa593, 0xa593, 0xa593, 0xa593, 0xa593, 0xa593, 0xa593, 0xa593, 0xa593, 0xa593, 0xa593,
	0xa593, 0xa593, 0xa593, 0xa593, 0xa593, 0xa593, 0xa593, 0xa593, 0xa593, 0xa593, 0xa593, 0xa593,
	0xa593, 0xa593, 0xa593, 0xa593, 0xa593, 0xa593, 0xa593, 0xa593, 0xa593, 0xa593, 0xa593, 0xa593,
	0xa593, 0xa593, 0xa593, 0xa593, 0xa593, 0xa593, 0xa593, 0xa593, 0x94d0, 0x94d0, 0x94d0, 0xa593,
	0xa593, 0xa593, 0xa593, 0xa593, 0xa593, 0xa593, 0xa593, 0xa593, 0xa593, 0xa593, 0xa593, 0xa593,
	0xa593, 0xa593, 0xa593, 0xa593, 0xa593, 0xa593, 0xa593, 0xa593, 0xa593, 0xa593, 0xa593, 0x0000,
	0x738b, 0x738b, 0x738b, 0x738b, 0x738b, 0x738b, 0x738b, 0x738b, 0x738b, 0x738b, 0x738b, 0x738b,
	0x738b, 0x738b, 0x738b, 0x738b, 0x738b, 0x738b, 0x738b, 0x738b, 0x738b, 0x738b, 0x738b, 0x738b,
	0x738b, 0x738b, 0x738b, 0x738b, 0x738b, 0x738b, 0x738b, 0x738b, 0x738b, 0x738b, 0x738b, 0x738b,
	0x738b, 0x738b, 0x738b, 0x738b, 0x738b, 0x738b, 0x738b, 0x738b, 0x738b, 0x738b, 0x738b, 0x738b,
	0x738b, 0x738b, 0x738b, 0x738b, 0x738b, 0x738b, 0x738b, 0x738b, 0x738b, 0x738b, 0x738b, 0x738b,
	0x738b, 0x738b, 0x738b, 0x738b, 0x738b, 0x738b, 0x738b, 0x738b, 0x738b, 0x738b, 0x738b, 0x738b,
	0x738b, 0x738b, 0x738b, 0x738b, 0x738b, 0x738b, 0x738b, 0x738b, 0x738b, 0x738b, 0x738b, 0x738b,
	0x738b, 0x738b, 0x738b, 0x738b, 0x738b, 0x738b, 0x738b, 0x738b, 0x738b, 0x738b, 0x738b, 0x738b,
	0x738b, 0x738b, 0x738b, 0x738b, 0x738b, 0x738b, 0x738b, 0x738b, 0x738b, 0x738b, 0x738b, 0x738b,
	0x738b, 0x738b, 0x738b, 0x738b, 0x738b, 0x738b, 0x738b, 0x738b, 0x738b, 0x738b, 0x738b, 0x738b,
	0x738b, 0x738b, 0x738b, 0x738b, 0x738b, 0x738b, 0x738b, 0x738b, 0x0000, 0xa593, 0xa593, 0xa593,
	0xa593, 0xa593, 0xa593, 0xa593, 0xa593, 0xa593, 0xa593, 0xa593, 0xa593, 0xa593, 0xa593, 0xa593,
	0xa593, 0xa593, 0xa593, 0xa593, 0xa593, 0xa593, 0xa593, 0xa593, 0xa593, 0xa593, 0xa593, 0xa593,
	0xa593, 0xa593, 0xa593, 0xa593, 0xa593, 0xa593, 0xa593, 0xa593, 0xa593, 0xa593, 0xa593, 0xa593,
	0xa593, 0xa593, 0xa593, 0xa593, 0xa593, 0xa593, 0xa593, 0xa593, 0xa593, 0xa593, 0xa593, 0xa593,
	0xa593, 0xa593, 0xa593, 0xa593, 0xa593, 0xa593, 0xa593, 0xa593, 0xa593, 0xa593, 0xa593, 0xa593,
	0x94d0, 0xa593, 0xa593, 0xa593, 0xa593, 0x94d0, 0xa593, 0xa593, 0xa593, 0xa593, 0xa593, 0xa593,
	0xa593, 0xa593, 0xa593, 0xa593, 0xa593, 0xa593, 0xa593, 0xa593, 0xa593, 0xa593, 0xa593, 0xa593,
	0xa593, 0xa593, 0xa593, 0xa593, 0xa593, 0xa593, 0xa593, 0x0000, 0x738b, 0x738b, 0x738b, 0x738b,
	0x738b, 0x738b, 0x738b, 0x738b, 0x738b, 0x738b, 0x738b, 0x738b, 0x738b, 0x738b, 0x738b, 0x738b,
	0x738b, 0x738b, 0x738b, 0x738b, 0x738b, 0x738b, 0x738b, 0x738b, 0x738b, 0x738b, 0x738b, 0x738b,
	0x738b, 0x738b, 0x738b, 0x738b, 0x738b, 0x738b, 0x738b, 0x738b, 0x738b, 0x738b, 0x738b, 0x738b,
	0x738b, 0x738b, 0x738b, 0x738b, 0x738b, 0x738b, 0x738b, 0x738b, 0x738b, 0x738b, 0x738b, 0x738b,
	0x738b, 0x738b, 0x738b, 0x738b, 0x738b, 0x738b, 0x738b, 0x738b, 0x738b, 0x738b, 0x738b, 0x738b,
	0x738b, 0x738b, 0x738b, 0x738b, 0x738b, 0x738b, 0x738b, 0x738b, 0x738b, 0x738b, 0x738b, 0x738b,
	0x738b, 0x738b, 0x738b, 0x738b, 0x738b, 0x738b, 0x738b, 0x738b, 0x738b, 0x738b, 0x738b, 0x738b,
	0x738b, 0x738b, 0x738b, 0x738b, 0x738b, 0x738b, 0x738b, 0x738b, 0x738b, 0x738b, 0x738b, 0x738b,
	0x738b, 0x738b, 0x738b, 0x738b, 0x738b, 0x738b, 0x738b, 0x738b, 0x738b, 0x738b, 0x738b, 0x738b,
	0x738b, 0x738b, 0x738b, 0x738b, 0x738b, 0x738b, 0x738b, 0x738b, 0x738b, 0x738b, 0x738b, 0x738b,
	0x738b, 0x738b, 0x738b, 0x738b, 0x0000, 0xa593, 0xa593, 0xa593, 0xa593, 0xa593, 0xa593, 0xa593,
	0xa593, 0xa593, 0xa593, 0xa593, 0xa593, 0xa593, 0xa593, 0xa593, 0xa593, 0xa593, 0xa593, 0xa593,
	0xa593, 0xa593, 0xa593, 0xa593, 0xa593, 0xa593, 0xa593, 0xa593, 0xa593, 0xa593, 0xa593, 0xa593,
	0xa593, 0xa593, 0xa593, 0xa593, 0xa593, 0xa593, 0xa593, 0xa593, 0xa593, 0xa593, 0xa593, 0xa593,
	0xa593, 0xa593, 0xa593, 0xa593, 0xa593, 0xa593, 0xa593, 0xa593, 0xa593, 0xa593, 0xa593, 0xa593,
	0xa593, 0xa593, 0xa593, 0xa593, 0xa593, 0xa593, 0xa593, 0xa593, 0xa593, 0xa593, 0xa593, 0x94d0,
	0xa593, 0xa593, 0x94d0, 0x94d0, 0xa593, 0xa593, 0xa593, 0xa593, 0xa593, 0xa593, 0xa593, 0xa593,
	0xa593, 0xa593, 0xa593, 0xa593, 0xa593, 0xa593, 0xa593, 0xa593, 0xa593, 0xa593, 0xa593, 0xa593,
	0xa593, 0xa593, 0xa593, 0x0000, 0x738b, 0x738b, 0x738b, 0x738b, 0x738b, 0x738b, 0x738b, 0x738b,
	0x738b, 0x738b, 0x738b, 0x738b, 0x738b, 0x738b, 0x738b, 0x738b, 0x738b, 0x738b, 0x738b, 0x738b,
	0x738b, 0x738b, 0x738b, 0x738b, 0x738b, 0x738b, 0x738b, 0x738b, 0x738b, 0x738b, 0x738b, 0x738b,
	0x738b, 0x738b, 0x738b, 0x738b, 0x738b, 0x738b, 0x738b, 0x738b, 0x738b, 0x738b, 0x738b, 0x738b,
	0x738b, 0x738b, 0x738b, 0x738b, 0x738b, 0x738b, 0x738b, 0x738b, 0x738b, 0x738b, 0x738b, 0x738b,
	0x738b, 0x738b, 0x738b, 0x738b, 0x738b, 0x738b, 0x738b, 0x738b, 0x738b, 0x738b, 0x738b, 0x738b,
	0x738b, 0x738b, 0x738b, 0x738b, 0x738b, 0x738b, 0x738b, 0x738b, 0x738b, 0x738b, 0x738b, 0x738b,
	0x738b, 0x738b, 0x738b, 0x738b, 0x738b, 0x738b, 0x738b, 0x738b, 0x738b, 0x738b, 0x738b, 0x738b,
	0x738b, 0x738b, 0x738b, 0x738b, 0x738b, 0x738b, 0x738b, 0x738b, 0x738b, 0x738b, 0x738b, 0x738b,
	0x738b, 0x738b, 0x738b, 0x738b, 0x738b, 0x738b, 0x738b, 0x738b, 0x738b, 0x738b, 0x738b, 0x738b,
	0x738b, 0x738b, 0x738b, 0x738b, 0x738b, 0x738b, 0x738b, 0x738b, 0x738b, 0x738b, 0x738b, 0x738b,
	0x0000, 0xa593, 0xa593, 0xa593, 0xa593, 0xa593, 0xa593, 0xa593, 0xa593, 0xa593, 0xa593, 0xa593,
	0xa593, 0xa593, 0xa593, 0xa593, 0xa593, 0xa593, 0xa593, 0xa593, 0xa593, 0xa593, 0xa593, 0xa593,
	0xa593, 0xa593, 0xa593, 0xa593, 0xa593, 0xa593, 0xa593, 0xa593, 0xa593, 0xa593, 0xa593, 0xa593,
	0xa593, 0xa593, 0xa593, 0xa593, 0xa593, 0xa593, 0xa593, 0xa593, 0xa593, 0xa593, 0xa593, 0xa593,
	0xa593, 0xa593, 0xa593, 0xa593, 0xa593, 0xa593, 0xa593, 0xa593, 0xa593, 0xa593, 0xa593, 0xa593,
	0xa593, 0xa593, 0xa593, 0xa593, 0xa593, 0xa593, 0x94d0, 0xa593, 0x94d0, 0x94d0, 0xa593, 0xa593,
	0xa593, 0xa593, 0xa593, 0xa593, 0xa593, 0xa593, 0xa593, 0xa593, 0xa593, 0xa593, 0xa593, 0xa593,
	0xa593, 0xa593, 0xa593, 0xa593, 0xa593, 0xa593, 0xa593, 0xa593, 0xa593, 0xa593, 0xa593, 0x0000,
	0x738b, 0x738b, 0x738b, 0x738b, 0x738b, 0x738b, 0x738b, 0x738b, 0x738b, 0x738b, 0x738b, 0x738b,
	0x738b, 0x738b, 0x738b, 0x738b, 0x738b, 0x738b, 0x738b, 0x738b, 0x738b, 0x738b, 0x738b, 0x738b,
	0x738b, 0x738b, 0x738b, 0x738b, 0x738b, 0x738b, 0x738b, 0x738b, 0x738b, 0x738b, 0x738b, 0x738b,
	0x738b, 0x738b, 0x738b, 0x738b, 0x738b, 0x738b, 0x738b, 0x738b, 0x738b, 0x738b, 0x738b, 0x738b,
	0x738b, 0x738b, 0x738b, 0x738b, 0x738b, 0x738b, 0x738b, 0x738b, 0x738b, 0x738b, 0x738b, 0x738b,
	0x738b, 0x738b, 0x738b, 0x738b, 0x738b, 0x738b, 0x738b, 0x738b, 0x738b, 0x738b, 0x738b, 0x738b,
	0x738b, 0x738b, 0x738b, 0x738b, 0x738b, 0x738b, 0x738b, 0x738b, 0x738b, 0x738b, 0x738b, 0x738b,
	0x738b, 0x738b, 0x738b, 0x738b, 0x738b, 0x738b, 0x738b, 0x738b, 0x738b, 0x738b, 0x738b, 0x738b,
	0x738b, 0x738b, 0x738b, 0x738b, 0x738b, 0x738b, 0x738b, 0x738b, 0x738b, 0x738b, 0x738b, 0x738b,
	0x738b, 0x738b, 0x738b, 0x738b, 0x738b, 0x738b, 0x738b, 0x738b, 0x738b, 0x738b, 0x738b, 0x738b,
	0x738b, 0x738b, 0x738b, 0x738b, 0x738b, 0x738b, 0x738b, 0x738b, 0x0000, 0xa593, 0xa593, 0xa593,
	0xa593, 0xa593, 0xa593, 0xa593, 0xa593, 0xa593, 0xa593, 0xa593, 0xa593, 0xa593, 0xa593, 0xa593,
	0xa593, 0xa593, 0xa593, 0xa593, 0xa593, 0xa593, 0xa593, 0xa593, 0xa593, 0xa593, 0xa593, 0xa593,
	0xa593, 0xa593, 0xa593, 0xa593, 0xa593, 0xa593, 0xa593, 0xa593, 0xa593, 0xa593, 0xa593, 0xa593,
	0xa593, 0xa593, 0xa593, 0xa593, 0xa593, 0xa593, 0xa593, 0xa593, 0xa593, 0xa593, 0xa593, 0xa593,
	0xa593, 0xa593, 0xa593, 0xa593, 0xa593, 0xa593, 0xa593, 0xa593, 0xa593, 0xa593, 0xa593, 0xa593,
	0xa593, 0xa593, 0xa593, 0xa593, 0xa593, 0xa593, 0xa593, 0xa593, 0xa593, 0xa593, 0xa593, 0xa593,
	0xa593, 0xa593, 0xa593, 0xa593, 0xa593, 0xa593, 0xa593, 0xa593, 0xa593, 0xa593, 0xa593, 0xa593,
	0xa593, 0xa593, 0xa593, 0xa593, 0xa593, 0xa593, 0xa593, 0x0000, 0x738b, 0x738b, 0x738b, 0x738b,
	0x738b, 0x738b, 0x738b, 0x738b, 0x738b, 0x738b, 0x738b, 0x738b, 0x738b, 0x738b, 0x738b, 0x738b,
	0x738b, 0x738b, 0x738b, 0x738b, 0x738b, 0x738b, 0x738b, 0x738b, 0x738b, 0x738b, 0x738b, 0x738b,
	0x738b, 0x738b, 0x738b, 0x738b, 0x738b, 0x738b, 0x738b, 0x738b, 0x738b, 0x738b, 0x738b, 0x738b,
	0x738b, 0x738b, 0x738b, 0x738b, 0x738b, 0x738b, 0x738b, 0x738b, 0x738b, 0x738b, 0x738b, 0x738b,
	0x738b, 0x738b, 0x738b, 0x738b, 0x738b, 0x738b, 0x738b, 0x738b, 0x738b, 0x738b, 0x738b, 0x738b,
	0x738b, 0x738b, 0x738b, 0x738b, 0x738b, 0x738b, 0x738b, 0x738b, 0x738b, 0x738b, 0x738b, 0x738b,
	0x738b, 0x738b, 0x738b, 0x738b, 0x738b, 0x738b, 0x738b, 0x738b, 0x738b, 0x738b, 0x738b, 0x738b,
	0x738b, 0x738b, 0x738b, 0x738b, 0x738b, 0x738b, 0x738b, 0x738b, 0x738b, 0x738b, 0x738b, 0x738b,
	0x738b, 0x738b, 0x738b, 0x738b, 0x738b, 0x738b, 0x738b, 0x738b, 0x738b, 0x738b, 0x738b, 0x738b,
	0x738b, 0x738b, 0x738b, 0x738b, 0x738b, 0x738b, 0x738b, 0x738b, 0x738b, 0x738b, 0x738b, 0x738b,
	0x738b, 0x738b, 0x738b, 0x738b, 0x0000, 0xa593, 0xa593, 0xa593, 0xa593, 0xa593, 0xa593, 0xa593,
	0xa593, 0xa593, 0xa593, 0xa593, 0xa593, 0xa593, 0xa593, 0xa593, 0xa593, 0xa593, 0xa593, 0xa593,
	0xa593, 0xa593, 0xa593, 0xa593, 0xa593, 0xa593, 0xa593, 0xa593, 0xa593, 0xa593, 0xa593, 0xa593,
	0xa593, 0xa593, 0xa593, 0xa593, 0xa593, 0xa593, 0xa593, 0xa593, 0xa593, 0xa593, 0xa593, 0xa593,
	0xa593, 0xa593, 0xa593, 0xa593, 0xa593, 0xa593, 0xa593, 0xa593, 0xa593, 0xa593, 0xa593, 0xa593,
	0xa593, 0xa593, 0xa593, 0xa593, 0xa593, 0xa593, 0xa593, 0xa593, 0xa593, 0xa593, 0xa593, 0xa593,
	0xa593, 0xa593, 0xa593, 0xa593, 0xa593, 0xa593, 0xa593, 0xa593, 0xa593, 0xa593, 0xa593, 0xa593,
	0xa593, 0xa593, 0xa593, 0xa593, 0xa593, 0xa593, 0xa593, 0xa593, 0xa593, 0xa593, 0xa593, 0xa593,
	0xa593, 0xa593, 0xa593, 0x0000, 0x738b, 0x738b, 0x738b, 0x738b, 0x738b, 0x738b, 0x738b, 0x738b,
	0x738b, 0x738b, 0x738b, 0x738b, 0x738b, 0x738b, 0x738b, 0x738b, 0x738b, 0x738b, 0x738b, 0x738b,
	0x738b, 0x738b, 0x738b, 0x738b, 0x738b, 0x738b, 0x738b, 0x738b, 0x738b, 0x738b, 0x738b, 0x738b,
	0x738b, 0x738b, 0x738b, 0x738b, 0x738b, 0x738b, 0x738b, 0x738b, 0x738b, 0x738b, 0x738b, 0x738b,
	0x738b, 0x738b, 0x738b, 0x738b, 0x738b, 0x738b, 0x738b, 0x738b, 0x738b, 0x738b, 0x738b, 0x738b,
	0x738b, 0x738b, 0x738b, 0x738b, 0x738b, 0x738b, 0x738b, 0x738b, 0x738b, 0x738b, 0x738b, 0x738b,
	0x738b, 0x738b, 0x738b, 0x738b, 0x738b, 0x738b, 0x738b, 0x738b, 0x738b, 0x738b, 0x738b, 0x738b,
	0x738b, 0x738b, 0x738b, 0x738b, 0x738b, 0x738b, 0x738b, 0x738b, 0x738b, 0x738b, 0x738b, 0x738b,
	0x738b, 0x738b, 0x738b, 0x738b, 0x738b, 0x738b, 0x738b, 0x738b, 0x738b, 0x738b, 0x738b, 0x738b,
	0x738b, 0x738b, 0x738b, 0x738b, 0x738b, 0x738b, 0x738b, 0x738b, 0x738b, 0x738b, 0x738b, 0x738b,
	0x738b, 0x738b, 0x738b, 0x738b, 0x738b, 0x738b, 0x738b, 0x738b, 0x738b, 0x738b, 0x738b, 0x738b,
	0x0000, 0xa593, 0xa593, 0xa593, 0xa593, 0xa593, 0xa593, 0xa593, 0xa593, 0xa593, 0xa593, 0xa593,
	0xa593, 0xa593, 0xa593, 0xa593, 0xa593, 0xa593, 0xa593, 0xa593, 0xa593, 0xa593, 0xa593, 0xa593,
	0xa593, 0xa593, 0xa593, 0xa593, 0xa593, 0xa593, 0xa593, 0xa593, 0xa593, 0xa593, 0xa593, 0xa593,
	0xa593, 0xa593, 0xa593, 0xa593, 0xa593, 0xa593, 0xa593, 0xa593, 0xa593, 0xa593, 0xa593, 0xa593,
	0xa593, 0xa593, 0xa593, 0xa593, 0xa593, 0xa593, 0xa593, 0xa593, 0xa593, 0xa593, 0xa593, 0xa593,
	0xa593, 0xa593, 0xa593, 0xa593, 0xa593, 0xa593, 0xa593, 0xa593, 0xa593, 0xa593, 0xa593, 0xa593,
	0xa593, 0xa593, 0xa593, 0xa593, 0xa593, 0xa593, 0xa593, 0xa593, 0xa593, 0xa593, 0xa593, 0xa593,
	0xa593, 0xa593, 0xa593, 0xa593, 0xa593, 0xa593, 0xa593, 0xa593, 0xa593, 0xa593, 0xa593, 0x0000,
	0x738b, 0x738b, 0x738b, 0x738b, 0x738b, 0x738b, 0x738b, 0x738b, 0x738b, 0x738b, 0x738b, 0x738b,
	0x738b, 0x738b, 0x738b, 0x738b, 0x738b, 0x738b, 0x738b, 0x738b, 0x738b, 0x738b, 0x738b, 0x738b,
	0x738b, 0x738b, 0x738b, 0x738b, 0x738b, 0x738b, 0x738b, 0x738b, 0x738b, 0x738b, 0x738b, 0x738b,
	0x738b, 0x738b, 0x738b, 0x738b, 0x738b, 0x738b, 0x738b, 0x738b, 0x738b, 0x738b, 0x738b, 0x738b,
	0x738b, 0x738b, 0x738b, 0x738b, 0x738b, 0x738b, 0x738b, 0x738b, 0x738b, 0x738b, 0x738b, 0x738b,
	0x738b, 0x738b, 0x738b, 0x738b, 0x738b, 0x738b, 0x738b, 0x738b, 0x738b, 0x738b, 0x738b, 0x738b,
	0x738b, 0x738b, 0x738b, 0x738b, 0x738b, 0x738b, 0x738b, 0x738b, 0x738b, 0x738b, 0x738b, 0x738b,
	0x738b, 0x738b, 0x738b, 0x738b, 0x738b, 0x738b, 0x738b, 0x738b, 0x738b, 0x738b, 0x738b, 0x738b,
	0x738b, 0x738b, 0x738b, 0x738b, 0x738b, 0x738b, 0x738b, 0x738b, 0x738b, 0x738b, 0x738b, 0x738b,
	0x738b, 0x738b, 0x738b, 0x738b, 0x738b, 0x738b, 0x738b, 0x738b, 0x738b, 0x738b, 0x738b, 0x738b,
	0x738b, 0x738b, 0x738b, 0x738b, 0x738b, 0x738b, 0x738b, 0x738b, 0x0000, 0xa593, 0xa593, 0xa593,
	0xa593, 0xa593, 0xa593, 0xa593, 0xa593, 0xa593, 0xa593, 0xa593, 0xa593, 0xa593, 0xa593, 0xa593,
	0xa593, 0xa593, 0xa593, 0xa593, 0xa593, 0xa593, 0xa593, 0xa593, 0xa593, 0xa593, 0xa593, 0xa593,
	0xa593, 0xa593, 0xa593, 0xa593, 0xa593, 0xa593, 0xa593, 0xa593, 0xa593, 0xa593, 0xa593, 0xa593,
	0xa593, 0xa593, 0xa593, 0xa593, 0xa593, 0xa593, 0xa593, 0xa593, 0xa593, 0xa593, 0xa593, 0xa593,
	0xa593, 0xa593, 0xa593, 0xa593, 0xa593, 0xa593, 0xa593, 0xa593, 0xa593, 0xa593, 0xa593, 0xa593,
	0xa593, 0xa593, 0xa593, 0xa593, 0xa593, 0xa593, 0xa593, 0xa593, 0xa593, 0xa593, 0xa593, 0xa593,
	0xa593, 0xa593, 0xa593, 0xa593, 0xa593, 0xa593, 0xa593, 0xa593, 0xa593, 0xa593, 0xa593, 0xa593,
	0xa593, 0xa593, 0xa593, 0xa593, 0xa593, 0xa593, 0xa593, 0x0000, 0x738b, 0x738b, 0x738b, 0x738b,
	0x738b, 0x738b, 0x738b, 0x738b, 0x738b, 0x738b, 0x738b, 0x738b, 0x738b, 0x738b, 0x738b, 0x738b,
	0x738b, 0x738b, 0x738b, 0x738b, 0x738b, 0x738b, 0x738b, 0x738b, 0x738b, 0x738b, 0x738b, 0x738b,
	0x738b, 0x738b, 0x738b, 0x738b, 0x738b, 0x738b, 0x738b, 0x738b, 0x738b, 0x738b, 0x738b, 0x738b,
	0x738b, 0x738b, 0x738b, 0x738b, 0x738b, 0x738b, 0x738b, 0x738b, 0x738b, 0x738b, 0x738b, 0x738b,
	0x738b, 0x738b, 0x738b, 0x738b, 0x738b, 0x738b, 0x738b, 0x738b, 0x738b, 0x738b, 0x738b, 0x738b,
	0x738b, 0x738b, 0x738b, 0x738b, 0x738b, 0x738b, 0x738b, 0x738b, 0x738b, 0x738b, 0x738b, 0x738b,
	0x738b, 0x738b, 0x738b, 0x738b, 0x738b, 0x738b, 0x738b, 0x738b, 0x738b, 0x738b, 0x738b, 0x738b,
	0x738b, 0x738b, 0x738b, 0x738b, 0x738b, 0x738b, 0x738b, 0x738b, 0x738b, 0x738b, 0x738b, 0x738b,
	0x738b, 0x738b, 0x738b, 0x738b, 0x738b, 0x738b, 0x738b, 0x738b, 0x738b, 0x738b, 0x738b, 0x738b,
	0x738b, 0x738b, 0x738b, 0x738b, 0x738b, 0x738b, 0x738b, 0x738b, 0x738b, 0x738b, 0x738b, 0x738b,
	0x738b, 0x738b, 0x738b, 0x738b, 0x0000, 0xa593, 0xa593, 0xa593, 0xa593, 0xa593, 0xa593, 0xa593,
	0xa593, 0xa593, 0xa593, 0xa593, 0x94d0, 0x94d0, 0x94d0, 0xa593, 0xa593, 0xa593, 0xa593, 0xa593,
	0xa593, 0xa593, 0xa593, 0xa593, 0xa593, 0xa593, 0xa593, 0xa593, 0xa593, 0xa593, 0xa593, 0xa593,
	0xa593, 0xa593, 0xa593, 0xa593, 0xa593, 0xa593, 0xa593, 0xa593, 0xa593, 0xa593, 0xa593, 0xa593,
	0xa593, 0xa593, 0xa593, 0xa593, 0xa593, 0xa593, 0xa593, 0xa593, 0xa593, 0xa593, 0xa593, 0xa593,
	0xa593, 0xa593, 0xa593, 0xa593, 0xa593, 0xa593, 0xa593, 0xa593, 0xa593, 0xa593, 0xa593, 0xa593,
	0xa593, 0xa593, 0xa593, 0xa593, 0xa593, 0xa593, 0xa593, 0xa593, 0xa593, 0xa593, 0xa593, 0xa593,
	0xa593, 0xa593, 0xa593, 0xa593, 0xa593, 0xa593, 0xa593, 0xa593, 0xa593, 0xa593, 0xa593, 0xa593,
	0xa593, 0xa593, 0xa593, 0x0000, 0x738b, 0x738b, 0x738b, 0x738b, 0x738b, 0x738b, 0x738b, 0x738b,
	0x738b, 0x738b, 0x738b, 0x738b, 0x738b, 0x738b, 0x738b, 0x738b, 0x738b, 0x738b, 0x738b, 0x738b,
	0x738b, 0x738b, 0x738b, 0x738b, 0x738b, 0x738b, 0x738b, 0x738b, 0x738b, 0x738b, 0x738b, 0x738b,
	0x738b, 0x738b, 0x738b, 0x738b, 0x738b, 0x738b, 0x738b, 0x738b, 0x738b, 0x738b, 0x738b, 0x738b,
	0x738b, 0x738b, 0x738b, 0x738b, 0x738b, 0x738b, 0x738b, 0x738b, 0x738b, 0x738b, 0x738b, 0x738b,
	0x738b, 0x738b, 0x738b, 0x738b, 0x738b, 0x738b, 0x738b, 0x738b, 0x738b, 0x738b, 0x738b, 0x738b,
	0x738b, 0x738b, 0x738b, 0x738b, 0x738b, 0x738b, 0x738b, 0x738b, 0x738b, 0x738b, 0x738b, 0x738b,
	0x738b, 0x738b, 0x738b, 0x738b, 0x738b, 0x738b, 0x738b, 0x738b, 0x738b, 0x738b, 0x738b, 0x738b,
	0x738b, 0x738b, 0x738b, 0x738b, 0x738b, 0x738b, 0x738b, 0x738b, 0x738b, 0x738b, 0x738b, 0x738b,
	0x738b, 0x738b, 0x738b, 0x738b, 0x738b, 0x738b, 0x738b, 0x738b, 0x738b, 0x738b, 0x738b, 0x738b,
	0x738b, 0x738b, 0x738b, 0x738b, 0x738b, 0x738b, 0x738b, 0x738b, 0x738b, 0x738b, 0x738b, 0x738b,
	0x0000, 0xa593, 0xa593, 0xa593, 0xa593, 0xa593, 0xa593, 0xa593, 0x94d0, 0xa593, 0xa593, 0xa593,
	0xa593, 0x94d0, 0xa593, 0xa593, 0xa593, 0xa593, 0xa593, 0xa593, 0xa593, 0xa593, 0xa593, 0xa593,
	0xa593, 0xa593, 0xa593, 0xa593, 0xa593, 0xa593, 0xa593, 0xa593, 0xa593, 0xa593, 0xa593, 0xa593,
	0xa593, 0xa593, 0xa593, 0xa593, 0xa593, 0xa593, 0xa593, 0xa593, 0xa593, 0xa593, 0xa593, 0xa593,
	0xa593, 0xa593, 0xa593, 0xa593, 0xa593, 0xa593, 0xa593, 0xa593, 0xa593, 0xa593, 0xa593, 0xa593,
	0xa593, 0xa593, 0xa593, 0xa593, 0xa593, 0xa593, 0xa593, 0xa593, 0xa593, 0xa593, 0xa593, 0xa593,
	0xa593, 0xa593, 0xa593, 0xa593, 0xa593, 0xa593, 0xa593, 0xa593, 0xa593, 0xa593, 0xa593, 0xa593,
	0xa593, 0xa593, 0xa593, 0xa593, 0xa593, 0xa593, 0xa593, 0xa593, 0xa593, 0xa593, 0xa593, 0x0000,
	0x738b, 0x738b, 0x738b, 0x738b, 0x738b, 0x738b, 0x738b, 0x738b, 0x738b, 0x738b, 0x738b, 0x738b,
	0x738b, 0x738b, 0x738b, 0x738b, 0x738b, 0x738b, 0x738b, 0x738b, 0x738b, 0x738b, 0x738b, 0x738b,
	0x738b, 0x738b, 0x738b, 0x738b, 0x738b, 0x738b, 0x738b, 0x738b, 0x738b, 0x738b, 0x738b, 0x738b,
	0x738b, 0x738b, 0x738b, 0x738b, 0x738b, 0x738b, 0x738b, 0x738b, 0x738b, 0x738b, 0x738b, 0x738b,
	0x738b, 0x738b, 0x738b, 0x738b, 0x738b, 0x738b, 0x738b, 0x738b, 0x738b, 0x738b, 0x738b, 0x738b,
	0x738b, 0x738b, 0x738b, 0x738b, 0x738b, 0x738b, 0x738b, 0x738b, 0x738b, 0x738b, 0x738b, 0x738b,
	0x738b, 0x738b, 0x738b, 0x738b, 0x738b, 0x738b, 0x738b, 0x738b, 0x738b, 0x738b, 0x738b, 0x738b,
	0x738b, 0x738b, 0x738b, 0x738b, 0x738b, 0x738b, 0x738b, 0x738b, 0x738b, 0x738b, 0x738b, 0x738b,
	0x738b, 0x738b, 0x738b, 0x738b, 0x738b, 0x738b, 0x738b, 0x738b, 0x738b, 0x738b, 0x738b, 0x738b,
	0x738b, 0x738b, 0x738b, 0x738b, 0x738b, 0x738b, 0x738b, 0x738b, 0x738b, 0x738b, 0x738b, 0x738b,
	0x738b, 0x738b, 0x738b, 0x738b, 0x738b, 0x738b, 0x738b, 0x738b, 0x0000, 0xa593, 0xa593, 0xa593,
	0xa593, 0xa593, 0xa593, 0xa593, 0xa593, 0xa593, 0xa593, 0x94d0, 0xa593, 0xa593, 0x94d0, 0x94d0,
	0xa593, 0xa593, 0xa593, 0xa593, 0xa593, 0xa593, 0xa593, 0xa593, 0xa593, 0xa593, 0xa593, 0xa593,
	0xa593, 0xa593, 0xa593, 0xa593, 0xa593, 0xa593, 0xa593, 0xa593, 0xa593, 0xa593, 0xa593, 0xa593,
	0xa593, 0xa593, 0xa593, 0xa593, 0xa593, 0xa593, 0xa593, 0xa593, 0xa593, 0xa593, 0xa593, 0xa593,
	0xa593, 0xa593, 0xa593, 0xa593, 0xa593, 0xa593, 0xa593, 0xa593, 0xa593, 0xa593, 0xa593, 0xa593,
	0xa593, 0xa593, 0xa593, 0xa593, 0xa593, 0xa593, 0xa593, 0xa593, 0xa593, 0xa593, 0xa593, 0xa593,
	0xa593, 0xa593, 0xa593, 0xa593, 0xa593, 0xa593, 0xa593, 0xa593, 0xa593, 0xa593, 0xa593, 0xa593,
	0xa593, 0xa593, 0xa593, 0xa593, 0xa593, 0xa593, 0xa593, 0x0000, 0x738b, 0x738b, 0x738b, 0x738b,
	0x738b, 0x738b, 0x738b, 0x738b, 0x738b, 0x738b, 0x738b, 0x738b, 0x738b, 0x738b, 0x738b, 0x738b,
	0x738b, 0x738b, 0x738b, 0x738b, 0x738b, 0x738b, 0x738b, 0x738b, 0x738b, 0x738b, 0x738b, 0x738b,
	0x738b, 0x738b, 0x738b, 0x738b, 0x738b, 0x738b, 0x738b, 0x738b, 0x738b, 0x738b, 0x738b, 0x738b,
	0x738b, 0x738b, 0x738b, 0x738b, 0x738b, 0x738b, 0x738b, 0x738b, 0x738b, 0x738b, 0x738b, 0x738b,
	0x738b, 0x738b, 0x738b, 0x738b, 0x738b, 0x738b, 0x738b, 0x738b, 0x738b, 0x738b, 0x738b, 0x738b,
	0x738b, 0x738b, 0x738b, 0x738b, 0x738b, 0x738b, 0x738b, 0x738b, 0x738b, 0x738b, 0x738b, 0x738b,
	0x738b, 0x738b, 0x738b, 0x738b, 0x738b, 0x738b, 0x738b, 0x738b, 0x738b, 0x738b, 0x738b, 0x738b,
	0x738b, 0x738b, 0x738b, 0x738b, 0x738b, 0x738b, 0x738b, 0x738b, 0x738b, 0x738b, 0x738b, 0x738b,
	0x738b, 0x738b, 0x738b, 0x738b, 0x738b, 0x738b, 0x738b, 0x738b, 0x738b, 0x738b, 0x738b, 0x738b,
	0x738b, 0x738b, 0x738b, 0x738b, 0x738b, 0x738b, 0x738b, 0x738b, 0x738b, 0x738b, 0x738b, 0x738b,
	0x738b, 0x738b, 0x738b, 0x738b, 0x0000, 0xa593, 0xa593, 0xa593, 0xa593, 0xa593, 0xa593, 0xa593,
	0xa593, 0xa593, 0x94d0, 0xa593, 0x94d0, 0x94d0, 0xa593, 0xa593, 0xa593, 0xa593, 0xa593, 0xa593,
	0xa593, 0xa593, 0xa593, 0xa593, 0xa593, 0xa593, 0xa593, 0xa593, 0xa593, 0xa593, 0xa593, 0xa593,
	0xa593, 0xa593, 0xa593, 0xa593, 0xa593, 0xa593, 0xa593, 0xa593, 0xa593, 0xa593, 0xa593, 0xa593,
	0xa593, 0xa593, 0xa593, 0xa593, 0xa593, 0xa593, 0xa593, 0xa593, 0xa593, 0xa593, 0xa593, 0xa593,
	0xa593, 0xa593, 0xa593, 0xa593, 0xa593, 0xa593, 0xa593, 0xa593, 0xa593, 0xa593, 0xa593, 0xa593,
	0xa593, 0xa593, 0xa593, 0xa593, 0xa593, 0xa593, 0xa593, 0xa593, 0xa593, 0xa593, 0xa593, 0xa593,
	0xa593, 0xa593, 0xa593, 0xa593, 0xa593, 0xa593, 0xa593, 0xa593, 0xa593, 0xa593, 0xa593, 0xa593,
	0xa593, 0xa593, 0xa593, 0x0000, 0x738b, 0x738b, 0x738b, 0x738b, 0x738b, 0x738b, 0x738b, 0x738b,
	0x738b, 0x738b, 0x738b, 0x738b, 0x738b, 0x738b, 0x738b, 0x738b, 0x738b, 0x738b, 0x738b, 0x738b,
	0x738b, 0x738b, 0x738b, 0x738b, 0x738b, 0x738b, 0x738b, 0x738b, 0x738b, 0x738b, 0x738b, 0x738b,
	0x738b, 0x738b, 0x738b, 0x738b, 0x738b, 0x738b, 0x738b, 0x738b, 0x738b, 0x738b, 0x738b, 0x738b,
	0x738b, 0x738b, 0x738b, 0x738b, 0x738b, 0x738b, 0x738b, 0x738b, 0x738b, 0x738b, 0x738b, 0x738b,
	0x738b, 0x738b, 0x738b, 0x738b, 0x738b, 0x738b, 0x738b, 0x738b, 0x738b, 0x738b, 0x738b, 0x738b,
	0x738b, 0x738b, 0x738b, 0x738b, 0x738b, 0x738b, 0x738b, 0x738b, 0x738b, 0x738b, 0x738b, 0x738b,
	0x738b, 0x738b, 0x738b, 0x738b, 0x738b, 0x738b, 0x738b, 0x738b, 0x738b, 0x738b, 0x738b, 0x738b,
	0x738b, 0x738b, 0x738b, 0x738b, 0x738b, 0x738b, 0x738b, 0x738b, 0x738b, 0x738b, 0x738b, 0x738b,
	0x738b, 0x738b, 0x738b, 0x738b, 0x738b, 0x738b, 0x738b, 0x738b, 0x738b, 0x738b, 0x738b, 0x738b,
	0x738b, 0x738b, 0x738b, 0x738b, 0x738b, 0x738b, 0x738b, 0x738b, 0x738b, 0x738b, 0x738b, 0x738b,
	0x0000, 0xa593, 0xa593, 0xa593, 0xa593, 0xa593, 0xa593, 0xa593, 0xa593, 0xa593, 0xa593, 0xa593,
	0xa593, 0xa593, 0xa593, 0xa593, 0xa593, 0xa593, 0xa593, 0xa593, 0xa593, 0xa593, 0xa593, 0xa593,
	0xa593, 0xa593, 0xa593, 0xa593, 0xa593, 0xa593, 0xa593, 0xa593, 0xa593, 0xa593, 0xa593, 0xa593,
	0xa593, 0xa593, 0xa593, 0xa593, 0xa593, 0xa593, 0xa593, 0xa593, 0xa593, 0xa593, 0xa593, 0xa593,
	0xa593, 0xa593, 0xa593, 0xa593, 0xa593, 0xa593, 0xa593, 0xa593, 0xa593, 0xa593, 0xa593, 0xa593,
	0xa593, 0xa593, 0xa593, 0xa593, 0xa593, 0xa593, 0xa593, 0xa593, 0xa593, 0xa593, 0xa593, 0xa593,
	0xa593, 0xa593, 0xa593, 0xa593, 0xa593, 0xa593, 0xa593, 0xa593, 0xa593, 0xa593, 0xa593, 0xa593,
	0xa593, 0xa593, 0xa593, 0xa593, 0xa593, 0xa593, 0xa593, 0xa593, 0xa593, 0xa593, 0xa593, 0x0000,
	0x738b, 0x738b, 0x738b, 0x738b, 0x738b, 0x738b, 0x738b, 0x738b, 0x738b, 0x738b, 0x738b, 0x738b,
	0x738b, 0x738b, 0x738b, 0x738b, 0x738b, 0x738b, 0x738b, 0x738b, 0x738b, 0x738b, 0x738b, 0x738b,
	0x738b, 0x738b, 0x738b, 0x738b, 0x738b, 0x738b, 0x738b, 0x738b, 0x738b, 0x738b, 0x738b, 0x738b,
	0x738b, 0x738b, 0x738b, 0x738b, 0x738b, 0x738b, 0x738b, 0x738b, 0x738b, 0x738b, 0x738b, 0x738b,
	0x738b, 0x738b, 0x738b, 0x738b, 0x738b, 0x738b, 0x738b, 0x738b, 0x738b, 0x738b, 0x738b, 0x738b,
	0x738b, 0x738b, 0x738b, 0x738b, 0x738b, 0x738b, 0x738b, 0x738b, 0x738b, 0x738b, 0x738b, 0x738b,
	0x738b, 0x738b, 0x738b, 0x738b, 0x738b, 0x738b, 0x738b, 0x738b, 0x738b, 0x738b, 0x738b, 0x738b,
	0x738b, 0x738b, 0x738b, 0x738b, 0x738b, 0x738b, 0x738b, 0x738b, 0x738b, 0x738b, 0x738b, 0x738b,
	0x738b, 0x738b, 0x738b, 0x738b, 0x738b, 0x738b, 0x738b, 0x738b, 0x738b, 0x738b, 0x738b, 0x738b,
	0x738b, 0x738b, 0x738b, 0x738b, 0x738b, 0x738b, 0x738b, 0x738b, 0x738b, 0x738b, 0x738b, 0x738b,
	0x738b, 0x738b, 0x738b, 0x738b, 0x738b, 0x738b, 0x738b, 0x738b, 0x0000, 0xa593, 0xa593, 0xa593,
	0xa593, 0xa593, 0xa593, 0xa593, 0xa593, 0xa593, 0xa593, 0xa593, 0xa593, 0xa593, 0xa593, 0xa593,
	0xa593, 0xa593, 0xa593, 0xa593, 0xa593, 0xa593, 0xa593, 0xa593, 0xa593, 0xa593, 0xa593, 0xa593,
	0xa593, 0xa593, 0xa593, 0xa593, 0xa593, 0xa593, 0xa593, 0xa593, 0xa593, 0xa593, 0xa593, 0xa593,
	0xa593, 0xa593, 0xa593, 0xa593, 0xa593, 0xa593, 0xa593, 0xa593, 0xa593, 0xa593, 0xa593, 0xa593,
	0xa593, 0xa593, 0xa593, 0xa593, 0xa593, 0xa593, 0xa593, 0xa593, 0xa593, 0xa593, 0xa593, 0xa593,
	0xa593, 0xa593, 0xa593, 0xa593, 0xa593, 0xa593, 0xa593, 0xa593, 0xa593, 0xa593, 0xa593, 0xa593,
	0xa593, 0xa593, 0xa593, 0xa593, 0xa593, 0xa593, 0xa593, 0xa593, 0xa593, 0xa593, 0xa593, 0xa593,
	0xa593, 0xa593, 0xa593, 0xa593, 0xa593, 0xa593, 0xa593, 0x0000, 0x738b, 0x738b, 0x738b, 0x738b,
	0x738b, 0x738b, 0x738b, 0x738b, 0x738b, 0x738b, 0x738b, 0x738b, 0x738b, 0x738b, 0x738b, 0x738b,
	0x738b, 0x738b, 0x738b, 0x738b, 0x738b, 0x738b, 0x738b, 0x738b, 0x738b, 0x738b, 0x738b, 0x738b,
	0x738b, 0x738b, 0x738b, 0x738b, 0x738b, 0x738b, 0x738b, 0x738b, 0x738b, 0x738b, 0x738b, 0x738b,
	0x738b, 0x738b, 0x738b, 0x738b, 0x738b, 0x738b, 0x738b, 0x738b, 0x738b, 0x738b, 0x738b, 0x738b,
	0x738b, 0x738b, 0x738b, 0x738b, 0x738b, 0x738b, 0x738b, 0x738b, 0x738b, 0x738b, 0x738b, 0x738b,
	0x738b, 0x738b, 0x738b, 0x738b, 0x738b, 0x738b, 0x738b, 0x738b, 0x738b, 0x738b, 0x738b, 0x738b,
	0x738b, 0x738b, 0x738b, 0x738b, 0x738b, 0x738b, 0x738b, 0x738b, 0x738b, 0x738b, 0x738b, 0x738b,
	0x738b, 0x738b, 0x738b, 0x738b, 0x738b, 0x738b, 0x738b, 0x738b, 0x738b, 0x738b, 0x738b, 0x738b,
	0x738b, 0x738b, 0x738b, 0x738b, 0x738b, 0x738b, 0x738b, 0x738b, 0x738b, 0x738b, 0x738b, 0x738b,
	0x738b, 0x738b, 0x738b, 0x738b, 0x738b, 0x738b, 0x738b, 0x738b, 0x738b, 0x738b, 0x738b, 0x738b,
	0x738b, 0x738b, 0x738b, 0x738b, 0x0000, 0xa593, 0xa593, 0xa593, 0xa593, 0xa593, 0xa593, 0xa593,
	0xa593, 0xa593, 0xa593, 0xa593, 0xa593, 0xa593, 0xa593, 0xa593, 0xa593, 0xa593, 0xa593, 0xa593,
	0xa593, 0xa593, 0xa593, 0xa593, 0xa593, 0xa593, 0xa593, 0xa593, 0xa593, 0xa593, 0xa593, 0xa593,
	0xa593, 0xa593, 0xa593, 0xa593, 0xa593, 0xa593, 0xa593, 0xa593, 0xa593, 0xa593, 0xa593, 0xa593,
	0xa593, 0xa593, 0xa593, 0xa593, 0xa593, 0xa593, 0xa593, 0xa593, 0xa593, 0xa593, 0xa593, 0xa593,
	0xa593, 0xa593, 0xa593, 0xa593, 0xa593, 0xa593, 0xa593, 0xa593, 0xa593, 0xa593, 0xa593, 0xa593,
	0xa593, 0xa593, 0xa593, 0xa593, 0xa593, 0xa593, 0xa593, 0xa593, 0xa593, 0xa593, 0xa593, 0xa593,
	0xa593, 0xa593, 0xa593, 0xa593, 0xa593, 0xa593, 0xa593, 0xa593, 0xa593, 0xa593, 0xa593, 0xa593,
	0xa593, 0xa593, 0x7b8b, 0x0000, 0x738b, 0x738b, 0x738b, 0x738b, 0x738b, 0x738b, 0x738b, 0x738b,
	0x738b, 0x738b, 0x738b, 0x738b, 0x738b, 0x738b, 0x738b, 0x738b, 0x738b, 0x738b, 0x738b, 0x738b,
	0x738b, 0x738b, 0x738b, 0x738b, 0x738b, 0x738b, 0x738b, 0x738b, 0x738b, 0x738b, 0x738b, 0x738b,
	0x738b, 0x738b, 0x738b, 0x738b, 0x738b, 0x738b, 0x738b, 0x738b, 0x738b, 0x738b, 0x738b, 0x738b,
	0x738b, 0x738b, 0x738b, 0x738b, 0x738b, 0x738b, 0x738b, 0x738b, 0x738b, 0x738b, 0x738b, 0x738b,
	0x738b, 0x738b, 0x738b, 0x738b, 0x738b, 0x738b, 0x738b, 0x738b, 0x738b, 0x738b, 0x738b, 0x738b,
	0x738b, 0x738b, 0x738b, 0x738b, 0x738b, 0x738b, 0x738b, 0x738b, 0x738b, 0x738b, 0x738b, 0x738b,
	0x738b, 0x738b, 0x738b, 0x738b, 0x738b, 0x738b, 0x738b, 0x738b, 0x738b, 0x738b, 0x738b, 0x738b,
	0x738b, 0x738b, 0x738b, 0x738b, 0x738b, 0x738b, 0x738b, 0x738b, 0x738b, 0x738b, 0x738b, 0x738b,
	0x738b, 0x738b, 0x738b, 0x738b, 0x738b, 0x738b, 0x738b, 0x738b, 0x738b, 0x738b, 0x738b, 0x738b,
	0x738b, 0x738b, 0x738b, 0x738b, 0x738b, 0x738b, 0x738b, 0x738b, 0x738b, 0x738b, 0x738b, 0x738b,
	0x0000, 0xa593, 0xa593, 0xa593, 0xa593, 0xa593, 0xa593, 0xa593, 0xa593, 0xa593, 0xa593, 0xa593,
	0xa593, 0xa593, 0xa593, 0xa593, 0xa593, 0xa593, 0xa593, 0xa593, 0xa593, 0xa593, 0xa593, 0xa593,
	0xa593, 0xa593, 0xa593, 0xa593, 0xa593, 0xa593, 0xa593, 0xa593, 0xa593, 0xa593, 0xa593, 0xa593,
	0xa593, 0xa593, 0xa593, 0xa593, 0xa593, 0xa593, 0xa593, 0xa593, 0xa593, 0xa593, 0xa593, 0xa593,
	0xa593, 0xa593, 0xa593, 0xa593, 0xa593, 0xa593, 0xa593, 0xa593, 0xa593, 0xa593, 0xa593, 0xa593,
	0xa593, 0xa593, 0xa593, 0xa593, 0xa593, 0xa593, 0xa593, 0xa593, 0xa593, 0xa593, 0xa593, 0xa593,
	0xa593, 0xa593, 0xa593, 0xa593, 0xa593, 0x7b8b, 0xa593, 0xa593, 0xa593, 0xa593, 0xa593, 0xa593,
	0xa593, 0xa593, 0xa593, 0xa593, 0xa593, 0x94d0, 0xa593, 0xa593, 0xa593, 0x7b8b, 0x94d0, 0x0000,
	0x738b, 0x738b, 0x738b, 0x738b, 0x738b, 0x738b, 0x738b, 0x738b, 0x738b, 0x738b, 0x738b, 0x738b,
	0x738b, 0x738b, 0x738b, 0x738b, 0x738b, 0x738b, 0x738b, 0x738b, 0x738b, 0x738b, 0x738b, 0x738b,
	0x738b, 0x738b, 0x738b, 0x738b, 0x738b, 0x738b, 0x738b, 0x738b, 0x738b, 0x738b, 0x738b, 0x738b,
	0x738b, 0x738b, 0x738b, 0x738b, 0x738b, 0x738b, 0x738b, 0x738b, 0x738b, 0x738b, 0x738b, 0x738b,
	0x738b, 0x738b, 0x738b, 0x738b, 0x738b, 0x738b, 0x738b, 0x738b, 0x738b, 0x738b, 0x738b, 0x738b,
	0x738b, 0x738b, 0x738b, 0x738b, 0x738b, 0x738b, 0x738b, 0x738b, 0x738b, 0x738b, 0x738b, 0x738b,
	0x738b, 0x738b, 0x738b, 0x738b, 0x738b, 0x738b, 0x738b, 0x738b, 0x738b, 0x738b, 0x738b, 0x738b,
	0x738b, 0x738b, 0x738b, 0x738b, 0x738b, 0x738b, 0x738b, 0x738b, 0x738b, 0x738b, 0x738b, 0x738b,
	0x738b, 0x738b, 0x738b, 0x738b, 0x738b, 0x738b, 0x738b, 0x738b, 0x738b, 0x738b, 0x738b, 0x738b,
	0x738b, 0x738b, 0x738b, 0x738b, 0x738b, 0x738b, 0x738b, 0x738b, 0x738b, 0x738b, 0x738b, 0x738b,
	0x738b, 0x738b, 0x738b, 0x738b, 0x738b, 0x738b, 0x738b, 0x738b, 0x0000, 0xa593, 0xa593, 0xa593,
	0xa593, 0xa593, 0xa593, 0xa593, 0xa593, 0xa593, 0xa593, 0xa593, 0xa593, 0xa593, 0xa593, 0xa593,
	0xa593, 0xa593, 0xa593, 0xa593, 0xa593, 0xa593, 0xa593, 0xa593, 0xa593, 0xa593, 0xa593, 0xa593,
	0xa593, 0xa593, 0xa593, 0xa593, 0xa593, 0xa593, 0xa593, 0xa593, 0xa593, 0xa593, 0xa593, 0xa593,
	0xa593, 0xa593, 0xa593, 0xa593, 0xa593, 0xa593, 0xa593, 0xa593, 0xa593, 0xa593, 0xa593, 0xa593,
	0xa593, 0xa593, 0xa593, 0xa593, 0xa593, 0xa593, 0xa593, 0xa593, 0xa593, 0xa593, 0xa593, 0xa593,
	0xa593, 0xa593, 0xa593, 0xa593, 0xa593, 0xa593, 0xa593, 0xa593, 0xa593, 0xa593, 0xa593, 0xa593,
	0xa593, 0xa593, 0x7b8b, 0xa593, 0xa593, 0xa593, 0x7b8b, 0xa593, 0xa593, 0xa593, 0xa593, 0xa593,
	0xa593, 0xa593, 0x840e, 0x94d0, 0xa593, 0x7b8b, 0x94d0, 0x0000, 0x738b, 0x738b, 0x738b, 0x738b,
	0x738b, 0x738b, 0x738b, 0x738b, 0x738b, 0x738b, 0x738b, 0x738b, 0x738b, 0x738b, 0x738b, 0x738b,
	0x738b, 0x738b, 0x738b, 0x738b, 0x738b, 0x738b, 0x738b, 0x738b, 0x738b, 0x738b, 0x738b, 0x738b,
	0x738b, 0x738b, 0x738b, 0x738b, 0x738b, 0x738b, 0x738b, 0x738b, 0x738b, 0x738b, 0x738b, 0x738b,
	0x738b, 0x738b, 0x738b, 0x738b, 0x738b, 0x738b, 0x738b, 0x738b, 0x738b, 0x738b, 0x738b, 0x738b,
	0x738b, 0x738b, 0x738b, 0x738b, 0x738b, 0x738b, 0x738b, 0x738b, 0x738b, 0x738b, 0x738b, 0x738b,
	0x738b, 0x738b, 0x738b, 0x738b, 0x738b, 0x738b, 0x738b, 0x738b, 0x738b, 0x738b, 0x738b, 0x738b,
	0x738b, 0x738b, 0x738b, 0x738b, 0x738b, 0x738b, 0x738b, 0x738b, 0x738b, 0x738b, 0x738b, 0x738b,
	0x738b, 0x738b, 0x738b, 0x738b, 0x738b, 0x738b, 0x738b, 0x738b, 0x738b, 0x738b, 0x738b, 0x738b,
	0x738b, 0x738b, 0x738b, 0x738b, 0x738b, 0x738b, 0x738b, 0x738b, 0x738b, 0x738b, 0x738b, 0x738b,
	0x738b, 0x738b, 0x738b, 0x738b, 0x738b, 0x738b, 0x738b, 0x738b, 0x738b, 0x738b, 0x738b, 0x738b,
	0x738b, 0x738b, 0x738b, 0x738b, 0x0000, 0xa593, 0xa593, 0xa593, 0xa593, 0xa593, 0xa593, 0xa593,
	0xa593, 0xa593, 0xa593, 0xa593, 0xa593, 0xa593, 0xa593, 0xa593, 0xa593, 0xa593, 0xa593, 0xa593,
	0xa593, 0xa593, 0xa593, 0xa593, 0xa593, 0xa593, 0xa593, 0xa593, 0xa593, 0xa593, 0xa593, 0xa593,
	0xa593, 0xa593, 0xa593, 0xa593, 0xa593, 0xa593, 0xa593, 0xa593, 0xa593, 0xa593, 0xa593, 0xa593,
	0xa593, 0xa593, 0xa593, 0xa593, 0xa593, 0xa593, 0xa593, 0xa593, 0xa593, 0xa593, 0xa593, 0xa593,
	0xa593, 0xa593, 0xa593, 0xa593, 0xa593, 0xa593, 0xa593, 0xa593, 0xa593, 0xa593, 0xa593, 0xa593,
	0xa593, 0xa593, 0xa593, 0xa593, 0xa593, 0xa593, 0xa593, 0xa593, 0xa593, 0xa593, 0x7b8b, 0xa593,
	0x7b8b, 0x7b8b, 0xa593, 0xa593, 0xa593, 0xa593, 0xa593, 0xa593, 0xa593, 0xa593, 0xa593, 0x7b8b,
	0x7b8b, 0x94d0, 0x94d0, 0x0000, 0x738b, 0x738b, 0x738b, 0x738b, 0x738b, 0x738b, 0x738b, 0x738b,
	0x738b, 0x738b, 0x738b, 0x738b, 0x738b, 0x738b, 0x738b, 0x738b, 0x738b, 0x738b, 0x738b, 0x738b,
	0x738b, 0x738b, 0x738b, 0x738b, 0x738b, 0x738b, 0x738b, 0x738b, 0x738b, 0x738b, 0x738b, 0x738b,
	0x738b, 0x738b, 0x738b, 0x738b, 0x738b, 0x738b, 0x738b, 0x738b, 0x738b, 0x738b, 0x738b, 0x738b,
	0x738b, 0x738b, 0x738b, 0x738b, 0x738b, 0x738b, 0x738b, 0x738b, 0x738b, 0x738b, 0x738b, 0x738b,
	0x738b, 0x738b, 0x738b, 0x738b, 0x738b, 0x738b, 0x738b, 0x738b, 0x738b, 0x738b, 0x738b, 0x738b,
	0x738b, 0x738b, 0x738b, 0x738b, 0x738b, 0x738b, 0x738b, 0x738b, 0x738b, 0x738b, 0x738b, 0x738b,
	0x738b, 0x738b, 0x738b, 0x738b, 0x738b, 0x738b, 0x738b, 0x738b, 0x738b, 0x738b, 0x738b, 0x738b,
	0x738b, 0x738b, 0x738b, 0x738b, 0x738b, 0x738b, 0x738b, 0x738b, 0x738b, 0x738b, 0x738b, 0x738b,
	0x738b, 0x738b, 0x738b, 0x738b, 0x738b, 0x738b, 0x738b, 0x738b, 0x738b, 0x738b, 0x738b, 0x738b,
	0x738b, 0x738b, 0x738b, 0x738b, 0x738b, 0x738b, 0x738b, 0x738b, 0x738b, 0x738b, 0x738b, 0x738b,
	0x0000, 0xa593, 0xa593, 0xa593, 0xa593, 0xa593, 0xa593, 0xa593, 0xa593, 0xa593, 0xa593, 0xa593,
	0xa593, 0xa593, 0xa593, 0xa593, 0xa593, 0xa593, 0xa593, 0xa593, 0xa593, 0xa593, 0xa593, 0xa593,
	0xa593, 0xa593, 0xa593, 0xa593, 0xa593, 0xa593, 0xa593, 0xa593, 0xa593, 0xa593, 0xa593, 0xa593,
	0xa593, 0xa593, 0xa593, 0xa593, 0xa593, 0xa593, 0xa593, 0xa593, 0xa593, 0xa593, 0xa593, 0xa593,
	0xa593, 0xa593, 0xa593, 0xa593, 0xa593, 0xa593, 0xa593, 0xa593, 0xa593, 0xa593, 0xa593, 0xa593,
	0xa593, 0xa593, 0xa593, 0xa593, 0xa593, 0xa593, 0xa593, 0xa593, 0xa593, 0xa593, 0xa593, 0xa593,
	0xa593, 0xa593, 0xa593, 0xa593, 0xa593, 0xa593, 0xa593, 0x7b8b, 0xa593, 0xa593, 0xa593, 0xa593,
	0xa593, 0xa593, 0xa593, 0xa593, 0xa593, 0xa593, 0xa593, 0x7b8b, 0x94d0, 0x94d0, 0x94d0, 0x0000,
	0x738b, 0x738b, 0x738b, 0x738b, 0x738b, 0x738b, 0x738b, 0x738b, 0x738b, 0x738b, 0x738b, 0x738b,
	0x738b, 0x738b, 0x738b, 0x738b, 0x738b, 0x738b, 0x738b, 0x738b, 0x738b, 0x738b, 0x738b, 0x738b,
	0x738b, 0x738b, 0x738b, 0x738b, 0x738b, 0x738b, 0x738b, 0x738b, 0x738b, 0x738b, 0x738b, 0x738b,
	0x738b, 0x738b, 0x738b, 0x738b, 0x738b, 0x738b, 0x738b, 0x738b, 0x738b, 0x738b, 0x738b, 0x738b,
	0x738b, 0x738b, 0x738b, 0x738b, 0x738b, 0x738b, 0x738b, 0x738b, 0x738b, 0x738b, 0x738b, 0x738b,
	0x738b, 0x738b, 0x738b, 0x738b, 0x738b, 0x738b, 0x738b, 0x738b, 0x738b, 0x738b, 0x738b, 0x738b,
	0x738b, 0x738b, 0x738b, 0x738b, 0x738b, 0x738b, 0x738b, 0x738b, 0x738b, 0x738b, 0x738b, 0x738b,
	0x738b, 0x738b, 0x738b, 0x738b, 0x738b, 0x738b, 0x738b, 0x738b, 0x738b, 0x738b, 0x738b, 0x738b,
	0x738b, 0x738b, 0x738b, 0x738b, 0x738b, 0x738b, 0x738b, 0x738b, 0x738b, 0x738b, 0x738b, 0x738b,
	0x738b, 0x738b, 0x738b, 0x738b, 0x738b, 0x738b, 0x738b, 0x738b, 0x738b, 0x738b, 0x738b, 0x738b,
	0x738b, 0x738b, 0x738b, 0x738b, 0x738b, 0x738b, 0x738b, 0x738b, 0x0000, 0xa593, 0xa593, 0xa593,
	0xa593, 0xa593, 0xa593, 0xa593, 0xa593, 0xa593, 0xa593, 0xa593, 0xa593, 0xa593, 0xa593, 0xa593,
	0xa593, 0xa593, 0xa593, 0xa593, 0xa593, 0xa593, 0xa593, 0xa593, 0xa593, 0xa593, 0xa593, 0xa593,
	0xa593, 0xa593, 0xa593, 0xa593, 0xa593, 0xa593, 0xa593, 0xa593, 0xa593, 0xa593, 0xa593, 0xa593,
	0xa593, 0xa593, 0xa593, 0xa593, 0xa593, 0xa593, 0xa593, 0xa593, 0xa593, 0xa593, 0xa593, 0xa593,
	0xa593, 0xa593, 0xa593, 0xa593, 0xa593, 0xa593, 0xa593, 0xa593, 0xa593, 0xa593, 0xa593, 0xa593,
	0xa593, 0xa593, 0xa593, 0xa593, 0xa593, 0xa593, 0xa593, 0xa593, 0xa593, 0xa593, 0xa593, 0xa593,
	0xa593, 0xa593, 0xa593, 0x7b8b, 0xa593, 0xa593, 0xa593, 0xa593, 0xa593, 0x7b8b, 0xa593, 0x7b8b,
	0xa593, 0xa593, 0x7b8b, 0x94d0, 0x94d0, 0x94d0, 0x94d0, 0x0000, 0x738b, 0x738b, 0x738b, 0x738b,
	0x738b, 0x738b, 0x738b, 0x738b, 0x738b, 0x738b, 0x738b, 0x738b, 0x738b, 0x738b, 0x738b, 0x738b,
	0x738b, 0x738b, 0x738b, 0x738b, 0x738b, 0x738b, 0x738b, 0x738b, 0x738b, 0x738b, 0x738b, 0x738b,
	0x738b, 0x738b, 0x738b, 0x738b, 0x738b, 0x738b, 0x738b, 0x738b, 0x738b, 0x738b, 0x738b, 0x738b,
	0x738b, 0x738b, 0x738b, 0x738b, 0x738b, 0x738b, 0x738b, 0x738b, 0x738b, 0x738b, 0x738b, 0x738b,
	0x738b, 0x738b, 0x738b, 0x738b, 0x738b, 0x738b, 0x738b, 0x738b, 0x738b, 0x738b, 0x738b, 0x738b,
	0x738b, 0x738b, 0x738b, 0x738b, 0x738b, 0x738b, 0x738b, 0x738b, 0x738b, 0x738b, 0x738b, 0x738b,
	0x738b, 0x738b, 0x738b, 0x738b, 0x738b, 0x738b, 0x738b, 0x738b, 0x738b, 0x738b, 0x738b, 0x738b,
	0x738b, 0x738b, 0x738b, 0x738b, 0x738b, 0x738b, 0x738b, 0x738b, 0x738b, 0x738b, 0x738b, 0x738b,
	0x738b, 0x738b, 0x738b, 0x738b, 0x738b, 0x738b, 0x738b, 0x738b, 0x738b, 0x738b, 0x738b, 0x738b,
	0x738b, 0x738b, 0x738b, 0x738b, 0x738b, 0x738b, 0x738b, 0x738b, 0x738b, 0x738b, 0x738b, 0x738b,
	0x738b, 0x738b, 0x738b, 0x738b, 0x0000, 0xa593, 0xa593, 0xa593, 0xa593, 0xa593, 0xa593, 0xa593,
	0xa593, 0xa593, 0xa593, 0xa593, 0xa593, 0xa593, 0xa593, 0xa593, 0xa593, 0xa593, 0xa593, 0xa593,
	0xa593, 0xa593, 0xa593, 0xa593, 0xa593, 0xa593, 0xa593, 0xa593, 0xa593, 0xa593, 0xa593, 0xa593,
	0xa593, 0xa593, 0xa593, 0xa593, 0xa593, 0xa593, 0xa593, 0xa593, 0xa593, 0xa593, 0xa593, 0xa593,
	0xa593, 0xa593, 0xa593, 0xa593, 0xa593, 0xa593, 0xa593, 0xa593, 0xa593, 0xa593, 0xa593, 0xa593,
	0xa593, 0xa593, 0xa593, 0xa593, 0xa593, 0xa593, 0xa593, 0xa593, 0xa593, 0xa593, 0xa593, 0xa593,
	0xa593, 0xa593, 0xa593, 0xa593, 0xa593, 0xa593, 0xa593, 0xa593, 0xa593, 0xa593, 0xa593, 0x7b8b,
	0xa593, 0xa593, 0xa593, 0xa593, 0x7b8b, 0x7b8b, 0x7b8b, 0xa593, 0xa593, 0xa593, 0x840e, 0x7b8b,
	0xa593, 0x94d0, 0xa593, 0x0000, 0x738b, 0x738b, 0x738b, 0x738b, 0x738b, 0x738b, 0x738b, 0x738b,
	0x738b, 0x738b, 0x738b, 0x738b, 0x738b, 0x738b, 0x738b, 0x738b, 0x738b, 0x738b, 0x738b, 0x738b,
	0x738b, 0x738b, 0x738b, 0x738b, 0x738b, 0x738b, 0x738b, 0x738b, 0x738b, 0x738b, 0x738b, 0x738b,
	0x738b, 0x738b, 0x738b, 0x738b, 0x738b, 0x738b, 0x738b, 0x738b, 0x738b, 0x738b, 0x738b, 0x738b,
	0x738b, 0x738b, 0x738b, 0x738b, 0x738b, 0x738b, 0x738b, 0x738b, 0x738b, 0x738b, 0x738b, 0x738b,
	0x738b, 0x738b, 0x738b, 0x738b, 0x738b, 0x738b, 0x738b, 0x738b, 0x738b, 0x738b, 0x738b, 0x738b,
	0x738b, 0x738b, 0x738b, 0x738b, 0x738b, 0x738b, 0x738b, 0x738b, 0x738b, 0x738b, 0x738b, 0x738b,
	0x738b, 0x738b, 0x738b, 0x738b, 0x738b, 0x738b, 0x738b, 0x738b, 0x738b, 0x738b, 0x738b, 0x738b,
	0x738b, 0x738b, 0x738b, 0x738b, 0x738b, 0x738b, 0x738b, 0x738b, 0x738b, 0x738b, 0x738b, 0x738b,
	0x738b, 0x738b, 0x738b, 0x738b, 0x738b, 0x738b, 0x738b, 0x738b, 0x738b, 0x738b, 0x738b, 0x738b,
	0x738b, 0x738b, 0x738b, 0x738b, 0x738b, 0x738b, 0x738b, 0x738b, 0x738b, 0x738b, 0x738b, 0x738b,
	0x0000, 0xa593, 0xa593, 0xa593, 0xa593, 0xa593, 0xa593, 0xa593, 0xa593, 0xa593, 0xa593, 0xa593,
	0xa593, 0xa593, 0xa593, 0xa593, 0xa593, 0xa593, 0xa593, 0xa593, 0xa593, 0xa593, 0xa593, 0xa593,
	0xa593, 0xa593, 0xa593, 0xa593, 0xa593, 0xa593, 0xa593, 0xa593, 0xa593, 0xa593, 0xa593, 0xa593,
	0xa593, 0xa593, 0xa593, 0xa593, 0xa593, 0xa593, 0xa593, 0xa593, 0xa593, 0xa593, 0xa593, 0xa593,
	0xa593, 0xa593, 0xa593, 0xa593, 0xa593, 0xa593, 0xa593, 0xa593, 0xa593, 0xa593, 0xa593, 0xa593,
	0xa593, 0xa593, 0xa593, 0xa593, 0xa593, 0xa593, 0xa593, 0xa593, 0xa593, 0xa593, 0xa593, 0xa593,
	0xa593, 0xa593, 0xa593, 0xa593, 0xa593, 0xa593, 0xa593, 0x7b8b, 0x7b8b, 0x7b8b, 0xa593, 0x7b8b,
	0xa593, 0xa593, 0xa593, 0xa593, 0xa593, 0xa593, 0xa593, 0xa593, 0x7b8b, 0x7b8b, 0x7b8b, 0x0000,
	0x738b, 0x738b, 0x738b, 0x738b, 0x738b, 0x738b, 0x738b, 0x738b, 0x738b, 0x738b, 0x738b, 0x738b,
	0x738b, 0x738b, 0x738b, 0x738b, 0x738b, 0x738b, 0x738b, 0x738b, 0x738b, 0x738b, 0x738b, 0x738b,
	0x738b, 0x738b, 0x738b, 0x738b, 0x738b, 0x738b, 0x738b, 0x738b, 0x738b, 0x738b, 0x738b, 0x738b,
	0x738b, 0x738b, 0x738b, 0x738b, 0x738b, 0x738b, 0x738b, 0x738b, 0x738b, 0x738b, 0x738b, 0x738b,
	0x738b, 0x738b, 0x738b, 0x738b, 0x738b, 0x738b, 0x738b, 0x738b, 0x738b, 0x738b, 0x738b, 0x738b,
	0x738b, 0x738b, 0x738b, 0x738b, 0x738b, 0x738b, 0x738b, 0x738b, 0x738b, 0x738b, 0x738b, 0x738b,
	0x738b, 0x738b, 0x738b, 0x738b, 0x738b, 0x738b, 0x738b, 0x738b, 0x738b, 0x738b, 0x738b, 0x738b,
	0x738b, 0x738b, 0x738b, 0x738b, 0x738b, 0x738b, 0x738b, 0x738b, 0x738b, 0x738b, 0x738b, 0x738b,
	0x738b, 0x738b, 0x738b, 0x738b, 0x738b, 0x738b, 0x738b, 0x738b, 0x738b, 0x738b, 0x738b, 0x738b,
	0x738b, 0x738b, 0x738b, 0x738b, 0x738b, 0x738b, 0x738b, 0x738b, 0x738b, 0x738b, 0x738b, 0x738b,
	0x738b, 0x738b, 0x738b, 0x738b, 0x738b, 0x738b, 0x738b, 0x738b, 0x0000, 0xa593, 0xa593, 0xa593,
	0xa593, 0xa593, 0xa593, 0xa593, 0xa593, 0xa593, 0xa593, 0xa593, 0xa593, 0xa593, 0xa593, 0xa593,
	0xa593, 0xa593, 0xa593, 0xa593, 0xa593, 0xa593, 0xa593, 0xa593, 0xa593, 0xa593, 0xa593, 0xa593,
	0xa593, 0xa593, 0xa593, 0xa593, 0xa593, 0xa593, 0xa593, 0xa593, 0xa593, 0xa593, 0xa593, 0xa593,
	0xa593, 0xa593, 0xa593, 0xa593, 0xa593, 0xa593, 0xa593, 0xa593, 0xa593, 0xa593, 0xa593, 0xa593,
	0xa593, 0xa593, 0xa593, 0xa593, 0xa593, 0xa593, 0xa593, 0xa593, 0xa593, 0xa593, 0xa593, 0xa593,
	0xa593, 0xa593, 0xa593, 0xa593, 0xa593, 0xa593, 0xa593, 0xa593, 0xa593, 0xa593, 0xa593, 0xa593,
	0xa593, 0xa593, 0xa593, 0xa593, 0xa593, 0x7b8b, 0x7b8b, 0xa593, 0xa593, 0xa593, 0xa593, 0xa593,
	0xa593, 0xa593, 0xa593, 0xa593, 0xa593, 0xa593, 0xa593, 0x0000, 0x738b, 0x738b, 0x738b, 0x738b,
	0x738b, 0x738b, 0x738b, 0x738b, 0x738b, 0x738b, 0x738b, 0x738b, 0x738b, 0x738b, 0x738b, 0x738b,
	0x738b, 0x738b, 0x738b, 0x738b, 0x738b, 0x738b, 0x738b, 0x738b, 0x738b, 0x738b, 0x738b, 0x738b,
	0x738b, 0x738b, 0x738b, 0x738b, 0x738b, 0x738b, 0x738b, 0x738b, 0x738b, 0x738b, 0x738b, 0x738b,
	0x738b, 0x738b, 0x738b, 0x738b, 0x738b, 0x738b, 0x738b, 0x738b, 0x738b, 0x738b, 0x738b, 0x738b,
	0x738b, 0x738b, 0x738b, 0x738b, 0x738b, 0x738b, 0x738b, 0x738b, 0x738b, 0x738b, 0x738b, 0x738b,
	0x738b, 0x738b, 0x738b, 0x738b, 0x738b, 0x738b, 0x738b, 0x738b, 0x738b, 0x738b, 0x738b, 0x738b,
	0x738b, 0x738b, 0x738b, 0x738b, 0x738b, 0x738b, 0x738b, 0x738b, 0x738b, 0x738b, 0x738b, 0x738b,
	0x738b, 0x738b, 0x738b, 0x738b, 0x738b, 0x738b, 0x738b, 0x738b, 0x738b, 0x738b, 0x738b, 0x738b,
	0x738b, 0x738b, 0x738b, 0x738b, 0x738b, 0x738b, 0x738b, 0x738b, 0x738b, 0x738b, 0x738b, 0x738b,
	0x738b, 0x738b, 0x738b, 0x738b, 0x738b, 0x738b, 0x738b, 0x738b, 0x738b, 0x738b, 0x738b, 0x738b,
	0x738b, 0x738b, 0x738b, 0x738b, 0x0000, 0xa593, 0xa593, 0xa593, 0xa593, 0xa593, 0xa593, 0xa593,
	0xa593, 0xa593, 0xa593, 0xa593, 0xa593, 0xa593, 0xa593, 0xa593, 0xa593, 0xa593, 0xa593, 0xa593,
	0xa593, 0xa593, 0xa593, 0xa593, 0xa593, 0xa593, 0xa593, 0xa593, 0xa593, 0xa593, 0xa593, 0xa593,
	0xa593, 0xa593, 0xa593, 0xa593, 0xa593, 0xa593, 0xa593, 0xa593, 0xa593, 0xa593, 0xa593, 0xa593,
	0xa593, 0xa593, 0xa593, 0xa593, 0xa593, 0xa593, 0xa593, 0xa593, 0xa593, 0xa593, 0xa593, 0xa593,
	0xa593, 0xa593, 0xa593, 0xa593, 0xa593, 0xa593, 0xa593, 0xa593, 0xa593, 0xa593, 0xa593, 0xa593,
	0xa593, 0xa593, 0xa593, 0xa593, 0xa593, 0xa593, 0xa593, 0xa593, 0xa593, 0xa593, 0xa593, 0xa593,
	0x7b8b, 0xa593, 0xa593, 0xa593, 0xa593, 0xa593, 0xa593, 0xa593, 0xa593, 0xa593, 0xa593, 0xa593,
	0xa593, 0xa593, 0xa593, 0x0000, 0x738b, 0x738b, 0x738b, 0x738b, 0x738b, 0x738b, 0x738b, 0x738b,
	0x738b, 0x738b, 0x738b, 0x738b, 0x738b, 0x738b, 0x738b, 0x738b, 0x738b, 0x738b, 0x738b, 0x738b,
	0x738b, 0x738b, 0x738b, 0x738b, 0x738b, 0x738b, 0x738b, 0x738b, 0x738b, 0x738b, 0x738b, 0x738b,
	0x738b, 0x738b, 0x738b, 0x738b, 0x738b, 0x738b, 0x738b, 0x738b, 0x738b, 0x738b, 0x738b, 0x738b,
	0x738b, 0x738b, 0x738b, 0x738b, 0x738b, 0x738b, 0x738b, 0x738b, 0x738b, 0x738b, 0x738b, 0x738b,
	0x738b, 0x738b, 0x738b, 0x738b, 0x738b, 0x738b, 0x738b, 0x738b, 0x738b, 0x738b, 0x738b, 0x738b,
	0x738b, 0x738b, 0x738b, 0x738b, 0x738b, 0x738b, 0x738b, 0x738b, 0x738b, 0x738b, 0x738b, 0x738b,
	0x738b, 0x738b, 0x738b, 0x738b, 0x738b, 0x738b, 0x738b, 0x738b, 0x738b, 0x738b, 0x738b, 0x738b,
	0x738b, 0x738b, 0x738b, 0x738b, 0x738b, 0x738b, 0x738b, 0x738b, 0x738b, 0x738b, 0x738b, 0x738b,
	0x738b, 0x738b, 0x738b, 0x738b, 0x738b, 0x738b, 0x738b, 0x738b, 0x738b, 0x738b, 0x738b, 0x738b,
	0x738b, 0x738b, 0x738b, 0x738b, 0x738b, 0x738b, 0x738b, 0x738b, 0x738b, 0x738b, 0x738b, 0x738b,
	0x0000, 0xa593, 0xa593, 0xa593, 0xa593, 0xa593, 0xa593, 0xa593, 0xa593, 0xa593, 0xa593, 0xa593,
	0xa593, 0xa593, 0xa593, 0xa593, 0xa593, 0xa593, 0xa593, 0xa593, 0xa593, 0xa593, 0xa593, 0xa593,
	0xa593, 0xa593, 0xa593, 0xa593, 0xa593, 0xa593, 0xa593, 0xa593, 0xa593, 0xa593, 0xa593, 0xa593,
	0xa593, 0xa593, 0xa593, 0xa593, 0xa593, 0xa593, 0xa593, 0xa593, 0xa593, 0xa593, 0xa593, 0xa593,
	0xa593, 0xa593, 0xa593, 0xa593, 0xa593, 0xa593, 0xa593, 0xa593, 0xa593, 0xa593, 0xa593, 0xa593,
	0xa593, 0xa593, 0xa593, 0xa593, 0xa593, 0xa593, 0xa593, 0xa593, 0xa593, 0xa593, 0xa593, 0xa593,
	0xa593, 0xa593, 0xa593, 0xa593, 0xa593, 0xa593, 0xa593, 0xa593, 0x7b8b, 0xa593, 0xa593, 0xa593,
	0xa593, 0xa593, 0xa593, 0xa593, 0xa593, 0xa593, 0xa593, 0xa593, 0xa593, 0xa593, 0xa593, 0x0000,
	0x738b, 0x738b, 0x738b, 0x738b, 0x738b, 0x738b, 0x738b, 0x738b, 0x738b, 0x738b, 0x738b, 0x738b,
	0x738b, 0x738b, 0x738b, 0x738b, 0x738b, 0x738b, 0x738b, 0x738b, 0x738b, 0x738b, 0x738b, 0x738b,
	0x738b, 0x738b, 0x738b, 0x738b, 0x738b, 0x738b, 0x738b, 0x738b, 0x738b, 0x738b, 0x738b, 0x738b,
	0x738b, 0x738b, 0x738b, 0x738b, 0x738b, 0x738b, 0x738b, 0x738b, 0x738b, 0x738b, 0x738b, 0x738b,
	0x738b, 0x738b, 0x738b, 0x738b, 0x738b, 0x738b, 0x738b, 0x738b, 0x738b, 0x738b, 0x738b, 0x738b,
	0x738b, 0x738b, 0x738b, 0x738b, 0x738b, 0x738b, 0x738b, 0x738b, 0x738b, 0x738b, 0x738b, 0x738b,
	0x738b, 0x738b, 0x738b, 0x738b, 0x738b, 0x738b, 0x738b, 0x738b, 0x738b, 0x738b, 0x738b, 0x738b,
	0x738b, 0x738b, 0x738b, 0x738b, 0x738b, 0x738b, 0x738b, 0x738b, 0x738b, 0x738b, 0x738b, 0x738b,
	0x738b, 0x738b, 0x738b, 0x738b, 0x738b, 0x738b, 0x738b, 0x738b, 0x738b, 0x738b, 0x738b, 0x738b,
	0x738b, 0x738b, 0x738b, 0x738b, 0x738b, 0x738b, 0x738b, 0x738b, 0x738b, 0x738b, 0x738b, 0x738b,
	0x738b, 0x738b, 0x738b, 0x738b, 0x738b, 0x738b, 0x738b, 0x738b, 0x0000, 0xa593, 0xa593, 0xa593,
	0xa593, 0xa593, 0xa593, 0xa593, 0xa593, 0xa593, 0xa593, 0xa593, 0xa593, 0xa593, 0xa593, 0xa593,
	0xa593, 0xa593, 0xa593, 0xa593, 0xa593, 0xa593, 0xa593, 0xa593, 0xa593, 0xa593, 0xa593, 0xa593,
	0xa593, 0xa593, 0xa593, 0xa593, 0xa593, 0xa593, 0xa593, 0xa593, 0xa593, 0xa593, 0xa593, 0xa593,
	0xa593, 0xa593, 0xa593, 0xa593, 0xa593, 0xa593, 0xa593, 0xa593, 0xa593, 0xa593, 0xa593, 0xa593,
	0xa593, 0xa593, 0xa593, 0xa593, 0xa593, 0xa593, 0xa593, 0xa593, 0xa593, 0xa593, 0xa593, 0xa593,
	0xa593, 0xa593, 0xa593, 0xa593, 0xa593, 0xa593, 0xa593, 0xa593, 0xa593, 0xa593, 0xa593, 0xa593,
	0xa593, 0xa593, 0xa593, 0x7b8b, 0x7b8b, 0xa593, 0xa593, 0xa593, 0xa593, 0xa593, 0xa593, 0xa593,
	0xa593, 0xa593, 0xa593, 0xa593, 0xa593, 0xa593, 0xa593, 0x0000, 0x738b, 0x738b, 0x738b, 0x738b,
	0x738b, 0x738b, 0x738b, 0x738b, 0x738b, 0x738b, 0x738b, 0x738b, 0x738b, 0x738b, 0x738b, 0x738b,
	0x738b, 0x738b, 0x738b, 0x738b, 0x738b, 0x738b, 0x738b, 0x738b, 0x738b, 0x738b, 0x738b, 0x738b,
	0x738b, 0x738b, 0x738b, 0x738b, 0x738b, 0x738b, 0x738b, 0x738b, 0x738b, 0x738b, 0x738b, 0x738b,
	0x738b, 0x738b, 0x738b, 0x738b, 0x738b, 0x738b, 0x738b, 0x738b, 0x738b, 0x738b, 0x738b, 0x738b,
	0x738b, 0x738b, 0x738b, 0x738b, 0x738b, 0x738b, 0x738b, 0x738b, 0x738b, 0x738b, 0x738b, 0x738b,
	0x738b, 0x738b, 0x738b, 0x738b, 0x738b, 0x738b, 0x738b, 0x738b, 0x738b, 0x738b, 0x738b, 0x738b,
	0x738b, 0x738b, 0x738b, 0x738b, 0x738b, 0x738b, 0x738b, 0x738b, 0x738b, 0x738b, 0x738b, 0x738b,
	0x738b, 0x738b, 0x738b, 0x738b, 0x738b, 0x738b, 0x738b, 0x738b, 0x738b, 0x738b, 0x738b, 0x738b,
	0x738b, 0x738b, 0x738b, 0x738b, 0x738b, 0x738b, 0x738b, 0x738b, 0x738b, 0x738b, 0x738b, 0x738b,
	0x738b, 0x738b, 0x738b, 0x738b, 0x738b, 0x738b, 0x738b, 0x738b, 0x738b, 0x738b, 0x738b, 0x738b,
	0x738b, 0x738b, 0x738b, 0x738b, 0x0000, 0xa593, 0xa593, 0xa593, 0xa593, 0xa593, 0xa593, 0xa593,
	0xa593, 0xa593, 0xa593, 0xa593, 0xa593, 0xa593, 0xa593, 0xa593, 0xa593, 0xa593, 0xa593, 0xa593,
	0xa593, 0xa593, 0xa593, 0xa593, 0xa593, 0xa593, 0xa593, 0xa593, 0xa593, 0xa593, 0xa593, 0xa593,
	0xa593, 0xa593, 0xa593, 0xa593, 0xa593, 0xa593, 0xa593, 0xa593, 0xa593, 0xa593, 0xa593, 0xa593,
	0xa593, 0xa593, 0xa593, 0xa593, 0xa593, 0xa593, 0xa593, 0xa593, 0xa593, 0xa593, 0xa593, 0xa593,
	0xa593, 0xa593, 0xa593, 0xa593, 0xa593, 0xa593, 0xa593, 0xa593, 0xa593, 0xa593, 0xa593, 0xa593,
	0xa593, 0xa593, 0xa593, 0xa593, 0xa593, 0xa593, 0xa593, 0xa593, 0xa593, 0xa593, 0xa593, 0x7b8b,
	0xa593, 0xa593, 0xa593, 0xa593, 0xa593, 0xa593, 0xa593, 0xa593, 0xa593, 0xa593, 0xa593, 0xa593,
	0xa593, 0xa593, 0xa593, 0x0000, 0x738b, 0x738b, 0x738b, 0x738b, 0x738b, 0x738b, 0x738b, 0x738b,
	0x738b, 0x738b, 0x738b, 0x738b, 0x738b, 0x738b, 0x738b, 0x738b, 0x738b, 0x738b, 0x738b, 0x738b,
	0x738b, 0x738b, 0x738b, 0x738b, 0x738b, 0x738b, 0x738b, 0x738b, 0x738b, 0x738b, 0x738b, 0x738b,
	0x738b, 0x738b, 0x738b, 0x738b, 0x738b, 0x738b, 0x738b, 0x738b, 0x738b, 0x738b, 0x738b, 0x738b,
	0x738b, 0x738b, 0x738b, 0x738b, 0x738b, 0x738b, 0x738b, 0x738b, 0x738b, 0x738b, 0x738b, 0x738b,
	0x738b, 0x738b, 0x738b, 0x738b, 0x738b, 0x738b, 0x738b, 0x738b, 0x738b, 0x738b, 0x738b, 0x738b,
	0x738b, 0x738b, 0x738b, 0x738b, 0x738b, 0x738b, 0x738b, 0x738b, 0x738b, 0x738b, 0x738b, 0x738b,
	0x738b, 0x738b, 0x738b, 0x738b, 0x738b, 0x738b, 0x738b, 0x738b, 0x738b, 0x738b, 0x738b, 0x738b,
	0x738b, 0x738b, 0x738b, 0x738b, 0x738b, 0x738b, 0x738b, 0x738b, 0x738b, 0x738b, 0x738b, 0x738b,
	0x738b, 0x738b, 0x738b, 0x738b, 0x738b, 0x738b, 0x738b, 0x738b, 0x738b, 0x738b, 0x738b, 0x738b,
	0x738b, 0x738b, 0x738b, 0x738b, 0x738b, 0x738b, 0x738b, 0x738b, 0x738b, 0x738b, 0x738b, 0x738b,
	0x0000, 0xa593, 0xa593, 0xa593, 0xa593, 0xa593, 0xa593, 0xa593, 0xa593, 0xa593, 0xa593, 0xa593,
	0xa593, 0xa593, 0xa593, 0xa593, 0xa593, 0xa593, 0xa593, 0xa593, 0xa593, 0xa593, 0xa593, 0xa593,
	0xa593, 0xa593, 0xa593, 0xa593, 0xa593, 0xa593, 0xa593, 0xa593, 0xa593, 0xa593, 0xa593, 0xa593,
	0xa593, 0xa593, 0xa593, 0xa593, 0xa593, 0xa593, 0xa593, 0xa593, 0xa593, 0xa593, 0xa593, 0xa593,
	0xa593, 0xa593, 0xa593, 0xa593, 0xa593, 0xa593, 0xa593, 0xa593, 0xa593, 0xa593, 0xa593, 0xa593,
	0xa593, 0xa593, 0xa593, 0xa593, 0xa593, 0xa593, 0xa593, 0xa593, 0xa593, 0xa593, 0xa593, 0xa593,
	0xa593, 0xa593, 0xa593, 0xa593, 0xa593, 0xa593, 0xa593, 0x7b8b, 0x94d0, 0xa593, 0xa593, 0xa593,
	0xa593, 0xa593, 0xa593, 0xa593, 0xa593, 0xa593, 0xa593, 0xa593, 0xa593, 0xa593, 0xa593, 0x0000,
	0x738b, 0x738b, 0x738b, 0x738b, 0x738b, 0x738b, 0x738b, 0x738b, 0x738b, 0x738b, 0x738b, 0x738b,
	0x738b, 0x738b, 0x738b, 0x738b, 0x738b, 0x738b, 0x738b, 0x738b, 0x738b, 0x738b, 0x738b, 0x738b,
	0x738b, 0x738b, 0x738b, 0x738b, 0x738b, 0x738b, 0x738b, 0x738b, 0x738b, 0x738b, 0x738b, 0x738b,
	0x738b, 0x738b, 0x738b, 0x738b, 0x738b, 0x738b, 0x738b, 0x738b, 0x738b, 0x738b, 0x738b, 0x738b,
	0x738b, 0x738b, 0x738b, 0x738b, 0x738b, 0x738b, 0x738b, 0x738b, 0x738b, 0x738b, 0x738b, 0x738b,
	0x738b, 0x738b, 0x738b, 0x738b, 0x738b, 0x738b, 0x738b, 0x738b, 0x738b, 0x738b, 0x738b, 0x738b,
	0x738b, 0x738b, 0x738b, 0x738b, 0x738b, 0x738b, 0x738b, 0x738b, 0x738b, 0x738b, 0x738b, 0x738b,
	0x738b, 0x738b, 0x738b, 0x738b, 0x738b, 0x738b, 0x738b, 0x738b, 0x738b, 0x738b, 0x738b, 0x738b,
	0x738b, 0x738b, 0x738b, 0x738b, 0x738b, 0x738b, 0x738b, 0x738b, 0x738b, 0x738b, 0x738b, 0x738b,
	0x738b, 0x738b, 0x738b, 0x738b, 0x738b, 0x738b, 0x738b, 0x738b, 0x738b, 0x738b, 0x738b, 0x738b,
	0x738b, 0x738b, 0x738b, 0x738b, 0x738b, 0x738b, 0x738b, 0x738b, 0x0000, 0xa593, 0xa593, 0xa593,
	0xa593, 0xa593, 0xa593, 0xa593, 0xa593, 0xa593, 0xa593, 0xa593, 0xa593, 0xa593, 0xa593, 0xa593,
	0xa593, 0xa593, 0xa593, 0xa593, 0xa593, 0xa593, 0xa593, 0xa593, 0xa593, 0xa593, 0xa593, 0xa593,
	0xa593, 0xa593, 0xa593, 0xa593, 0xa593, 0xa593, 0xa593, 0xa593, 0xa593, 0xa593, 0xa593, 0xa593,
	0xa593, 0xa593, 0xa593, 0xa593, 0xa593, 0xa593, 0xa593, 0xa593, 0xa593, 0xa593, 0xa593, 0xa593,
	0xa593, 0xa593, 0xa593, 0xa593, 0xa593, 0xa593, 0xa593, 0xa593, 0xa593, 0xa593, 0xa593, 0xa593,
	0xa593, 0xa593, 0xa593, 0xa593, 0xa593, 0xa593, 0xa593, 0xa593, 0xa593, 0xa593, 0xa593, 0xa593,
	0xa593, 0xa593, 0xa593, 0x7b8b, 0xa593, 0xa593, 0xa593, 0xa593, 0xa593, 0xa593, 0xa593, 0xa593,
	0xa593, 0xa593, 0xa593, 0xa593, 0xa593, 0xa593, 0xa593, 0x0000, 0x738b, 0x738b, 0x738b, 0x738b,
	0x738b, 0x738b, 0x738b, 0x738b, 0x738b, 0x738b, 0x738b, 0x738b, 0x738b, 0x738b, 0x738b, 0x738b,
	0x738b, 0x738b, 0x738b, 0x738b, 0x738b, 0x738b, 0x738b, 0x738b, 0x738b, 0x738b, 0x738b, 0x738b,
	0x738b, 0x738b, 0x738b, 0x738b, 0x738b, 0x738b, 0x738b, 0x738b, 0x738b, 0x738b, 0x738b, 0x738b,
	0x738b, 0x738b, 0x738b, 0x738b, 0x738b, 0x738b, 0x738b, 0x738b, 0x738b, 0x738b, 0x738b, 0x738b,
	0x738b, 0x738b, 0x738b, 0x738b, 0x738b, 0x738b, 0x738b, 0x738b, 0x738b, 0x738b, 0x738b, 0x738b,
	0x738b, 0x738b, 0x738b, 0x738b, 0x738b, 0x738b, 0x738b, 0x738b, 0x738b, 0x738b, 0x738b, 0x738b,
	0x738b, 0x738b, 0x738b, 0x738b, 0x738b, 0x738b, 0x738b, 0x738b, 0x738b, 0x738b, 0x738b, 0x738b,
	0x738b, 0x738b, 0x738b, 0x738b, 0x738b, 0x738b, 0x738b, 0x738b, 0x738b, 0x738b, 0x738b, 0x738b,
	0x738b, 0x738b, 0x738b, 0x738b, 0x738b, 0x738b, 0x738b, 0x738b, 0x738b, 0x738b, 0x738b, 0x738b,
	0x738b, 0x738b, 0x738b, 0x738b, 0x738b, 0x738b, 0x738b, 0x738b, 0x738b, 0x738b, 0x738b, 0x738b,
	0x738b, 0x738b, 0x738b, 0x738b, 0x0000, 0x0000, 0x0000, 0x0000, 0x0000, 0x0000, 0x0000, 0x0000,
	0x0000, 0x0000, 0x0000, 0x0000, 0x0000, 0x0000, 0x0000, 0x0000, 0x0000, 0x0000, 0x0000, 0x0000,
	0x0000, 0x0000, 0x0000, 0x0000, 0x0000, 0x0000, 0x0000, 0x0000, 0x0000, 0x0000, 0x0000, 0x0000,
	0x0000, 0x0000, 0x0000, 0x0000, 0x0000, 0x0000, 0x0000, 0x0000, 0x0000, 0x0000, 0x0000, 0x0000,
	0x0000, 0x0000, 0x0000, 0x0000, 0x0000, 0x0000, 0x0000, 0x0000, 0x0000, 0x0000, 0x0000, 0x0000,
	0x0000, 0x0000, 0x0000, 0x0000, 0x0000, 0x0000, 0x0000, 0x0000, 0x0000, 0x0000, 0x0000, 0x0000,
	0x0000, 0x0000, 0x0000, 0x0000, 0x0000, 0x0000, 0x0000, 0x0000, 0x0000, 0x0000, 0x0000, 0x0000,
	0x0000, 0x0000, 0x0000, 0x0000, 0x0000, 0x0000, 0x0000, 0x0000, 0x0000, 0x0000, 0x0000, 0x0000,
	0x0000, 0x0000, 0x0000, 0x0000, 0x738b, 0x738b, 0x738b, 0x738b, 0x738b, 0x738b, 0x738b, 0x738b,
	0x738b, 0x738b, 0x738b, 0x738b, 0x738b, 0x738b, 0x738b, 0x738b, 0x738b, 0x738b, 0x738b, 0x738b,
	0x738b, 0x738b, 0x738b, 0x738b, 0x738b, 0x738b, 0x738b, 0x738b, 0x738b, 0x738b, 0x738b, 0x738b,
	0x738b, 0x738b, 0x738b, 0x738b, 0x738b, 0x738b, 0x738b, 0x738b, 0x738b, 0x738b, 0x738b, 0x738b,
	0x738b, 0x738b, 0x738b, 0x738b, 0x738b, 0x738b, 0x738b, 0x738b, 0x738b, 0x738b, 0x738b, 0x738b,
	0x738b, 0x738b, 0x738b, 0x738b, 0x738b, 0x738b, 0x738b, 0x738b, 0x738b, 0x738b, 0x738b, 0x738b,
	0x738b, 0x738b, 0x738b, 0x738b, 0x738b, 0x738b, 0x738b, 0x738b, 0x738b, 0x738b, 0x738b, 0x738b,
	0x738b, 0x738b, 0x738b, 0x738b, 0x738b, 0x738b, 0x738b, 0x738b, 0x738b, 0x738b, 0x738b, 0x738b,
	0x738b, 0x738b, 0x738b, 0x738b, 0x738b, 0x738b, 0x738b, 0x738b, 0x738b, 0x738b, 0x738b, 0x738b,
	0x738b, 0x738b, 0x738b, 0x738b, 0x738b, 0x738b, 0x738b, 0x738b, 0x738b, 0x738b, 0x738b, 0x738b,
	0x738b, 0x738b, 0x738b, 0x738b, 0x738b, 0x738b, 0x738b, 0x738b, 0x738b, 0x738b, 0x738b, 0x0000,
	0x7b8b, 0x7b8b, 0x7b8b, 0x7b8b, 0x7b8b, 0x9c4c, 0x7b8b, 0x4a48, 0x7b8b, 0x7b8b, 0x7b8b, 0x7b8b,
	0x7b8b, 0x7b8b, 0x7b8b, 0x7b8b, 0x7b8b, 0x7b8b, 0x7b8b, 0x7b8b, 0x7b8b, 0x9c4c, 0x7b8b, 0x4a48,
	0x7b8b, 0x7b8b, 0x7b8b, 0x7b8b, 0x7b8b, 0x7b8b, 0x7b8b, 0x7b8b, 0x7b8b, 0x7b8b, 0x7b8b, 0x7b8b,
	0x7b8b, 0x9c4c, 0x7b8b, 0x4a48, 0x7b8b, 0x7b8b, 0x7b8b, 0x7b8b, 0x7b8b, 0x7b8b, 0x7b8b, 0x7b8b,
	0x7b8b, 0x7b8b, 0x7b8b, 0x7b8b, 0x7b8b, 0x9c4c, 0x7b8b, 0x4a48, 0x7b8b, 0x7b8b, 0x7b8b, 0x7b8b,
	0x7b8b, 0x7b8b, 0x7b8b, 0x7b8b, 0x7b8b, 0x7b8b, 0x7b8b, 0x7b8b, 0x7b8b, 0x9c4c, 0x7b8b, 0x4a48,
	0x7b8b, 0x7b8b, 0x7b8b, 0x7b8b, 0x7b8b, 0x7b8b, 0x7b8b, 0x7b8b, 0x7b8b, 0x7b8b, 0x7b8b, 0x7b8b,
	0x7b8b, 0x9c4c, 0x7b8b, 0x4a48, 0x7b8b, 0x7b8b, 0x7b8b, 0x7b8b, 0x7b8b, 0x7b8b, 0x7b8b, 0x7b8b,
	0x0000, 0x738b, 0x738b, 0x738b, 0x738b, 0x738b, 0x738b, 0x738b, 0x738b, 0x738b, 0x738b, 0x738b,
	0x738b, 0x738b, 0x738b, 0x738b, 0x738b, 0x738b, 0x738b, 0x738b, 0x738b, 0x738b, 0x738b, 0x738b,
	0x738b, 0x738b, 0x738b, 0x738b, 0x738b, 0x738b, 0x738b, 0x738b, 0x0000, 0x738b, 0x738b, 0x738b,
	0x738b, 0x738b, 0x738b, 0x738b, 0x738b, 0x738b, 0x738b, 0x738b, 0x738b, 0x738b, 0x738b, 0x738b,
	0x738b, 0x738b, 0x738b, 0x738b, 0x738b, 0x738b, 0x738b, 0x738b, 0x738b, 0x738b, 0x738b, 0x738b,
	0x738b, 0x738b, 0x738b, 0x738b, 0x738b, 0x738b, 0x738b, 0x738b, 0x738b, 0x738b, 0x738b, 0x738b,
	0x738b, 0x738b, 0x738b, 0x738b, 0x738b, 0x738b, 0x738b, 0x738b, 0x738b, 0x738b, 0x738b, 0x738b,
	0x738b, 0x738b, 0x738b, 0x738b, 0x738b, 0x738b, 0x738b, 0x738b, 0x738b, 0x738b, 0x738b, 0x738b,
	0x738b, 0x738b, 0x738b, 0x738b, 0x738b, 0x738b, 0x738b, 0x738b, 0x738b, 0x738b, 0x738b, 0x738b,
	0x738b, 0x738b, 0x738b, 0x738b, 0x738b, 0x738b, 0x738b, 0x738b, 0x738b, 0x738b, 0x738b, 0x738b,
	0x738b, 0x738b, 0x738b, 0x738b, 0x738b, 0x738b, 0x0000, 0x7b8b, 0x7b8b, 0x7b8b, 0x7b8b, 0x7b8b,
	0x9c4c, 0x7b8b, 0x4a48, 0x7b8b, 0x7b8b, 0x7b8b, 0x7b8b, 0x7b8b, 0x7b8b, 0x7b8b, 0x7b8b, 0x7b8b,
	0x7b8b, 0x7b8b, 0x7b8b, 0x7b8b, 0x9c4c, 0x7b8b, 0x4a48, 0x7b8b, 0x7b8b, 0x7b8b, 0x7b8b, 0x7b8b,
	0x7b8b, 0x7b8b, 0x7b8b, 0x7b8b, 0x7b8b, 0x7b8b, 0x7b8b, 0x7b8b, 0x9c4c, 0x7b8b, 0x4a48, 0x7b8b,
	0x7b8b, 0x7b8b, 0x7b8b, 0x7b8b, 0x7b8b, 0x7b8b, 0x7b8b, 0x7b8b, 0x7b8b, 0x7b8b, 0x7b8b, 0x7b8b,
	0x9c4c, 0x7b8b, 0x4a48, 0x7b8b, 0x7b8b, 0x7b8b, 0x7b8b, 0x7b8b, 0x7b8b, 0x7b8b, 0x7b8b, 0x7b8b,
	0x7b8b, 0x7b8b, 0x7b8b, 0x7b8b, 0x9c4c, 0x7b8b, 0x4a48, 0x7b8b, 0x7b8b, 0x7b8b, 0x7b8b, 0x7b8b,
	0x7b8b, 0x7b8b, 0x7b8b, 0x7b8b, 0x7b8b, 0x7b8b, 0x7b8b, 0x7b8b, 0x9c4c, 0x7b8b, 0x4a48, 0x7b8b,
	0x7b8b, 0x7b8b, 0x7b8b, 0x7b8b, 0x7b8b, 0x7b8b, 0x7b8b, 0x7b8b, 0x7b8b, 0x0000, 0x738b, 0x738b,
	0x738b, 0x738b, 0x738b, 0x738b, 0x738b, 0x738b, 0x738b, 0x738b, 0x738b, 0x738b, 0x738b, 0x738b,
	0x738b, 0x738b, 0x738b, 0x738b, 0x738b, 0x738b, 0x738b, 0x738b, 0x738b, 0x738b, 0x738b, 0x738b,
	0x738b, 0x738b, 0x738b, 0x738b, 0x0000, 0x0000, 0x738b, 0x738b, 0x738b, 0x738b, 0x738b, 0x738b,
	0x738b, 0x738b, 0x738b, 0x738b, 0x738b, 0x738b, 0x738b, 0x738b, 0x738b, 0x738b, 0x738b, 0x738b,
	0x738b, 0x738b, 0x738b, 0x738b, 0x738b, 0x738b, 0x738b, 0x738b, 0x738b, 0x738b, 0x738b, 0x738b,
	0x738b, 0x738b, 0x738b, 0x738b, 0x738b, 0x738b, 0x738b, 0x738b, 0x738b, 0x738b, 0x738b, 0x738b,
	0x738b, 0x738b, 0x738b, 0x738b, 0x738b, 0x738b, 0x738b, 0x738b, 0x738b, 0x738b, 0x738b, 0x738b,
	0x738b, 0x738b, 0x738b, 0x738b, 0x738b, 0x738b, 0x738b, 0x738b, 0x738b, 0x738b, 0x738b, 0x738b,
	0x738b, 0x738b, 0x738b, 0x738b, 0x738b, 0x738b, 0x738b, 0x738b, 0x738b, 0x738b, 0x738b, 0x738b,
	0x738b, 0x738b, 0x738b, 0x738b, 0x738b, 0x738b, 0x738b, 0x738b, 0x738b, 0x738b, 0x738b, 0x738b,
	0x738b, 0x0000, 0x7b8b, 0x7b8b, 0x7b8b, 0x7b8b, 0x7b8b, 0x9c4c, 0x7b8b, 0x4a48, 0x7b8b, 0x7b8b,
	0x7b8b, 0x7b8b, 0x7b8b, 0x7b8b, 0x7b8b, 0x7b8b, 0x7b8b, 0x7b8b, 0x7b8b, 0x7b8b, 0x7b8b, 0x9c4c,
	0x7b8b, 0x4a48, 0x7b8b, 0x7b8b, 0x7b8b, 0x7b8b, 0x7b8b, 0x7b8b, 0x7b8b, 0x7b8b, 0x7b8b, 0x7b8b,
	0x7b8b, 0x7b8b, 0x7b8b, 0x9c4c, 0x7b8b, 0x4a48, 0x7b8b, 0x7b8b, 0x7b8b, 0x7b8b, 0x7b8b, 0x7b8b,
	0x7b8b, 0x7b8b, 0x7b8b, 0x7b8b, 0x7b8b, 0x7b8b, 0x7b8b, 0x9c4c, 0x7b8b, 0x4a48, 0x7b8b, 0x7b8b,
	0x7b8b, 0x7b8b, 0x7b8b, 0x7b8b, 0x7b8b, 0x7b8b, 0x7b8b, 0x7b8b, 0x7b8b, 0x7b8b, 0x7b8b, 0x9c4c,
	0x7b8b, 0x4a48, 0x7b8b, 0x7b8b, 0x7b8b, 0x7b8b, 0x7b8b, 0x7b8b, 0x7b8b, 0x7b8b, 0x7b8b, 0x7b8b,
	0x7b8b, 0x7b8b, 0x7b8b, 0x9c4c, 0x7b8b, 0x4a48, 0x7b8b, 0x7b8b, 0x7b8b, 0x7b8b, 0x7b8b, 0x7b8b,
	0x7b8b, 0x7b8b, 0x7b8b, 0x7b8b, 0x7b8b, 0x7b8b, 0x0000, 0x738b, 0x738b, 0x738b, 0x738b, 0x738b,
	0x738b, 0x738b, 0x738b, 0x738b, 0x738b, 0x738b, 0x738b, 0x738b, 0x738b, 0x738b, 0x738b, 0x738b,
	0x738b, 0x738b, 0x738b, 0x738b, 0x738b, 0x738b, 0x738b, 0x738b, 0x738b, 0x738b, 0x738b, 0x738b,
	0x0000, 0x8289, 0x0000, 0x738b, 0x738b, 0x738b, 0x738b, 0x738b, 0x738b, 0x738b, 0x738b, 0x738b,
	0x738b, 0x738b, 0x738b, 0x738b, 0x738b, 0x738b, 0x738b, 0x738b, 0x738b, 0x738b, 0x738b, 0x738b,
	0x738b, 0x738b, 0x738b, 0x738b, 0x738b, 0x738b, 0x738b, 0x738b, 0x738b, 0x738b, 0x738b, 0x738b,
	0x738b, 0x738b, 0x738b, 0x738b, 0x738b, 0x738b, 0x738b, 0x738b, 0x738b, 0x738b, 0x738b, 0x738b,
	0x738b, 0x738b, 0x738b, 0x738b, 0x738b, 0x738b, 0x738b, 0x738b, 0x738b, 0x738b, 0x738b, 0x738b,
	0x738b, 0x738b, 0x738b, 0x738b, 0x738b, 0x738b, 0x738b, 0x738b, 0x738b, 0x738b, 0x738b, 0x738b,
	0x738b, 0x738b, 0x738b, 0x738b, 0x738b, 0x738b, 0x738b, 0x738b, 0x738b, 0x738b, 0x738b, 0x738b,
	0x738b, 0x738b, 0x738b, 0x738b, 0x738b, 0x738b, 0x738b, 0x738b, 0x0000, 0x7b8b, 0x7b8b, 0x7b8b,
	0x7b8b, 0x7b8b, 0x9c4c, 0x7b8b, 0x4a48, 0x7b8b, 0x7b8b, 0x7b8b, 0x7b8b, 0x7b8b, 0x7b8b, 0x7b8b,
	0x7b8b, 0x7b8b, 0x7b8b, 0x7b8b, 0x7b8b, 0x7b8b, 0x9c4c, 0x7b8b, 0x4a48, 0x7b8b, 0x7b8b, 0x7b8b,
	0x7b8b, 0x7b8b, 0x7b8b, 0x7b8b, 0x7b8b, 0x7b8b, 0x7b8b, 0x7b8b, 0x7b8b, 0x7b8b, 0x9c4c, 0x7b8b,
	0x4a48, 0x7b8b, 0x7b8b, 0x7b8b, 0x7b8b, 0x7b8b, 0x7b8b, 0x7b8b, 0x7b8b, 0x7b8b, 0x7b8b, 0x7b8b,
	0x7b8b, 0x7b8b, 0x9c4c, 0x7b8b, 0x4a48, 0x7b8b, 0x7b8b, 0x7b8b, 0x7b8b, 0x7b8b, 0x7b8b, 0x7b8b,
	0x7b8b, 0x7b8b, 0x7b8b, 0x7b8b, 0x7b8b, 0x7b8b, 0x9c4c, 0x7b8b, 0x4a48, 0x7b8b, 0x7b8b, 0x7b8b,
	0x7b8b, 0x7b8b, 0x7b8b, 0x7b8b, 0x7b8b, 0x7b8b, 0x7b8b, 0x7b8b, 0x7b8b, 0x7b8b, 0x9c4c, 0x7b8b,
	0x4a48, 0x7b8b, 0x7b8b, 0x7b8b, 0x7b8b, 0x7b8b, 0x7b8b, 0x7b8b, 0x7b8b, 0x7b8b, 0x7b8b, 0x7b8b,
	0x7b8b, 0x7b8b, 0x7b8b, 0x0000, 0x738b, 0x738b, 0x738b, 0x738b, 0x738b, 0x738b, 0x738b, 0x738b,
	0x738b, 0x738b, 0x738b, 0x738b, 0x738b, 0x738b, 0x738b, 0x738b, 0x738b, 0x738b, 0x738b, 0x738b,
	0x738b, 0x738b, 0x738b, 0x738b, 0x738b, 0x738b, 0x738b, 0x738b, 0x0000, 0xb3cc, 0x8289, 0x0000,
	0x738b, 0x738b, 0x738b, 0x738b, 0x738b, 0x738b, 0x738b, 0x738b, 0x738b, 0x738b, 0x738b, 0x738b,
	0x738b, 0x738b, 0x738b, 0x738b, 0x738b, 0x738b, 0x738b, 0x738b, 0x738b, 0x738b, 0x738b, 0x738b,
	0x738b, 0x738b, 0x738b, 0x738b, 0x738b, 0x738b, 0x738b, 0x738b, 0x738b, 0x738b, 0x738b, 0x738b,
	0x738b, 0x738b, 0x738b, 0x738b, 0x738b, 0x738b, 0x738b, 0x738b, 0x738b, 0x738b, 0x738b, 0x738b,
	0x738b, 0x738b, 0x738b, 0x738b, 0x738b, 0x738b, 0x738b, 0x738b, 0x738b, 0x738b, 0x738b, 0x738b,
	0x738b, 0x738b, 0x738b, 0x738b, 0x738b, 0x738b, 0x738b, 0x738b, 0x738b, 0x738b, 0x738b, 0x738b,
	0x738b, 0x738b, 0x738b, 0x738b, 0x738b, 0x738b, 0x738b, 0x738b, 0x738b, 0x738b, 0x738b, 0x738b,
	0x738b, 0x738b, 0x738b, 0x0000, 0x7b8b, 0x7b8b, 0x7b8b, 0x7b8b, 0x7b8b, 0x9c4c, 0x7b8b, 0x4a48,
	0x7b8b, 0x7b8b, 0x7b8b, 0x7b8b, 0x7b8b, 0x7b8b, 0x7b8b, 0x7b8b, 0x7b8b, 0x7b8b, 0x7b8b, 0x7b8b,
	0x7b8b, 0x9c4c, 0x7b8b, 0x4a48, 0x7b8b, 0x7b8b, 0x7b8b, 0x7b8b, 0x7b8b, 0x7b8b, 0x7b8b, 0x7b8b,
	0x7b8b, 0x7b8b, 0x7b8b, 0x7b8b, 0x7b8b, 0x9c4c, 0x7b8b, 0x4a48, 0x7b8b, 0x7b8b, 0x7b8b, 0x7b8b,
	0x7b8b, 0x7b8b, 0x7b8b, 0x7b8b, 0x7b8b, 0x7b8b, 0x7b8b, 0x7b8b, 0x7b8b, 0x9c4c, 0x7b8b, 0x4a48,
	0x7b8b, 0x7b8b, 0x7b8b, 0x7b8b, 0x7b8b, 0x7b8b, 0x7b8b, 0x7b8b, 0x7b8b, 0x7b8b, 0x7b8b, 0x7b8b,
	0x7b8b, 0x9c4c, 0x7b8b, 0x4a48, 0x7b8b, 0x7b8b, 0x7b8b, 0x7b8b, 0x7b8b, 0x7b8b, 0x7b8b, 0x7b8b,
	0x7b8b, 0x7b8b, 0x7b8b, 0x7b8b, 0x7b8b, 0x9c4c, 0x7b8b, 0x4a48, 0x7b8b, 0x7b8b, 0x7b8b, 0x7b8b,
	0x7b8b, 0x7b8b, 0x7b8b, 0x7b8b, 0x7b8b, 0x7b8b, 0x7b8b, 0x7b8b, 0x7b8b, 0x7b8b, 0x7b8b, 0x7b8b,
	0x0000, 0x738b, 0x738b, 0x738b, 0x738b, 0x738b, 0x738b, 0x738b, 0x738b, 0x738b, 0x738b, 0x738b,
	0x738b, 0x738b, 0x738b, 0x738b, 0x738b, 0x738b, 0x738b, 0x738b, 0x738b, 0x738b, 0x738b, 0x738b,
	0x738b, 0x738b, 0x738b, 0x738b, 0x0000, 0x8289, 0x8289, 0x8289, 0x0000, 0x738b, 0x738b, 0x738b,
	0x738b, 0x738b, 0x738b, 0x738b, 0x738b, 0x738b, 0x738b, 0x738b, 0x738b, 0x738b, 0x738b, 0x738b,
	0x738b, 0x738b, 0x738b, 0x738b, 0x738b, 0x738b, 0x738b, 0x738b, 0x738b, 0x738b, 0x738b, 0x738b,
	0x738b, 0x738b, 0x738b, 0x738b, 0x738b, 0x738b, 0x738b, 0x738b, 0x738b, 0x738b, 0x738b, 0x738b,
	0x738b, 0x738b, 0x738b, 0x738b, 0x738b, 0x738b, 0x738b, 0x738b, 0x738b, 0x738b, 0x738b, 0x738b,
	0x738b, 0x738b, 0x738b, 0x738b, 0x738b, 0x738b, 0x738b, 0x738b, 0x738b, 0x738b, 0x738b, 0x738b,
	0x738b, 0x738b, 0x738b, 0x738b, 0x738b, 0x738b, 0x738b, 0x738b, 0x738b, 0x738b, 0x738b, 0x738b,
	0x738b, 0x738b, 0x738b, 0x738b, 0x738b, 0x738b, 0x738b, 0x738b, 0x738b, 0x738b, 0x0000, 0x7b8b,
	0x7b8b, 0x7b8b, 0x7b8b, 0x7b8b, 0x9c4c, 0x7b8b, 0x4a48, 0x7b8b, 0x7b8b, 0x7b8b, 0x7b8b, 0x7b8b,
	0x7b8b, 0x7b8b, 0x7b8b, 0x7b8b, 0x7b8b, 0x7b8b, 0x7b8b, 0x7b8b, 0x9c4c, 0x7b8b, 0x4a48, 0x7b8b,
	0x7b8b, 0x7b8b, 0x7b8b, 0x7b8b, 0x7b8b, 0x7b8b, 0x7b8b, 0x7b8b, 0x7b8b, 0x7b8b, 0x7b8b, 0x7b8b,
	0x9c4c, 0x7b8b, 0x4a48, 0x7b8b, 0x7b8b, 0x7b8b, 0x7b8b, 0x7b8b, 0x7b8b, 0x7b8b, 0x7b8b, 0x7b8b,
	0x7b8b, 0x7b8b, 0x7b8b, 0x7b8b, 0x9c4c, 0x7b8b, 0x4a48, 0x7b8b, 0x7b8b, 0x7b8b, 0x7b8b, 0x7b8b,
	0x7b8b, 0x7b8b, 0x7b8b, 0x7b8b, 0x7b8b, 0x7b8b, 0x7b8b, 0x7b8b, 0x9c4c, 0x7b8b, 0x4a48, 0x7b8b,
	0x7b8b, 0x7b8b, 0x7b8b, 0x7b8b, 0x7b8b, 0x7b8b, 0x7b8b, 0x7b8b, 0x7b8b, 0x7b8b, 0x7b8b, 0x7b8b,
	0x9c4c, 0x7b8b, 0x4a48, 0x7b8b, 0x7b8b, 0x7b8b, 0x7b8b, 0x7b8b, 0x7b8b, 0x7b8b, 0x7b8b, 0x7b8b,
	0x7b8b, 0x7b8b, 0x7b8b, 0x7b8b, 0x7b8b, 0x7b8b, 0x7b8b, 0x7b8b, 0x7b8b, 0x0000, 0x738b, 0x738b,
	0x738b, 0x738b, 0x738b, 0x738b, 0x738b, 0x738b, 0x738b, 0x738b, 0x738b, 0x738b, 0x738b, 0x738b,
	0x738b, 0x738b, 0x738b, 0x738b, 0x738b, 0x738b, 0x738b, 0x738b, 0x738b, 0x738b, 0x738b, 0x738b,
	0x0000, 0xb3cc, 0x8289, 0xb3cc, 0x8289, 0x0000, 0x738b, 0x738b, 0x738b, 0x738b, 0x738b, 0x738b,
	0x738b, 0x738b, 0x738b, 0x738b, 0x738b, 0x738b, 0x738b, 0x738b, 0x738b, 0x738b, 0x738b, 0x738b,
	0x738b, 0x738b, 0x738b, 0x738b, 0x738b, 0x738b, 0x738b, 0x738b, 0x738b, 0x738b, 0x738b, 0x738b,
	0x738b, 0x738b, 0x738b, 0x738b, 0x738b, 0x738b, 0x738b, 0x738b, 0x738b, 0x738b, 0x738b, 0x738b,
	0x738b, 0x738b, 0x738b, 0x738b, 0x738b, 0x738b, 0x738b, 0x738b, 0x738b, 0x738b, 0x738b, 0x738b,
	0x738b, 0x738b, 0x738b, 0x738b, 0x738b, 0x738b, 0x738b, 0x738b, 0x738b, 0x738b, 0x738b, 0x738b,
	0x738b, 0x738b, 0x738b, 0x738b, 0x738b, 0x738b, 0x738b, 0x738b, 0x738b, 0x738b, 0x738b, 0x738b,
	0x738b, 0x738b, 0x738b, 0x738b, 0x738b, 0x0000, 0x9c4c, 0x9c4c, 0x9c4c, 0x9c4c, 0x9c4c, 0x9c4c,
	0x7b8b, 0x4a48, 0x7b8b, 0x9c4c, 0x9c4c, 0x9c4c, 0x9c4c, 0x9c4c, 0x9c4c, 0x9c4c, 0x9c4c, 0x9c4c,
	0x9c4c, 0x9c4c, 0x9c4c, 0x9c4c, 0x7b8b, 0x4a48, 0x7b8b, 0x9c4c, 0x9c4c, 0x9c4c, 0x9c4c, 0x9c4c,
	0x9c4c, 0x9c4c, 0x9c4c, 0x9c4c, 0x9c4c, 0x9c4c, 0x9c4c, 0x9c4c, 0x7b8b, 0x4a48, 0x7b8b, 0x9c4c,
	0x9c4c, 0x9c4c, 0x9c4c, 0x9c4c, 0x9c4c, 0x9c4c, 0x9c4c, 0x9c4c, 0x9c4c, 0x9c4c, 0x9c4c, 0x9c4c,
	0x7b8b, 0x4a48, 0x7b8b, 0x9c4c, 0x9c4c, 0x9c4c, 0x9c4c, 0x9c4c, 0x9c4c, 0x9c4c, 0x9c4c, 0x9c4c,
	0x9c4c, 0x9c4c, 0x9c4c, 0x9c4c, 0x7b8b, 0x4a48, 0x7b8b, 0x9c4c, 0x9c4c, 0x9c4c, 0x9c4c, 0x9c4c,
	0x9c4c, 0x9c4c, 0x9c4c, 0x9c4c, 0x9c4c, 0x9c4c, 0x9c4c, 0x9c4c, 0x7b8b, 0x4a48, 0x7b8b, 0x9c4c,
	0x9c4c, 0x9c4c, 0x9c4c, 0x9c4c, 0x9c4c, 0x9c4c, 0x9c4c, 0x9c4c, 0x9c4c, 0x9c4c, 0x9c4c, 0x9c4c,
	0x9c4c, 0x9c4c, 0x9c4c, 0x9c4c, 0x9c4c, 0x9c4c, 0x0000, 0x738b, 0x738b, 0x738b, 0x738b, 0x738b,
	0x738b, 0x738b, 0x738b, 0x738b, 0x738b, 0x738b, 0x738b, 0x738b, 0x738b, 0x738b, 0x738b, 0x738b,
	0x738b, 0x738b, 0x738b, 0x738b, 0x738b, 0x738b, 0x738b, 0x738b, 0x0000, 0x8289, 0x8289, 0x8289,
	0x8289, 0x8289, 0x0000, 0x738b, 0x738b, 0x738b, 0x738b, 0x738b, 0x738b, 0x738b, 0x738b, 0x738b,
	0x738b, 0x738b, 0x738b, 0x738b, 0x738b, 0x738b, 0x738b, 0x738b, 0x738b, 0x738b, 0x738b, 0x738b,
	0x738b, 0x738b, 0x738b, 0x738b, 0x738b, 0x738b, 0x738b, 0x738b, 0x738b, 0x738b, 0x738b, 0x738b,
	0x738b, 0x738b, 0x738b, 0x738b, 0x738b, 0x738b, 0x738b, 0x738b, 0x738b, 0x738b, 0x738b, 0x738b,
	0x738b, 0x738b, 0x738b, 0x738b, 0x738b, 0x738b, 0x738b, 0x738b, 0x738b, 0x738b, 0x738b, 0x738b,
	0x738b, 0x738b, 0x738b, 0x738b, 0x738b, 0x738b, 0x738b, 0x738b, 0x738b, 0x738b, 0x738b, 0x738b,
	0x738b, 0x738b, 0x738b, 0x738b, 0x738b, 0x738b, 0x738b, 0x738b, 0x738b, 0x738b, 0x738b, 0x738b,
	0x0000, 0x4a48, 0x4a48, 0x4a48, 0x4a48, 0x4a48, 0x4a48, 0x4a48, 0x4a48, 0x4a48, 0x4a48, 0x4a48,
	0x4a48, 0x4a48, 0x4a48, 0x4a48, 0x4a48, 0x4a48, 0x4a48, 0x4a48, 0x4a48, 0x4a48, 0x4a48, 0x4a48,
	0x4a48, 0x4a48, 0x4a48, 0x4a48, 0x4a48, 0x4a48, 0x4a48, 0x4a48, 0x4a48, 0x4a48, 0x4a48, 0x4a48,
	0x4a48, 0x4a48, 0x4a48, 0x4a48, 0x4a48, 0x4a48, 0x4a48, 0x4a48, 0x4a48, 0x4a48, 0x4a48, 0x4a48,
	0x4a48, 0x4a48, 0x4a48, 0x4a48, 0x4a48, 0x4a48, 0x4a48, 0x4a48, 0x4a48, 0x4a48, 0x4a48, 0x4a48,
	0x4a48, 0x4a48, 0x4a48, 0x4a48, 0x4a48, 0x4a48, 0x4a48, 0x4a48, 0x4a48, 0x4a48, 0x4a48, 0x4a48,
	0x4a48, 0x4a48, 0x4a48, 0x4a48, 0x4a48, 0x4a48, 0x4a48, 0x4a48, 0x4a48, 0x4a48, 0x4a48, 0x4a48,
	0x4a48, 0x4a48, 0x4a48, 0x4a48, 0x4a48, 0x4a48, 0x4a48, 0x4a48, 0x4a48, 0x4a48, 0x4a48, 0x4a48,
	0x4a48, 0x4a48, 0x4a48, 0x4a48, 0x4a48, 0x4a48, 0x4a48, 0x4a48, 0x4a48, 0x4a48, 0x4a48, 0x4a48,
	0x4a48, 0x4a48, 0x4a48, 0x0000, 0x738b, 0x738b, 0x738b, 0x738b, 0x738b, 0x738b, 0x738b, 0x738b,
	0x738b, 0x738b, 0x738b, 0x738b, 0x738b, 0x738b, 0x738b, 0x738b, 0x738b, 0x738b, 0x738b, 0x738b,
	0x738b, 0x738b, 0x738b, 0x738b, 0x0000, 0xb3cc, 0x8289, 0x0000, 0x8289, 0xb3cc, 0x8289, 0x0000,
	0x738b, 0x738b, 0x738b, 0x738b, 0x738b, 0x738b, 0x738b, 0x738b, 0x738b, 0x738b, 0x738b, 0x738b,
	0x738b, 0x738b, 0x738b, 0x738b, 0x738b, 0x738b, 0x738b, 0x738b, 0x738b, 0x738b, 0x738b, 0x738b,
	0x738b, 0x738b, 0x738b, 0x738b, 0x738b, 0x738b, 0x738b, 0x738b, 0x738b, 0x738b, 0x738b, 0x738b,
	0x738b, 0x738b, 0x738b, 0x738b, 0x738b, 0x738b, 0x738b, 0x738b, 0x738b, 0x738b, 0x738b, 0x738b,
	0x738b, 0x738b, 0x738b, 0x738b, 0x738b, 0x738b, 0x738b, 0x738b, 0x738b, 0x738b, 0x738b, 0x738b,
	0x738b, 0x738b, 0x738b, 0x738b, 0x738b, 0x738b, 0x738b, 0x738b, 0x738b, 0x738b, 0x738b, 0x738b,
	0x738b, 0x738b, 0x738b, 0x738b, 0x738b, 0x738b, 0x738b, 0x0000, 0x7b8b, 0x7b8b, 0x7b8b, 0x7b8b,
	0x7b8b, 0x7b8b, 0x7b8b, 0x7b8b, 0x7b8b, 0x7b8b, 0x7b8b, 0x7b8b, 0x7b8b, 0x9c4c, 0x7b8b, 0x4a48,
	0x7b8b, 0x7b8b, 0x7b8b, 0x7b8b, 0x7b8b, 0x7b8b, 0x7b8b, 0x7b8b, 0x7b8b, 0x7b8b, 0x7b8b, 0x7b8b,
	0x7b8b, 0x9c4c, 0x7b8b, 0x4a48, 0x7b8b, 0x7b8b, 0x7b8b, 0x7b8b, 0x7b8b, 0x7b8b, 0x7b8b, 0x7b8b,
	0x7b8b, 0x7b8b, 0x7b8b, 0x7b8b, 0x7b8b, 0x9c4c, 0x7b8b, 0x4a48, 0x7b8b, 0x7b8b, 0x7b8b, 0x7b8b,
	0x7b8b, 0x7b8b, 0x7b8b, 0x7b8b, 0x7b8b, 0x7b8b, 0x7b8b, 0x7b8b, 0x7b8b, 0x9c4c, 0x7b8b, 0x4a48,
	0x7b8b, 0x7b8b, 0x7b8b, 0x7b8b, 0x7b8b, 0x7b8b, 0x7b8b, 0x7b8b, 0x7b8b, 0x7b8b, 0x7b8b, 0x7b8b,
	0x7b8b, 0x9c4c, 0x7b8b, 0x4a48, 0x7b8b, 0x7b8b, 0x7b8b, 0x7b8b, 0x7b8b, 0x7b8b, 0x7b8b, 0x7b8b,
	0x7b8b, 0x7b8b, 0x7b8b, 0x7b8b, 0x7b8b, 0x9c4c, 0x7b8b, 0x4a48, 0x7b8b, 0x7b8b, 0x7b8b, 0x7b8b,
	0x7b8b, 0x7b8b, 0x7b8b, 0x7b8b, 0x7b8b, 0x7b8b, 0x7b8b, 0x7b8b, 0x7b8b, 0x9c4c, 0x7b8b, 0x4a48,
	0x0000, 0x738b, 0x738b, 0x738b, 0x738b, 0x738b, 0x738b, 0x738b, 0x738b, 0x738b, 0x738b, 0x738b,
	0x738b, 0x738b, 0x738b, 0x738b, 0x738b, 0x738b, 0x738b, 0x738b, 0x738b, 0x738b, 0x738b, 0x738b,
	0x0000, 0x8289, 0x8289, 0x0000, 0x0000, 0x8289, 0x8289, 0x8289, 0x0000, 0x738b, 0x738b, 0x738b,
	0x738b, 0x738b, 0x738b, 0x738b, 0x738b, 0x738b, 0x738b, 0x738b, 0x738b, 0x738b, 0x738b, 0x738b,
	0x738b, 0x738b, 0x738b, 0x738b, 0x738b, 0x738b, 0x738b, 0x738b, 0x738b, 0x738b, 0x738b, 0x738b,
	0x738b, 0x738b, 0x738b, 0x738b, 0x738b, 0x738b, 0x738b, 0x738b, 0x738b, 0x738b, 0x738b, 0x738b,
	0x738b, 0x738b, 0x738b, 0x738b, 0x738b, 0x738b, 0x738b, 0x738b, 0x738b, 0x738b, 0x738b, 0x738b,
	0x738b, 0x738b, 0x738b, 0x738b, 0x738b, 0x738b, 0x738b, 0x738b, 0x738b, 0x738b, 0x738b, 0x738b,
	0x738b, 0x738b, 0x738b, 0x738b, 0x738b, 0x738b, 0x738b, 0x738b, 0x738b, 0x738b, 0x738b, 0x738b,
	0x738b, 0x738b, 0x0000, 0x7b8b, 0x7b8b, 0x7b8b, 0x7b8b, 0x7b8b, 0x7b8b, 0x7b8b, 0x7b8b, 0x7b8b,
	0x7b8b, 0x7b8b, 0x7b8b, 0x7b8b, 0x9c4c, 0x7b8b, 0x4a48, 0x7b8b, 0x7b8b, 0x7b8b, 0x7b8b, 0x7b8b,
	0x7b8b, 0x7b8b, 0x7b8b, 0x7b8b, 0x7b8b, 0x7b8b, 0x7b8b, 0x7b8b, 0x9c4c, 0x7b8b, 0x4a48, 0x7b8b,
	0x7b8b, 0x7b8b, 0x7b8b, 0x7b8b, 0x7b8b, 0x7b8b, 0x7b8b, 0x7b8b, 0x7b8b, 0x7b8b, 0x7b8b, 0x7b8b,
	0x9c4c, 0x7b8b, 0x4a48, 0x7b8b, 0x7b8b, 0x7b8b, 0x7b8b, 0x7b8b, 0x7b8b, 0x7b8b, 0x7b8b, 0x7b8b,
	0x7b8b, 0x7b8b, 0x7b8b, 0x7b8b, 0x9c4c, 0x7b8b, 0x4a48, 0x7b8b, 0x7b8b, 0x7b8b, 0x7b8b, 0x7b8b,
	0x7b8b, 0x7b8b, 0x7b8b, 0x7b8b, 0x7b8b, 0x7b8b, 0x7b8b, 0x7b8b, 0x9c4c, 0x7b8b, 0x4a48, 0x7b8b,
	0x7b8b, 0x7b8b, 0x7b8b, 0x7b8b, 0x7b8b, 0x7b8b, 0x7b8b, 0x7b8b, 0x7b8b, 0x7b8b, 0x7b8b, 0x7b8b,
	0x9c4c, 0x7b8b, 0x4a48, 0x7b8b, 0x7b8b, 0x7b8b, 0x7b8b, 0x7b8b, 0x7b8b, 0x7b8b, 0x7b8b, 0x7b8b,
	0x7b8b, 0x7b8b, 0x7b8b, 0x7b8b, 0x9c4c, 0x7b8b, 0x4a48, 0x7b8b, 0x7b8b, 0x0000, 0x738b, 0x738b,
	0x738b, 0x738b, 0x738b, 0x738b, 0x738b, 0x738b, 0x738b, 0x738b, 0x738b, 0x738b, 0x738b, 0x738b,
	0x738b, 0x738b, 0x738b, 0x738b, 0x738b, 0x738b, 0x738b, 0x738b, 0x0000, 0xb3cc, 0x8289, 0x0000,
	0x8289, 0x0000, 0x8289, 0xb3cc, 0x8289, 0x0000, 0x738b, 0x738b, 0x738b, 0x738b, 0x738b, 0x738b,
	0x738b, 0x738b, 0x738b, 0x738b, 0x738b, 0x738b, 0x738b, 0x738b, 0x738b, 0x738b, 0x738b, 0x738b,
	0x738b, 0x738b, 0x738b, 0x738b, 0x738b, 0x738b, 0x738b, 0x738b, 0x738b, 0x738b, 0x738b, 0x738b,
	0x738b, 0x738b, 0x738b, 0x738b, 0x738b, 0x738b, 0x738b, 0x738b, 0x738b, 0x738b, 0x738b, 0x738b,
	0x738b, 0x738b, 0x738b, 0x738b, 0x738b, 0x738b, 0x738b, 0x738b, 0x738b, 0x738b, 0x738b, 0x738b,
	0x738b, 0x738b, 0x738b, 0x738b, 0x738b, 0x738b, 0x738b, 0x738b, 0x738b, 0x738b, 0x738b, 0x738b,
	0x738b, 0x738b, 0x738b, 0x738b, 0x738b, 0x738b, 0x738b, 0x738b, 0x738b, 0x0000, 0x7b8b, 0x7b8b,
	0x7b8b, 0x7b8b, 0x7b8b, 0x7b8b, 0x7b8b, 0x7b8b, 0x7b8b, 0x7b8b, 0x7b8b, 0x7b8b, 0x7b8b, 0x9c4c,
	0x7b8b, 0x4a48, 0x7b8b, 0x7b8b, 0x7b8b, 0x7b8b, 0x7b8b, 0x7b8b, 0x7b8b, 0x7b8b, 0x7b8b, 0x7b8b,
	0x7b8b, 0x7b8b, 0x7b8b, 0x9c4c, 0x7b8b, 0x4a48, 0x7b8b, 0x7b8b, 0x7b8b, 0x7b8b, 0x7b8b, 0x7b8b,
	0x7b8b, 0x7b8b, 0x7b8b, 0x7b8b, 0x7b8b, 0x7b8b, 0x7b8b, 0x9c4c, 0x7b8b, 0x4a48, 0x7b8b, 0x7b8b,
	0x7b8b, 0x7b8b, 0x7b8b, 0x7b8b, 0x7b8b, 0x7b8b, 0x7b8b, 0x7b8b, 0x7b8b, 0x7b8b, 0x7b8b, 0x9c4c,
	0x7b8b, 0x4a48, 0x7b8b, 0x7b8b, 0x7b8b, 0x7b8b, 0x7b8b, 0x7b8b, 0x7b8b, 0x7b8b, 0x7b8b, 0x7b8b,
	0x7b8b, 0x7b8b, 0x7b8b, 0x9c4c, 0x7b8b, 0x4a48, 0x7b8b, 0x7b8b, 0x7b8b, 0x7b8b, 0x7b8b, 0x7b8b,
	0x7b8b, 0x7b8b, 0x7b8b, 0x7b8b, 0x7b8b, 0x7b8b, 0x7b8b, 0x9c4c, 0x7b8b, 0x4a48, 0x7b8b, 0x7b8b,
	0x7b8b, 0x7b8b, 0x7b8b, 0x7b8b, 0x7b8b, 0x7b8b, 0x7b8b, 0x7b8b, 0x7b8b, 0x7b8b, 0x7b8b, 0x9c4c,
	0x7b8b, 0x4a48, 0x7b8b, 0x7b8b, 0x7b8b, 0x7b8b, 0x0000, 0x738b, 0x738b, 0x738b, 0x738b, 0x738b,
	0x738b, 0x738b, 0x738b, 0x738b, 0x738b, 0x738b, 0x738b, 0x738b, 0x738b, 0x738b, 0x738b, 0x738b,
	0x738b, 0x738b, 0x738b, 0x738b, 0x0000, 0x8289, 0x8289, 0x0000, 0x8289, 0x8289, 0x0000, 0x8289,
	0x8289, 0x8289, 0x0000, 0x738b, 0x738b, 0x738b, 0x738b, 0x738b, 0x738b, 0x738b, 0x738b, 0x738b,
	0x738b, 0x738b, 0x738b, 0x738b, 0x738b, 0x738b, 0x738b, 0x738b, 0x738b, 0x738b, 0x738b, 0x738b,
	0x738b, 0x738b, 0x738b, 0x738b, 0x738b, 0x738b, 0x738b, 0x738b, 0x738b, 0x738b, 0x738b, 0x738b,
	0x738b, 0x738b, 0x738b, 0x738b, 0x738b, 0x738b, 0x738b, 0x738b, 0x738b, 0x738b, 0x738b, 0x738b,
	0x738b, 0x738b, 0x738b, 0x738b, 0x738b, 0x738b, 0x738b, 0x738b, 0x738b, 0x738b, 0x738b, 0x738b,
	0x738b, 0x738b, 0x738b, 0x738b, 0x738b, 0x738b, 0x738b, 0x738b, 0x738b, 0x738b, 0x738b, 0x738b,
	0x738b, 0x738b, 0x738b, 0x738b, 0x0000, 0x7b8b, 0x7b8b, 0x7b8b, 0x7b8b, 0x7b8b, 0x7b8b, 0x7b8b,
	0x7b8b, 0x7b8b, 0x7b8b, 0x7b8b, 0x7b8b, 0x7b8b, 0x9c4c, 0x7b8b, 0x4a48, 0x7b8b, 0x7b8b, 0x7b8b,
	0x7b8b, 0x7b8b, 0x7b8b, 0x7b8b, 0x7b8b, 0x7b8b, 0x7b8b, 0x7b8b, 0x7b8b, 0x7b8b, 0x9c4c, 0x7b8b,
	0x4a48, 0x7b8b, 0x7b8b, 0x7b8b, 0x7b8b, 0x7b8b, 0x7b8b, 0x7b8b, 0x7b8b, 0x7b8b, 0x7b8b, 0x7b8b,
	0x7b8b, 0x7b8b, 0x9c4c, 0x7b8b, 0x4a48, 0x7b8b, 0x7b8b, 0x7b8b, 0x7b8b, 0x7b8b, 0x7b8b, 0x7b8b,
	0x7b8b, 0x7b8b, 0x7b8b, 0x7b8b, 0x7b8b, 0x7b8b, 0x9c4c, 0x7b8b, 0x4a48, 0x7b8b, 0x7b8b, 0x7b8b,
	0x7b8b, 0x7b8b, 0x7b8b, 0x7b8b, 0x7b8b, 0x7b8b, 0x7b8b, 0x7b8b, 0x7b8b, 0x7b8b, 0x9c4c, 0x7b8b,
	0x4a48, 0x7b8b, 0x7b8b, 0x7b8b, 0x7b8b, 0x7b8b, 0x7b8b, 0x7b8b, 0x7b8b, 0x7b8b, 0x7b8b, 0x7b8b,
	0x7b8b, 0x7b8b, 0x9c4c, 0x7b8b, 0x4a48, 0x7b8b, 0x7b8b, 0x7b8b, 0x7b8b, 0x7b8b, 0x7b8b, 0x7b8b,
	0x7b8b, 0x7b8b, 0x7b8b, 0x7b8b, 0x7b8b, 0x7b8b, 0x9c4c, 0x7b8b, 0x4a48, 0x7b8b, 0x7b8b, 0x7b8b,
	0x7b8b, 0x7b8b, 0x7b8b, 0x0000, 0x738b, 0x738b, 0x738b, 0x738b, 0x738b, 0x738b, 0x738b, 0x738b,
	0x738b, 0x738b, 0x738b, 0x738b, 0x738b, 0x738b, 0x738b, 0x738b, 0x738b, 0x738b, 0x738b, 0x738b,
	0x0000, 0xb3cc, 0x8289, 0x0000, 0x8289, 0x8289, 0x8289, 0x0000, 0x8289, 0xb3cc, 0x8289, 0x0000,
	0x738b, 0x738b, 0x738b, 0x738b, 0x738b, 0x738b, 0x738b, 0x738b, 0x738b, 0x738b, 0x738b, 0x738b,
	0x738b, 0x738b, 0x738b, 0x738b, 0x738b, 0x738b, 0x738b, 0x738b, 0x738b, 0x738b, 0x738b, 0x738b,
	0x738b, 0x738b, 0x738b, 0x738b, 0x738b, 0x738b, 0x738b, 0x738b, 0x738b, 0x738b, 0x738b, 0x738b,
	0x738b, 0x738b, 0x738b, 0x738b, 0x738b, 0x738b, 0x738b, 0x738b, 0x738b, 0x738b, 0x738b, 0x738b,
	0x738b, 0x738b, 0x738b, 0x738b, 0x738b, 0x738b, 0x738b, 0x738b, 0x738b, 0x738b, 0x738b, 0x738b,
	0x738b, 0x738b, 0x738b, 0x738b, 0x738b, 0x738b, 0x738b, 0x738b, 0x738b, 0x738b, 0x738b, 0x0000,
	0x7b8b, 0x7b8b, 0x7b8b, 0x7b8b, 0x7b8b, 0x7b8b, 0x7b8b, 0x7b8b, 0x7b8b, 0x7b8b, 0x7b8b, 0x7b8b,
	0x7b8b, 0x9c4c, 0x7b8b, 0x4a48, 0x7b8b, 0x7b8b, 0x7b8b, 0x7b8b, 0x7b8b, 0x7b8b, 0x7b8b, 0x7b8b,
	0x7b8b, 0x7b8b, 0x7b8b, 0x7b8b, 0x7b8b, 0x9c4c, 0x7b8b, 0x4a48, 0x7b8b, 0x7b8b, 0x7b8b, 0x7b8b,
	0x7b8b, 0x7b8b, 0x7b8b, 0x7b8b, 0x7b8b, 0x7b8b, 0x7b8b, 0x7b8b, 0x7b8b, 0x9c4c, 0x7b8b, 0x4a48,
	0x7b8b, 0x7b8b, 0x7b8b, 0x7b8b, 0x7b8b, 0x7b8b, 0x7b8b, 0x7b8b, 0x7b8b, 0x7b8b, 0x7b8b, 0x7b8b,
	0x7b8b, 0x9c4c, 0x7b8b, 0x4a48, 0x7b8b, 0x7b8b, 0x7b8b, 0x7b8b, 0x7b8b, 0x7b8b, 0x7b8b, 0x7b8b,
	0x7b8b, 0x7b8b, 0x7b8b, 0x7b8b, 0x7b8b, 0x9c4c, 0x7b8b, 0x4a48, 0x7b8b, 0x7b8b, 0x7b8b, 0x7b8b,
	0x7b8b, 0x7b8b, 0x7b8b, 0x7b8b, 0x7b8b, 0x7b8b, 0x7b8b, 0x7b8b, 0x7b8b, 0x9c4c, 0x7b8b, 0x4a48,
	0x7b8b, 0x7b8b, 0x7b8b, 0x7b8b, 0x7b8b, 0x7b8b, 0x7b8b, 0x7b8b, 0x7b8b, 0x7b8b, 0x7b8b, 0x7b8b,
	0x7b8b, 0x9c4c, 0x7b8b, 0x4a48, 0x7b8b, 0x7b8b, 0x7b8b, 0x7b8b, 0x7b8b, 0x7b8b, 0x7b8b, 0x7b8b,
	0x0000, 0x738b, 0x738b, 0x738b, 0x738b, 0x738b, 0x738b, 0x738b, 0x738b, 0x738b, 0x738b, 0x738b,
	0x738b, 0x738b, 0x738b, 0x738b, 0x738b, 0x738b, 0x738b, 0x738b, 0x0000, 0x8289, 0x8289, 0x0000,
	0x8289, 0xa309, 0x8289, 0x8289, 0x0000, 0x8289, 0x8289, 0x8289, 0x0000, 0x738b, 0x738b, 0x738b,
	0x738b, 0x738b, 0x738b, 0x738b, 0x738b, 0x738b, 0x738b, 0x738b, 0x738b, 0x738b, 0x738b, 0x738b,
	0x738b, 0x738b, 0x738b, 0x738b, 0x738b, 0x738b, 0x738b, 0x738b, 0x738b, 0x738b, 0x738b, 0x738b,
	0x738b, 0x738b, 0x738b, 0x738b, 0x738b, 0x738b, 0x738b, 0x738b, 0x738b, 0x738b, 0x738b, 0x738b,
	0x738b, 0x738b, 0x738b, 0x738b, 0x738b, 0x738b, 0x738b, 0x738b, 0x738b, 0x738b, 0x738b, 0x738b,
	0x738b, 0x738b, 0x738b, 0x738b, 0x738b, 0x738b, 0x738b, 0x738b, 0x738b, 0x738b, 0x738b, 0x738b,
	0x738b, 0x738b, 0x738b, 0x738b, 0x738b, 0x738b, 0x0000, 0x7b8b, 0x7b8b, 0x7b8b, 0x7b8b, 0x7b8b,
	0x7b8b, 0x7b8b, 0x7b8b, 0x7b8b, 0x7b8b, 0x7b8b, 0x7b8b, 0x7b8b, 0x9c4c, 0x7b8b, 0x4a48, 0x7b8b,
	0x7b8b, 0x7b8b, 0x7b8b, 0x7b8b, 0x7b8b, 0x7b8b, 0x7b8b, 0x7b8b, 0x7b8b, 0x7b8b, 0x7b8b, 0x7b8b,
	0x9c4c, 0x7b8b, 0x4a48, 0x7b8b, 0x7b8b, 0x7b8b, 0x7b8b, 0x7b8b, 0x7b8b, 0x7b8b, 0x7b8b, 0x7b8b,
	0x7b8b, 0x7b8b, 0x7b8b, 0x7b8b, 0x9c4c, 0x7b8b, 0x4a48, 0x7b8b, 0x7b8b, 0x7b8b, 0x7b8b, 0x7b8b,
	0x7b8b, 0x7b8b, 0x7b8b, 0x7b8b, 0x7b8b, 0x7b8b, 0x7b8b, 0x7b8b, 0x9c4c, 0x7b8b, 0x4a48, 0x7b8b,
	0x7b8b, 0x7b8b, 0x7b8b, 0x7b8b, 0x7b8b, 0x7b8b, 0x7b8b, 0x7b8b, 0x7b8b, 0x7b8b, 0x7b8b, 0x7b8b,
	0x9c4c, 0x7b8b, 0x4a48, 0x7b8b, 0x7b8b, 0x7b8b, 0x7b8b, 0x7b8b, 0x7b8b, 0x7b8b, 0x7b8b, 0x7b8b,
	0x7b8b, 0x7b8b, 0x7b8b, 0x7b8b, 0x9c4c, 0x7b8b, 0x4a48, 0x7b8b, 0x7b8b, 0x7b8b, 0x7b8b, 0x7b8b,
	0x7b8b, 0x7b8b, 0x7b8b, 0x7b8b, 0x7b8b, 0x7b8b, 0x7b8b, 0x7b8b, 0x9c4c, 0x7b8b, 0x4a48, 0x7b8b,
	0x7b8b, 0x7b8b, 0x7b8b, 0x7b8b, 0x7b8b, 0x7b8b, 0x7b8b, 0x7b8b, 0x7b8b, 0x0000, 0x738b, 0x738b,
	0x738b, 0x738b, 0x738b, 0x738b, 0x738b, 0x738b, 0x738b, 0x738b, 0x738b, 0x738b, 0x738b, 0x738b,
	0x738b, 0x738b, 0x738b, 0x738b, 0x0000, 0xb3cc, 0x8289, 0x0000, 0x8289, 0xa309, 0x8289, 0xa309,
	0x8289, 0x0000, 0x8289, 0xb3cc, 0x8289, 0x0000, 0x738b, 0x738b, 0x738b, 0x738b, 0x738b, 0x738b,
	0x738b, 0x738b, 0x738b, 0x738b, 0x738b, 0x738b, 0x738b, 0x738b, 0x738b, 0x738b, 0x738b, 0x738b,
	0x738b, 0x738b, 0x738b, 0x738b, 0x738b, 0x738b, 0x738b, 0x738b, 0x738b, 0x738b, 0x738b, 0x738b,
	0x738b, 0x738b, 0x738b, 0x738b, 0x738b, 0x738b, 0x738b, 0x738b, 0x738b, 0x738b, 0x738b, 0x738b,
	0x738b, 0x738b, 0x738b, 0x738b, 0x738b, 0x738b, 0x738b, 0x738b, 0x738b, 0x738b, 0x738b, 0x738b,
	0x738b, 0x738b, 0x738b, 0x738b, 0x738b, 0x738b, 0x738b, 0x738b, 0x738b, 0x738b, 0x738b, 0x738b,
	0x738b, 0x0000, 0x9c4c, 0x9c4c, 0x9c4c, 0x9c4c, 0x9c4c, 0x9c4c, 0x9c4c, 0x9c4c, 0x9c4c, 0x9c4c,
	0x9c4c, 0x9c4c, 0x9c4c, 0x9c4c, 0x7b8b, 0x4a48, 0x7b8b, 0x9c4c, 0x9c4c, 0x9c4c, 0x9c4c, 0x9c4c,
	0x9c4c, 0x9c4c, 0x9c4c, 0x9c4c, 0x9c4c, 0x9c4c, 0x9c4c, 0x9c4c, 0x7b8b, 0x4a48, 0x7b8b, 0x9c4c,
	0x9c4c, 0x9c4c, 0x9c4c, 0x9c4c, 0x9c4c, 0x9c4c, 0x9c4c, 0x9c4c, 0x9c4c, 0x9c4c, 0x9c4c, 0x9c4c,
	0x7b8b, 0x4a48, 0x7b8b, 0x9c4c, 0x9c4c, 0x9c4c, 0x9c4c, 0x9c4c, 0x9c4c, 0x9c4c, 0x9c4c, 0x9c4c,
	0x9c4c, 0x9c4c, 0x9c4c, 0x9c4c, 0x7b8b, 0x4a48, 0x7b8b, 0x9c4c, 0x9c4c, 0x9c4c, 0x9c4c, 0x9c4c,
	0x9c4c, 0x9c4c, 0x9c4c, 0x9c4c, 0x9c4c, 0x9c4c, 0x9c4c, 0x9c4c, 0x7b8b, 0x4a48, 0x7b8b, 0x9c4c,
	0x9c4c, 0x9c4c, 0x9c4c, 0x9c4c, 0x9c4c, 0x9c4c, 0x9c4c, 0x9c4c, 0x9c4c, 0x9c4c, 0x9c4c, 0x9c4c,
	0x7b8b, 0x4a48, 0x7b8b, 0x9c4c, 0x9c4c, 0x9c4c, 0x9c4c, 0x9c4c, 0x9c4c, 0x9c4c, 0x9c4c, 0x9c4c,
	0x9c4c, 0x9c4c, 0x9c4c, 0x9c4c, 0x7b8b, 0x4a48, 0x7b8b, 0x9c4c, 0x9c4c, 0x9c4c, 0x9c4c, 0x9c4c,
	0x9c4c, 0x9c4c, 0x9c4c, 0x9c4c, 0x9c4c, 0x9c4c, 0x0000, 0x738b, 0x738b, 0x738b, 0x738b, 0x738b,
	0x738b, 0x738b, 0x738b, 0x738b, 0x738b, 0x738b, 0x738b, 0x738b, 0x738b, 0x738b, 0x738b, 0x738b,
	0x0000, 0x8289, 0x8289, 0x0000, 0x8289, 0x8289, 0xa309, 0xa309, 0x8289, 0x8289, 0x0000, 0x8289,
	0x8289, 0x8289, 0x0000, 0x738b, 0x738b, 0x738b, 0x738b, 0x738b, 0x738b, 0x738b, 0x738b, 0x738b,
	0x738b, 0x738b, 0x738b, 0x738b, 0x738b, 0x738b, 0x738b, 0x738b, 0x738b, 0x738b, 0x738b, 0x738b,
	0x738b, 0x738b, 0x738b, 0x738b, 0x738b, 0x738b, 0x738b, 0x738b, 0x738b, 0x738b, 0x738b, 0x738b,
	0x738b, 0x738b, 0x738b, 0x738b, 0x738b, 0x738b, 0x738b, 0x738b, 0x738b, 0x738b, 0x738b, 0x738b,
	0x738b, 0x738b, 0x738b, 0x738b, 0x738b, 0x738b, 0x738b, 0x738b, 0x738b, 0x738b, 0x738b, 0x738b,
	0x738b, 0x738b, 0x738b, 0x738b, 0x738b, 0x738b, 0x738b, 0x738b, 0x0000, 0x4a48, 0x4a48, 0x4a48,
	0x4a48, 0x4a48, 0x4a48, 0x4a48, 0x4a48, 0x4a48, 0x4a48, 0x4a48, 0x4a48, 0x4a48, 0x4a48, 0x4a48,
	0x4a48, 0x4a48, 0x4a48, 0x4a48, 0x4a48, 0x4a48, 0x4a48, 0x4a48, 0x4a48, 0x4a48, 0x4a48, 0x4a48,
	0x4a48, 0x4a48, 0x4a48, 0x4a48, 0x4a48, 0x4a48, 0x4a48, 0x4a48, 0x4a48, 0x4a48, 0x4a48, 0x4a48,
	0x4a48, 0x4a48, 0x4a48, 0x4a48, 0x4a48, 0x4a48, 0x4a48, 0x4a48, 0x4a48, 0x4a48, 0x4a48, 0x4a48,
	0x4a48, 0x4a48, 0x4a48, 0x4a48, 0x4a48, 0x4a48, 0x4a48, 0x4a48, 0x4a48, 0x4a48, 0x4a48, 0x4a48,
	0x4a48, 0x4a48, 0x4a48, 0x4a48, 0x4a48, 0x4a48, 0x4a48, 0x4a48, 0x4a48, 0x4a48, 0x4a48, 0x4a48,
	0x4a48, 0x4a48, 0x4a48, 0x4a48, 0x4a48, 0x4a48, 0x4a48, 0x4a48, 0x4a48, 0x4a48, 0x4a48, 0x4a48,
	0x4a48, 0x4a48, 0x4a48, 0x4a48, 0x4a48, 0x4a48, 0x4a48, 0x4a48, 0x4a48, 0x4a48, 0x4a48, 0x4a48,
	0x4a48, 0x4a48, 0x4a48, 0x4a48, 0x4a48, 0x4a48, 0x4a48, 0x4a48, 0x4a48, 0x4a48, 0x4a48, 0x4a48,
	0x4a48, 0x4a48, 0x4a48, 0x4a48, 0x4a48, 0x4a48, 0x4a48, 0x4a48, 0x4a48, 0x4a48, 0x4a48, 0x4a48,
	0x4a48, 0x4a48, 0x4a48, 0x0000, 0x738b, 0x738b, 0x738b, 0x738b, 0x738b, 0x738b, 0x738b, 0x738b,
	0x738b, 0x738b, 0x738b, 0x738b, 0x738b, 0x738b, 0x738b, 0x738b, 0x0000, 0xb3cc, 0x8289, 0x0000,
	0x8289, 0xa309, 0x8289, 0x8289, 0xa309, 0x8289, 0x8289, 0x0000, 0x8289, 0xb3cc, 0x8289, 0x0000,
	0x738b, 0x738b, 0x738b, 0x738b, 0x738b, 0x738b, 0x738b, 0x738b, 0x738b, 0x738b, 0x738b, 0x738b,
	0x738b, 0x738b, 0x738b, 0x738b, 0x738b, 0x738b, 0x738b, 0x738b, 0x738b, 0x738b, 0x738b, 0x738b,
	0x738b, 0x738b, 0x738b, 0x738b, 0x738b, 0x738b, 0x738b, 0x738b, 0x738b, 0x738b, 0x738b, 0x738b,
	0x738b, 0x738b, 0x738b, 0x738b, 0x738b, 0x738b, 0x738b, 0x738b, 0x738b, 0x738b, 0x738b, 0x738b,
	0x738b, 0x738b, 0x738b, 0x738b, 0x738b, 0x738b, 0x738b, 0x738b, 0x738b, 0x738b, 0x738b, 0x738b,
	0x738b, 0x738b, 0x738b, 0x0000, 0x7b8b, 0x7b8b, 0x7b8b, 0x7b8b, 0x7b8b, 0x9c4c, 0x7b8b, 0x4a48,
	0x7b8b, 0x7b8b, 0x7b8b, 0x7b8b, 0x7b8b, 0x7b8b, 0x7b8b, 0x7b8b, 0x7b8b, 0x7b8b, 0x7b8b, 0x7b8b,
	0x7b8b, 0x9c4c, 0x7b8b, 0x4a48, 0x7b8b, 0x7b8b, 0x7b8b, 0x7b8b, 0x7b8b, 0x7b8b, 0x7b8b, 0x7b8b,
	0x7b8b, 0x7b8b, 0x7b8b, 0x7b8b, 0x7b8b, 0x9c4c, 0x7b8b, 0x4a48, 0x7b8b, 0x7b8b, 0x7b8b, 0x7b8b,
	0x7b8b, 0x7b8b, 0x7b8b, 0x7b8b, 0x7b8b, 0x7b8b, 0x7b8b, 0x7b8b, 0x7b8b, 0x9c4c, 0x7b8b, 0x4a48,
	0x7b8b, 0x7b8b, 0x7b8b, 0x7b8b, 0x7b8b, 0x7b8b, 0x7b8b, 0x7b8b, 0x7b8b, 0x7b8b, 0x7b8b, 0x7b8b,
	0x7b8b, 0x9c4c, 0x7b8b, 0x4a48, 0x7b8b, 0x7b8b, 0x7b8b, 0x7b8b, 0x7b8b, 0x7b8b, 0x7b8b, 0x7b8b,
	0x7b8b, 0x7b8b, 0x7b8b, 0x7b8b, 0x7b8b, 0x9c4c, 0x7b8b, 0x4a48, 0x7b8b, 0x7b8b, 0x7b8b, 0x7b8b,
	0x7b8b, 0x7b8b, 0x7b8b, 0x7b8b, 0x7b8b, 0x7b8b, 0x7b8b, 0x7b8b, 0x7b8b, 0x9c4c, 0x7b8b, 0x4a48,
	0x7b8b, 0x7b8b, 0x7b8b, 0x7b8b, 0x7b8b, 0x7b8b, 0x7b8b, 0x7b8b, 0x7b8b, 0x7b8b, 0x7b8b, 0x7b8b,
	0x7b8b, 0x9c4c, 0x7b8b, 0x4a48, 0x7b8b, 0x7b8b, 0x7b8b, 0x7b8b, 0x7b8b, 0x7b8b, 0x7b8b, 0x7b8b,
	0x0000, 0x738b, 0x738b, 0x738b, 0x738b, 0x738b, 0x738b, 0x738b, 0x738b, 0x738b, 0x738b, 0x738b,
	0x738b, 0x738b, 0x738b, 0x738b, 0x0000, 0x8289, 0x8289, 0x0000, 0x8289, 0xa309, 0x8289, 0xa309,
	0x8289, 0xa309, 0x8289, 0x8289, 0x0000, 0x8289, 0x8289, 0x8289, 0x0000, 0x738b, 0x738b, 0x738b,
	0x738b, 0x738b, 0x738b, 0x738b, 0x738b, 0x738b, 0x738b, 0x738b, 0x738b, 0x738b, 0x738b, 0x738b,
	0x738b, 0x738b, 0x738b, 0x738b, 0x738b, 0x738b, 0x738b, 0x738b, 0x738b, 0x738b, 0x738b, 0x738b,
	0x738b, 0x738b, 0x738b, 0x738b, 0x738b, 0x738b, 0x738b, 0x738b, 0x738b, 0x738b, 0x738b, 0x738b,
	0x738b, 0x738b, 0x738b, 0x738b, 0x738b, 0x738b, 0x738b, 0x738b, 0x738b, 0x738b, 0x738b, 0x738b,
	0x738b, 0x738b, 0x738b, 0x738b, 0x738b, 0x738b, 0x738b, 0x738b, 0x738b, 0x738b, 0x0000, 0x7b8b,
	0x7b8b, 0x7b8b, 0x7b8b, 0x7b8b, 0x9c4c, 0x7b8b, 0x4a48, 0x7b8b, 0x7b8b, 0x7b8b, 0x7b8b, 0x7b8b,
	0x7b8b, 0x7b8b, 0x7b8b, 0x7b8b, 0x7b8b, 0x7b8b, 0x7b8b, 0x7b8b, 0x9c4c, 0x7b8b, 0x4a48, 0x7b8b,
	0x7b8b, 0x7b8b, 0x7b8b, 0x7b8b, 0x7b8b, 0x7b8b, 0x7b8b, 0x7b8b, 0x7b8b, 0x7b8b, 0x7b8b, 0x7b8b,
	0x9c4c, 0x7b8b, 0x4a48, 0x7b8b, 0x7b8b, 0x7b8b, 0x7b8b, 0x7b8b, 0x7b8b, 0x7b8b, 0x7b8b, 0x7b8b,
	0x7b8b, 0x7b8b, 0x7b8b, 0x7b8b, 0x9c4c, 0x7b8b, 0x4a48, 0x7b8b, 0x7b8b, 0x7b8b, 0x7b8b, 0x7b8b,
	0x7b8b, 0x7b8b, 0x7b8b, 0x7b8b, 0x7b8b, 0x7b8b, 0x7b8b, 0x7b8b, 0x9c4c, 0x7b8b, 0x4a48, 0x7b8b,
	0x7b8b, 0x7b8b, 0x7b8b, 0x7b8b, 0x7b8b, 0x7b8b, 0x7b8b, 0x7b8b, 0x7b8b, 0x7b8b, 0x7b8b, 0x7b8b,
	0x9c4c, 0x7b8b, 0x4a48, 0x7b8b, 0x7b8b, 0x7b8b, 0x7b8b, 0x7b8b, 0x7b8b, 0x7b8b, 0x7b8b, 0x7b8b,
	0x7b8b, 0x7b8b, 0x7b8b, 0x7b8b, 0x9c4c, 0x7b8b, 0x4a48, 0x7b8b, 0x7b8b, 0x7b8b, 0x7b8b, 0x7b8b,
	0x7b8b, 0x7b8b, 0x7b8b, 0x7b8b, 0x7b8b, 0x7b8b, 0x7b8b, 0x7b8b, 0x9c4c, 0x7b8b, 0x4a48, 0x7b8b,
	0x7b8b, 0x7b8b, 0x7b8b, 0x7b8b, 0x7b8b, 0x7b8b, 0x7b8b, 0x7b8b, 0x7b8b, 0x0000, 0x738b, 0x738b,
	0x738b, 0x738b, 0x738b, 0x738b, 0x738b, 0x738b, 0x738b, 0x738b, 0x738b, 0x738b, 0x738b, 0x738b,
	0x0000, 0xb3cc, 0x8289, 0x0000, 0x8289, 0x8289, 0xa309, 0x8289, 0x8289, 0xa309, 0xa309, 0x8289,
	0x8289, 0x0000, 0xb3cc, 0x8289, 0x0000, 0x738b, 0x738b, 0x738b, 0x738b, 0x738b, 0x738b, 0x738b,
	0x738b, 0x738b, 0x738b, 0x738b, 0x738b, 0x738b, 0x738b, 0x738b, 0x738b, 0x738b, 0x738b, 0x738b,
	0x738b, 0x738b, 0x738b, 0x738b, 0x738b, 0x738b, 0x738b, 0x738b, 0x738b, 0x738b, 0x738b, 0x738b,
	0x738b, 0x738b, 0x738b, 0x738b, 0x738b, 0x738b, 0x738b, 0x738b, 0x738b, 0x738b, 0x738b, 0x738b,
	0x738b, 0x738b, 0x738b, 0x738b, 0x738b, 0x738b, 0x738b, 0x738b, 0x738b, 0x738b, 0x738b, 0x738b,
	0x738b, 0x738b, 0x738b, 0x738b, 0x738b, 0x0000, 0x7b8b, 0x7b8b, 0x7b8b, 0x7b8b, 0x7b8b, 0x9c4c,
	0x7b8b, 0x4a48, 0x7b8b, 0x7b8b, 0x7b8b, 0x7b8b, 0x7b8b, 0x7b8b, 0x7b8b, 0x7b8b, 0x7b8b, 0x7b8b,
	0x7b8b, 0x7b8b, 0x7b8b, 0x9c4c, 0x7b8b, 0x4a48, 0x7b8b, 0x7b8b, 0x7b8b, 0x7b8b, 0x7b8b, 0x7b8b,
	0x7b8b, 0x7b8b, 0x7b8b, 0x7b8b, 0x7b8b, 0x7b8b, 0x7b8b, 0x9c4c, 0x7b8b, 0x4a48, 0x7b8b, 0x7b8b,
	0x7b8b, 0x7b8b, 0x7b8b, 0x7b8b, 0x7b8b, 0x7b8b, 0x7b8b, 0x7b8b, 0x7b8b, 0x7b8b, 0x7b8b, 0x9c4c,
	0x7b8b, 0x4a48, 0x7b8b, 0x7b8b, 0x7b8b, 0x7b8b, 0x7b8b, 0x7b8b, 0x7b8b, 0x7b8b, 0x7b8b, 0x7b8b,
	0x7b8b, 0x7b8b, 0x7b8b, 0x9c4c, 0x7b8b, 0x4a48, 0x7b8b, 0x7b8b, 0x7b8b, 0x7b8b, 0x7b8b, 0x7b8b,
	0x7b8b, 0x7b8b, 0x7b8b, 0x7b8b, 0x7b8b, 0x7b8b, 0x7b8b, 0x9c4c, 0x7b8b, 0x4a48, 0x7b8b, 0x7b8b,
	0x7b8b, 0x7b8b, 0x7b8b, 0x7b8b, 0x7b8b, 0x7b8b, 0x7b8b, 0x7b8b, 0x7b8b, 0x7b8b, 0x7b8b, 0x9c4c,
	0x7b8b, 0x4a48, 0x7b8b, 0x7b8b, 0x7b8b, 0x7b8b, 0x7b8b, 0x7b8b, 0x7b8b, 0x7b8b, 0x7b8b, 0x7b8b,
	0x7b8b, 0x7b8b, 0x7b8b, 0x9c4c, 0x7b8b, 0x4a48, 0x7b8b, 0x7b8b, 0x7b8b, 0x7b8b, 0x7b8b, 0x7b8b,
	0x7b8b, 0x7b8b, 0x7b8b, 0x7b8b, 0x7b8b, 0x7b8b, 0x0000, 0x738b, 0x738b, 0x738b, 0x738b, 0x738b,
	0x738b, 0x738b, 0x738b, 0x738b, 0x738b, 0x738b, 0x738b, 0x738b, 0x0000, 0x8289, 0x8289, 0x0000,
	0x8289, 0x8289, 0x8289, 0xa309, 0xa309, 0x8289, 0x8289, 0xa309, 0x8289, 0x0000, 0x8289, 0x8289,
	0x0000, 0x738b, 0x738b, 0x738b, 0x738b, 0x738b, 0x738b, 0x738b, 0x738b, 0x738b, 0x738b, 0x738b,
	0x738b, 0x738b, 0x738b, 0x738b, 0x738b, 0x738b, 0x738b, 0x738b, 0x738b, 0x738b, 0x738b, 0x738b,
	0x738b, 0x738b, 0x738b, 0x738b, 0x738b, 0x738b, 0x738b, 0x738b, 0x738b, 0x738b, 0x738b, 0x738b,
	0x738b, 0x738b, 0x738b, 0x738b, 0x738b, 0x738b, 0x738b, 0x738b, 0x738b, 0x738b, 0x738b, 0x738b,
	0x738b, 0x738b, 0x738b, 0x738b, 0x738b, 0x738b, 0x738b, 0x738b, 0x738b, 0x738b, 0x738b, 0x738b,
	0x0000, 0x7b8b, 0x7b8b, 0x7b8b, 0x7b8b, 0x7b8b, 0x9c4c, 0x7b8b, 0x4a48, 0x7b8b, 0x7b8b, 0x7b8b,
	0x7b8b, 0x7b8b, 0x7b8b, 0x7b8b, 0x7b8b, 0x7b8b, 0x7b8b, 0x7b8b, 0x7b8b, 0x7b8b, 0x9c4c, 0x7b8b,
	0x4a48, 0x7b8b, 0x7b8b, 0x7b8b, 0x7b8b, 0x7b8b, 0x7b8b, 0x7b8b, 0x7b8b, 0x7b8b, 0x7b8b, 0x7b8b,
	0x7b8b, 0x7b8b, 0x9c4c, 0x7b8b, 0x4a48, 0x7b8b, 0x7b8b, 0x7b8b, 0x7b8b, 0x7b8b, 0x7b8b, 0x7b8b,
	0x7b8b, 0x7b8b, 0x7b8b, 0x7b8b, 0x7b8b, 0x7b8b, 0x9c4c, 0x7b8b, 0x4a48, 0x7b8b, 0x7b8b, 0x7b8b,
	0x7b8b, 0x7b8b, 0x7b8b, 0x7b8b, 0x7b8b, 0x7b8b, 0x7b8b, 0x7b8b, 0x7b8b, 0x7b8b, 0x9c4c, 0x7b8b,
	0x4a48, 0x7b8b, 0x7b8b, 0x7b8b, 0x7b8b, 0x7b8b, 0x7b8b, 0x7b8b, 0x7b8b, 0x7b8b, 0x7b8b, 0x7b8b,
	0x7b8b, 0x7b8b, 0x9c4c, 0x7b8b, 0x4a48, 0x7b8b, 0x7b8b, 0x7b8b, 0x7b8b, 0x7b8b, 0x7b8b, 0x7b8b,
	0x7b8b, 0x7b8b, 0x7b8b, 0x7b8b, 0x7b8b, 0x7b8b, 0x9c4c, 0x7b8b, 0x4a48, 0x7b8b, 0x7b8b, 0x7b8b,
	0x7b8b, 0x7b8b, 0x7b8b, 0x7b8b, 0x7b8b, 0x7b8b, 0x7b8b, 0x7b8b, 0x7b8b, 0x7b8b, 0x9c4c, 0x7b8b,
	0x4a48, 0x7b8b, 0x7b8b, 0x7b8b, 0x7b8b, 0x7b8b, 0x7b8b, 0x7b8b, 0x7b8b, 0x7b8b, 0x7b8b, 0x7b8b,
	0x7b8b, 0x7b8b, 0x7b8b, 0x0000, 0x738b, 0x738b, 0x738b, 0x738b, 0x738b, 0x738b, 0x738b, 0x738b,
	0x738b, 0x738b, 0x738b, 0x738b, 0x0000, 0xb3cc, 0x8289, 0x0000, 0x8289, 0xa309, 0xa309, 0x8289,
	0x8289, 0xa309, 0xa309, 0x8289, 0x8289, 0x0000, 0xb3cc, 0x8289, 0x0000, 0x738b, 0x738b, 0x738b,
	0x738b, 0x738b, 0x738b, 0x738b, 0x738b, 0x738b, 0x738b, 0x738b, 0x738b, 0x738b, 0x738b, 0x738b,
	0x738b, 0x738b, 0x738b, 0x738b, 0x738b, 0x738b, 0x738b, 0x738b, 0x738b, 0x738b, 0x738b, 0x738b,
	0x738b, 0x738b, 0x738b, 0x738b, 0x738b, 0x738b, 0x738b, 0x738b, 0x738b, 0x738b, 0x738b, 0x738b,
	0x738b, 0x738b, 0x738b, 0x738b, 0x738b, 0x738b, 0x738b, 0x738b, 0x738b, 0x738b, 0x738b, 0x738b,
	0x738b, 0x738b, 0x738b, 0x738b, 0x738b, 0x738b, 0x738b, 0x0000, 0x7b8b, 0x7b8b, 0x7b8b, 0x7b8b,
	0x7b8b, 0x9c4c, 0x7b8b, 0x4a48, 0x7b8b, 0x7b8b, 0x7b8b, 0x7b8b, 0x7b8b, 0x7b8b, 0x7b8b, 0x7b8b,
	0x7b8b, 0x7b8b, 0x7b8b, 0x7b8b, 0x7b8b, 0x9c4c, 0x7b8b, 0x4a48, 0x7b8b, 0x7b8b, 0x7b8b, 0x7b8b,
	0x7b8b, 0x7b8b, 0x7b8b, 0x7b8b, 0x7b8b, 0x7b8b, 0x7b8b, 0x7b8b, 0x7b8b, 0x9c4c, 0x7b8b, 0x4a48,
	0x7b8b, 0x7b8b, 0x7b8b, 0x7b8b, 0x7b8b, 0x7b8b, 0x7b8b, 0x7b8b, 0x7b8b, 0x7b8b, 0x7b8b, 0x7b8b,
	0x7b8b, 0x9c4c, 0x7b8b, 0x4a48, 0x7b8b, 0x7b8b, 0x7b8b, 0x7b8b, 0x7b8b, 0x7b8b, 0x7b8b, 0x7b8b,
	0x7b8b, 0x7b8b, 0x7b8b, 0x7b8b, 0x7b8b, 0x9c4c, 0x7b8b, 0x4a48, 0x7b8b, 0x7b8b, 0x7b8b, 0x7b8b,
	0x7b8b, 0x7b8b, 0x7b8b, 0x7b8b, 0x7b8b, 0x7b8b, 0x7b8b, 0x7b8b, 0x7b8b, 0x9c4c, 0x7b8b, 0x4a48,
	0x7b8b, 0x7b8b, 0x7b8b, 0x7b8b, 0x7b8b, 0x7b8b, 0x7b8b, 0x7b8b, 0x7b8b, 0x7b8b, 0x7b8b, 0x7b8b,
	0x7b8b, 0x9c4c, 0x7b8b, 0x4a48, 0x7b8b, 0x7b8b, 0x7b8b, 0x7b8b, 0x7b8b, 0x7b8b, 0x7b8b, 0x7b8b,
	0x7b8b, 0x7b8b, 0x7b8b, 0x7b8b, 0x7b8b, 0x9c4c, 0x7b8b, 0x4a48, 0x7b8b, 0x7b8b, 0x7b8b, 0x7b8b,
	0x7b8b, 0x7b8b, 0x7b8b, 0x7b8b, 0x7b8b, 0x7b8b, 0x7b8b, 0x7b8b, 0x7b8b, 0x7b8b, 0x7b8b, 0x7b8b,
	0x0000, 0x738b, 0x738b, 0x738b, 0x738b, 0x738b, 0x738b, 0x738b, 0x738b, 0x738b, 0x738b, 0x738b,
	0x0000, 0x8289, 0x8289, 0x0000, 0x8289, 0x8289, 0x8289, 0x8289, 0xa309, 0xa309, 0x8289, 0xa309,
	0x8289, 0x0000, 0x8289, 0x8289, 0x0000, 0x738b, 0x738b, 0x738b, 0x738b, 0x738b, 0x738b, 0x738b,
	0x738b, 0x738b, 0x738b, 0x738b, 0x738b, 0x738b, 0x738b, 0x738b, 0x738b, 0x738b, 0x738b, 0x738b,
	0x738b, 0x738b, 0x738b, 0x738b, 0x738b, 0x738b, 0x738b, 0x738b, 0x738b, 0x738b, 0x738b, 0x738b,
	0x738b, 0x738b, 0x738b, 0x738b, 0x738b, 0x738b, 0x738b, 0x738b, 0x738b, 0x738b, 0x738b, 0x738b,
	0x738b, 0x738b, 0x738b, 0x738b, 0x738b, 0x738b, 0x738b, 0x738b, 0x738b, 0x738b, 0x738b, 0x738b,
	0x738b, 0x738b, 0x0000, 0x7b8b, 0x7b8b, 0x7b8b, 0x7b8b, 0x7b8b, 0x9c4c, 0x7b8b, 0x4a48, 0x7b8b,
	0x7b8b, 0x7b8b, 0x7b8b, 0x7b8b, 0x7b8b, 0x7b8b, 0x7b8b, 0x7b8b, 0x7b8b, 0x7b8b, 0x7b8b, 0x7b8b,
	0x9c4c, 0x7b8b, 0x4a48, 0x7b8b, 0x7b8b, 0x7b8b, 0x7b8b, 0x7b8b, 0x7b8b, 0x7b8b, 0x7b8b, 0x7b8b,
	0x7b8b, 0x7b8b, 0x7b8b, 0x7b8b, 0x9c4c, 0x7b8b, 0x4a48, 0x7b8b, 0x7b8b, 0x7b8b, 0x7b8b, 0x7b8b,
	0x7b8b, 0x7b8b, 0x7b8b, 0x7b8b, 0x7b8b, 0x7b8b, 0x7b8b, 0x7b8b, 0x9c4c, 0x7b8b, 0x4a48, 0x7b8b,
	0x7b8b, 0x7b8b, 0x7b8b, 0x7b8b, 0x7b8b, 0x7b8b, 0x7b8b, 0x7b8b, 0x7b8b, 0x7b8b, 0x7b8b, 0x7b8b,
	0x9c4c, 0x7b8b, 0x4a48, 0x7b8b, 0x7b8b, 0x7b8b, 0x7b8b, 0x7b8b, 0x7b8b, 0x7b8b, 0x7b8b, 0x7b8b,
	0x7b8b, 0x7b8b, 0x7b8b, 0x7b8b, 0x9c4c, 0x7b8b, 0x4a48, 0x7b8b, 0x7b8b, 0x7b8b, 0x7b8b, 0x7b8b,
	0x7b8b, 0x7b8b, 0x7b8b, 0x7b8b, 0x7b8b, 0x7b8b, 0x7b8b, 0x7b8b, 0x9c4c, 0x7b8b, 0x4a48, 0x7b8b,
	0x7b8b, 0x7b8b, 0x7b8b, 0x7b8b, 0x7b8b, 0x7b8b, 0x7b8b, 0x7b8b, 0x7b8b, 0x7b8b, 0x7b8b, 0x7b8b,
	0x9c4c, 0x7b8b, 0x4a48, 0x7b8b, 0x7b8b, 0x7b8b, 0x7b8b, 0x7b8b, 0x7b8b, 0x7b8b, 0x7b8b, 0x7b8b,
	0x7b8b, 0x7b8b, 0x7b8b, 0x7b8b, 0x7b8b, 0x7b8b, 0x7b8b, 0x7b8b, 0x7b8b, 0x0000, 0x738b, 0x738b,
	0x738b, 0x738b, 0x738b, 0x738b, 0x738b, 0x738b, 0x738b, 0x738b, 0x0000, 0xb3cc, 0x8289, 0x0000,
	0x8289, 0xa309, 0xa309, 0x8289, 0xa309, 0x8289, 0xa309, 0x8289, 0x8289, 0x0000, 0xb3cc, 0x8289,
	0x0000, 0x738b, 0x738b, 0x738b, 0x738b, 0x738b, 0x738b, 0x738b, 0x738b, 0x738b, 0x738b, 0x738b,
	0x738b, 0x738b, 0x738b, 0x738b, 0x738b, 0x738b, 0x738b, 0x738b, 0x738b, 0x738b, 0x738b, 0x738b,
	0x738b, 0x738b, 0x738b, 0x738b, 0x738b, 0x738b, 0x738b, 0x738b, 0x738b, 0x738b, 0x738b, 0x738b,
	0x738b, 0x738b, 0x738b, 0x738b, 0x738b, 0x738b, 0x738b, 0x738b, 0x738b, 0x738b, 0x738b, 0x738b,
	0x738b, 0x738b, 0x738b, 0x738b, 0x738b, 0x738b, 0x738b, 0x738b, 0x738b, 0x0000, 0x9c4c, 0x9c4c,
	0x9c4c, 0x9c4c, 0x9c4c, 0x9c4c, 0x7b8b, 0x4a48, 0x7b8b, 0x9c4c, 0x9c4c, 0x9c4c, 0x9c4c, 0x9c4c,
	0x9c4c, 0x9c4c, 0x9c4c, 0x9c4c, 0x9c4c, 0x9c4c, 0x9c4c, 0x9c4c, 0x7b8b, 0x4a48, 0x7b8b, 0x9c4c,
	0x9c4c, 0x9c4c, 0x9c4c, 0x9c4c, 0x9c4c, 0x9c4c, 0x9c4c, 0x9c4c, 0x9c4c, 0x9c4c, 0x9c4c, 0x9c4c,
	0x7b8b, 0x4a48, 0x7b8b, 0x9c4c, 0x9c4c, 0x9c4c, 0x9c4c, 0x9c4c, 0x9c4c, 0x9c4c, 0x9c4c, 0x9c4c,
	0x9c4c, 0x9c4c, 0x9c4c, 0x9c4c, 0x7b8b, 0x4a48, 0x7b8b, 0x9c4c, 0x9c4c, 0x9c4c, 0x9c4c, 0x9c4c,
	0x9c4c, 0x9c4c, 0x9c4c, 0x9c4c, 0x9c4c, 0x9c4c, 0x9c4c, 0x9c4c, 0x7b8b, 0x4a48, 0x7b8b, 0x9c4c,
	0x9c4c, 0x9c4c, 0x9c4c, 0x9c4c, 0x9c4c, 0x9c4c, 0x9c4c, 0x9c4c, 0x9c4c, 0x9c4c, 0x9c4c, 0x9c4c,
	0x7b8b, 0x4a48, 0x7b8b, 0x9c4c, 0x9c4c, 0x9c4c, 0x9c4c, 0x9c4c, 0x9c4c, 0x9c4c, 0x9c4c, 0x9c4c,
	0x9c4c, 0x9c4c, 0x9c4c, 0x9c4c, 0x7b8b, 0x4a48, 0x7b8b, 0x9c4c, 0x9c4c, 0x9c4c, 0x9c4c, 0x9c4c,
	0x9c4c, 0x9c4c, 0x9c4c, 0x9c4c, 0x9c4c, 0x9c4c, 0x9c4c, 0x9c4c, 0x7b8b, 0x4a48, 0x7b8b, 0x9c4c,
	0x9c4c, 0x9c4c, 0x9c4c, 0x9c4c, 0x9c4c, 0x9c4c, 0x9c4c, 0x9c4c, 0x9c4c, 0x9c4c, 0x9c4c, 0x9c4c,
	0x9c4c, 0x9c4c, 0x9c4c, 0x9c4c, 0x9c4c, 0x9c4c, 0x0000, 0x738b, 0x738b, 0x738b, 0x738b, 0x738b,
	0x738b, 0x738b, 0x738b, 0x738b, 0x0000, 0x8289, 0x8289, 0x0000, 0x8289, 0xa309, 0x8289, 0xa309,
	0xa309, 0xa309, 0x8289, 0xa309, 0x8289, 0x0000, 0x8289, 0x8289, 0x0000, 0x738b, 0x738b, 0x738b,
	0x738b, 0x738b, 0x738b, 0x738b, 0x738b, 0x738b, 0x738b, 0x738b, 0x738b, 0x738b, 0x738b, 0x738b,
	0x738b, 0x738b, 0x738b, 0x738b, 0x738b, 0x738b, 0x738b, 0x738b, 0x738b, 0x738b, 0x738b, 0x738b,
	0x738b, 0x738b, 0x738b, 0x738b, 0x738b, 0x738b, 0x738b, 0x738b, 0x738b, 0x738b, 0x738b, 0x738b,
	0x738b, 0x738b, 0x738b, 0x738b, 0x738b, 0x738b, 0x738b, 0x738b, 0x738b, 0x738b, 0x738b, 0x738b,
	0x738b, 0x738b, 0x738b, 0x738b, 0x0000, 0x4a48, 0x4a48, 0x4a48, 0x4a48, 0x4a48, 0x4a48, 0x4a48,
	0x4a48, 0x4a48, 0x4a48, 0x4a48, 0x4a48, 0x4a48, 0x4a48, 0x4a48, 0x4a48, 0x4a48, 0x4a48, 0x4a48,
	0x4a48, 0x4a48, 0x4a48, 0x4a48, 0x4a48, 0x4a48, 0x4a48, 0x4a48, 0x4a48, 0x4a48, 0x4a48, 0x4a48,
	0x4a48, 0x4a48, 0x4a48, 0x4a48, 0x4a48, 0x4a48, 0x4a48, 0x4a48, 0x4a48, 0x4a48, 0x4a48, 0x4a48,
	0x4a48, 0x4a48, 0x4a48, 0x4a48, 0x4a48, 0x4a48, 0x4a48, 0x4a48, 0x4a48, 0x4a48, 0x4a48, 0x4a48,
	0x4a48, 0x4a48, 0x4a48, 0x4a48, 0x4a48, 0x4a48, 0x4a48, 0x4a48, 0x4a48, 0x4a48, 0x4a48, 0x4a48,
	0x4a48, 0x4a48, 0x4a48, 0x4a48, 0x4a48, 0x4a48, 0x4a48, 0x4a48, 0x4a48, 0x4a48, 0x4a48, 0x4a48,
	0x4a48, 0x4a48, 0x4a48, 0x4a48, 0x4a48, 0x4a48, 0x4a48, 0x4a48, 0x4a48, 0x4a48, 0x4a48, 0x4a48,
	0x4a48, 0x4a48, 0x4a48, 0x4a48, 0x4a48, 0x4a48, 0x4a48, 0x4a48, 0x4a48, 0x4a48, 0x4a48, 0x4a48,
	0x4a48, 0x4a48, 0x4a48, 0x4a48, 0x4a48, 0x4a48, 0x4a48, 0x4a48, 0x4a48, 0x4a48, 0x4a48, 0x4a48,
	0x4a48, 0x4a48, 0x4a48, 0x4a48, 0x4a48, 0x4a48, 0x4a48, 0x4a48, 0x4a48, 0x4a48, 0x4a48, 0x4a48,
	0x4a48, 0x4a48, 0x4a48, 0x4a48, 0x4a48, 0x4a48, 0x4a48, 0x4a48, 0x4a48, 0x4a48, 0x4a48, 0x4a48,
	0x4a48, 0x4a48, 0x4a48, 0x0000, 0x738b, 0x738b, 0x738b, 0x738b, 0x738b, 0x738b, 0x738b, 0x738b,
	0x0000, 0xb3cc, 0x8289, 0x0000, 0x8289, 0x8289, 0x8289, 0x8289, 0xa309, 0x8289, 0xa309, 0xa309,
	0xa309, 0x0000, 0xb3cc, 0x8289, 0x0000, 0x738b, 0x738b, 0x738b, 0x738b, 0x738b, 0x738b, 0x738b,
	0x738b, 0x738b, 0x738b, 0x738b, 0x738b, 0x738b, 0x738b, 0x738b, 0x738b, 0x738b, 0x738b, 0x738b,
	0x738b, 0x738b, 0x738b, 0x738b, 0x738b, 0x738b, 0x738b, 0x738b, 0x738b, 0x738b, 0x738b, 0x738b,
	0x738b, 0x738b, 0x738b, 0x738b, 0x738b, 0x738b, 0x738b, 0x738b, 0x738b, 0x738b, 0x738b, 0x738b,
	0x738b, 0x738b, 0x738b, 0x738b, 0x738b, 0x738b, 0x738b, 0x738b, 0x738b, 0x738b, 0x738b, 0x0000,
	0x7b8b, 0x7b8b, 0x7b8b, 0x7b8b, 0x7b8b, 0x7b8b, 0x7b8b, 0x7b8b, 0x7b8b, 0x7b8b, 0x7b8b, 0x7b8b,
	0x7b8b, 0x9c4c, 0x7b8b, 0x4a48, 0x7b8b, 0x7b8b, 0x7b8b, 0x7b8b, 0x7b8b, 0x7b8b, 0x7b8b, 0x7b8b,
	0x7b8b, 0x7b8b, 0x7b8b, 0x7b8b, 0x7b8b, 0x9c4c, 0x7b8b, 0x4a48, 0x7b8b, 0x7b8b, 0x7b8b, 0x7b8b,
	0x7b8b, 0x7b8b, 0x7b8b, 0x7b8b, 0x7b8b, 0x7b8b, 0x7b8b, 0x7b8b, 0x7b8b, 0x9c4c, 0x7b8b, 0x4a48,
	0x7b8b, 0x7b8b, 0x7b8b, 0x7b8b, 0x7b8b, 0x7b8b, 0x7b8b, 0x7b8b, 0x7b8b, 0x7b8b, 0x7b8b, 0x7b8b,
	0x7b8b, 0x9c4c, 0x7b8b, 0x4a48, 0x7b8b, 0x7b8b, 0x7b8b, 0x7b8b, 0x7b8b, 0x7b8b, 0x7b8b, 0x7b8b,
	0x7b8b, 0x7b8b, 0x7b8b, 0x7b8b, 0x7b8b, 0x9c4c, 0x7b8b, 0x4a48, 0x7b8b, 0x7b8b, 0x7b8b, 0x7b8b,
	0x7b8b, 0x7b8b, 0x7b8b, 0x7b8b, 0x7b8b, 0x7b8b, 0x7b8b, 0x7b8b, 0x7b8b, 0x9c4c, 0x7b8b, 0x4a48,
	0x7b8b, 0x7b8b, 0x7b8b, 0x7b8b, 0x7b8b, 0x7b8b, 0x7b8b, 0x7b8b, 0x7b8b, 0x7b8b, 0x7b8b, 0x7b8b,
	0x7b8b, 0x9c4c, 0x7b8b, 0x4a48, 0x7b8b, 0x7b8b, 0x7b8b, 0x7b8b, 0x7b8b, 0x7b8b, 0x7b8b, 0x7b8b,
	0x7b8b, 0x7b8b, 0x7b8b, 0x7b8b, 0x7b8b, 0x9c4c, 0x7b8b, 0x4a48, 0x7b8b, 0x7b8b, 0x7b8b, 0x7b8b,
	0x7b8b, 0x7b8b, 0x7b8b, 0x7b8b, 0x7b8b, 0x7b8b, 0x7b8b, 0x7b8b, 0x7b8b, 0x9c4c, 0x7b8b, 0x4a48,
	0x0000, 0x738b, 0x738b, 0x738b, 0x738b, 0x738b, 0x738b, 0x738b, 0x0000, 0x8289, 0x8289, 0x0000,
	0x8289, 0x8289, 0xa309, 0xa309, 0x8289, 0xa309, 0x8289, 0x8289, 0xa309, 0x0000, 0x8289, 0x8289,
	0x0000, 0x738b, 0x738b, 0x738b, 0x738b, 0x738b, 0x738b, 0x738b, 0x738b, 0x738b, 0x738b, 0x738b,
	0x738b, 0x738b, 0x738b, 0x738b, 0x738b, 0x738b, 0x738b, 0x738b, 0x738b, 0x738b, 0x738b, 0x738b,
	0x738b, 0x738b, 0x738b, 0x738b, 0x738b, 0x738b, 0x738b, 0x738b, 0x738b, 0x738b, 0x738b, 0x738b,
	0x738b, 0x738b, 0x738b, 0x738b, 0x738b, 0x738b, 0x738b, 0x738b, 0x738b, 0x738b, 0x738b, 0x738b,
	0x738b, 0x738b, 0x738b, 0x738b, 0x738b, 0x738b, 0x0000, 0x7b8b, 0x7b8b, 0x7b8b, 0x7b8b, 0x7b8b,
	0x7b8b, 0x7b8b, 0x7b8b, 0x7b8b, 0x7b8b, 0x7b8b, 0x7b8b, 0x7b8b, 0x9c4c, 0x7b8b, 0x4a48, 0x7b8b,
	0x7b8b, 0x7b8b, 0x7b8b, 0x7b8b, 0x7b8b, 0x7b8b, 0x7b8b, 0x7b8b, 0x7b8b, 0x7b8b, 0x7b8b, 0x7b8b,
	0x9c4c, 0x7b8b, 0x4a48, 0x7b8b, 0x7b8b, 0x7b8b, 0x7b8b, 0x7b8b, 0x7b8b, 0x7b8b, 0x7b8b, 0x7b8b,
	0x7b8b, 0x7b8b, 0x7b8b, 0x7b8b, 0x9c4c, 0x7b8b, 0x4a48, 0x7b8b, 0x7b8b, 0x7b8b, 0x7b8b, 0x7b8b,
	0x7b8b, 0x7b8b, 0x7b8b, 0x7b8b, 0x7b8b, 0x7b8b, 0x7b8b, 0x7b8b, 0x9c4c, 0x7b8b, 0x4a48, 0x7b8b,
	0x7b8b, 0x7b8b, 0x7b8b, 0x7b8b, 0x7b8b, 0x7b8b, 0x7b8b, 0x7b8b, 0x7b8b, 0x7b8b, 0x7b8b, 0x7b8b,
	0x9c4c, 0x7b8b, 0x4a48, 0x7b8b, 0x7b8b, 0x7b8b, 0x7b8b, 0x7b8b, 0x7b8b, 0x7b8b, 0x7b8b, 0x7b8b,
	0x7b8b, 0x7b8b, 0x7b8b, 0x7b8b, 0x9c4c, 0x7b8b, 0x4a48, 0x7b8b, 0x7b8b, 0x7b8b, 0x7b8b, 0x7b8b,
	0x7b8b, 0x7b8b, 0x7b8b, 0x7b8b, 0x7b8b, 0x7b8b, 0x7b8b, 0x7b8b, 0x9c4c, 0x7b8b, 0x4a48, 0x7b8b,
	0x7b8b, 0x7b8b, 0x7b8b, 0x7b8b, 0x7b8b, 0x7b8b, 0x7b8b, 0x7b8b, 0x7b8b, 0x7b8b, 0x7b8b, 0x7b8b,
	0x9c4c, 0x7b8b, 0x4a48, 0x7b8b, 0x7b8b, 0x7b8b, 0x7b8b, 0x7b8b, 0x7b8b, 0x7b8b, 0x7b8b, 0x7b8b,
	0x7b8b, 0x7b8b, 0x7b8b, 0x7b8b, 0x9c4c, 0x7b8b, 0x4a48, 0x7b8b, 0x7b8b, 0x0000, 0x738b, 0x738b,
	0x738b, 0x738b, 0x738b, 0x738b, 0x0000, 0xb3cc, 0x8289, 0x0000, 0x8289, 0xa309, 0x8289, 0x8289,
	0xa309, 0x8289, 0x8289, 0xa309, 0x8289, 0x0000, 0xb3cc, 0x8289, 0x0000, 0x738b, 0x738b, 0x738b,
	0x738b, 0x738b, 0x738b, 0x738b, 0x738b, 0x738b, 0x738b, 0x738b, 0x738b, 0x738b, 0x738b, 0x738b,
	0x738b, 0x738b, 0x738b, 0x738b, 0x738b, 0x738b, 0x738b, 0x738b, 0x738b, 0x738b, 0x738b, 0x738b,
	0x738b, 0x738b, 0x738b, 0x738b, 0x738b, 0x738b, 0x738b, 0x738b, 0x738b, 0x738b, 0x738b, 0x738b,
	0x738b, 0x738b, 0x738b, 0x738b, 0x738b, 0x738b, 0x738b, 0x738b, 0x738b, 0x738b, 0x738b, 0x738b,
	0x738b, 0x0000, 0x7b8b, 0x7b8b, 0x7b8b, 0x7b8b, 0x7b8b, 0x7b8b, 0x7b8b, 0x7b8b, 0x7b8b, 0x7b8b,
	0x7b8b, 0x7b8b, 0x7b8b, 0x9c4c, 0x7b8b, 0x4a48, 0x7b8b, 0x7b8b, 0x7b8b, 0x7b8b, 0x7b8b, 0x7b8b,
	0x7b8b, 0x7b8b, 0x7b8b, 0x7b8b, 0x7b8b, 0x7b8b, 0x7b8b, 0x9c4c, 0x7b8b, 0x4a48, 0x7b8b, 0x7b8b,
	0x7b8b, 0x7b8b, 0x7b8b, 0x7b8b, 0x7b8b, 0x7b8b, 0x7b8b, 0x7b8b, 0x7b8b, 0x7b8b, 0x7b8b, 0x9c4c,
	0x7b8b, 0x4a48, 0x7b8b, 0x7b8b, 0x7b8b, 0x7b8b, 0x7b8b, 0x7b8b, 0x7b8b, 0x7b8b, 0x7b8b, 0x7b8b,
	0x7b8b, 0x7b8b, 0x7b8b, 0x9c4c, 0x7b8b, 0x4a48, 0x7b8b, 0x7b8b, 0x7b8b, 0x7b8b, 0x7b8b, 0x7b8b,
	0x7b8b, 0x7b8b, 0x7b8b, 0x7b8b, 0x7b8b, 0x7b8b, 0x7b8b, 0x9c4c, 0x7b8b, 0x4a48, 0x7b8b, 0x7b8b,
	0x7b8b, 0x7b8b, 0x7b8b, 0x7b8b, 0x7b8b, 0x7b8b, 0x7b8b, 0x7b8b, 0x7b8b, 0x7b8b, 0x7b8b, 0x9c4c,
	0x7b8b, 0x4a48, 0x7b8b, 0x7b8b, 0x7b8b, 0x7b8b, 0x7b8b, 0x7b8b, 0x7b8b, 0x7b8b, 0x7b8b, 0x7b8b,
	0x7b8b, 0x7b8b, 0x7b8b, 0x9c4c, 0x7b8b, 0x4a48, 0x7b8b, 0x7b8b, 0x7b8b, 0x7b8b, 0x7b8b, 0x7b8b,
	0x7b8b, 0x7b8b, 0x7b8b, 0x7b8b, 0x7b8b, 0x7b8b, 0x7b8b, 0x9c4c, 0x7b8b, 0x4a48, 0x7b8b, 0x7b8b,
	0x7b8b, 0x7b8b, 0x7b8b, 0x7b8b, 0x7b8b, 0x7b8b, 0x7b8b, 0x7b8b, 0x7b8b, 0x7b8b, 0x7b8b, 0x9c4c,
	0x7b8b, 0x4a48, 0x7b8b, 0x7b8b, 0x7b8b, 0x7b8b, 0x0000, 0x738b, 0x738b, 0x738b, 0x738b, 0x738b,
	0x0000, 0x8289, 0x8289, 0x0000, 0x8289, 0x8289, 0xa309, 0x8289, 0x8289, 0xa309, 0x8289, 0x8289,
	0x8289, 0x0000, 0x8289, 0x8289, 0x0000, 0x738b, 0x738b, 0x738b, 0x738b, 0x738b, 0x738b, 0x738b,
	0x738b, 0x738b, 0x738b, 0x738b, 0x738b, 0x738b, 0x738b, 0x738b, 0x738b, 0x738b, 0x738b, 0x738b,
	0x738b, 0x738b, 0x738b, 0x738b, 0x738b, 0x738b, 0x738b, 0x738b, 0x738b, 0x738b, 0x738b, 0x738b,
	0x738b, 0x738b, 0x738b, 0x738b, 0x738b, 0x738b, 0x738b, 0x738b, 0x738b, 0x738b, 0x738b, 0x738b,
	0x738b, 0x738b, 0x738b, 0x738b, 0x738b, 0x738b, 0x738b, 0x738b, 0x0000, 0x7b8b, 0x7b8b, 0x7b8b,
	0x7b8b, 0x7b8b, 0x7b8b, 0x7b8b, 0x7b8b, 0x7b8b, 0x7b8b, 0x7b8b, 0x7b8b, 0x7b8b, 0x9c4c, 0x7b8b,
	0x4a48, 0x7b8b, 0x7b8b, 0x7b8b, 0x7b8b, 0x7b8b, 0x7b8b, 0x7b8b, 0x7b8b, 0x7b8b, 0x7b8b, 0x7b8b,
	0x7b8b, 0x7b8b, 0x9c4c, 0x7b8b, 0x4a48, 0x7b8b, 0x7b8b, 0x7b8b, 0x7b8b, 0x7b8b, 0x7b8b, 0x7b8b,
	0x7b8b, 0x7b8b, 0x7b8b, 0x7b8b, 0x7b8b, 0x7b8b, 0x9c4c, 0x7b8b, 0x4a48, 0x7b8b, 0x7b8b, 0x7b8b,
	0x7b8b, 0x7b8b, 0x7b8b, 0x7b8b, 0x7b8b, 0x7b8b, 0x7b8b, 0x7b8b, 0x7b8b, 0x7b8b, 0x9c4c, 0x7b8b,
	0x4a48, 0x7b8b, 0x7b8b, 0x7b8b, 0x7b8b, 0x7b8b, 0x7b8b, 0x7b8b, 0x7b8b, 0x7b8b, 0x7b8b, 0x7b8b,
	0x7b8b, 0x7b8b, 0x9c4c, 0x7b8b, 0x4a48, 0x7b8b, 0x7b8b, 0x7b8b, 0x7b8b, 0x7b8b, 0x7b8b, 0x7b8b,
	0x7b8b, 0x7b8b, 0x7b8b, 0x7b8b, 0x7b8b, 0x7b8b, 0x9c4c, 0x7b8b, 0x4a48, 0x7b8b, 0x7b8b, 0x7b8b,
	0x7b8b, 0x7b8b, 0x7b8b, 0x7b8b, 0x7b8b, 0x7b8b, 0x7b8b, 0x7b8b, 0x7b8b, 0x7b8b, 0x9c4c, 0x7b8b,
	0x4a48, 0x7b8b, 0x7b8b, 0x7b8b, 0x7b8b, 0x7b8b, 0x7b8b, 0x7b8b, 0x7b8b, 0x7b8b, 0x7b8b, 0x7b8b,
	0x7b8b, 0x7b8b, 0x9c4c, 0x7b8b, 0x4a48, 0x7b8b, 0x7b8b, 0x7b8b, 0x7b8b, 0x7b8b, 0x7b8b, 0x7b8b,
	0x7b8b, 0x7b8b, 0x7b8b, 0x7b8b, 0x7b8b, 0x7b8b, 0x9c4c, 0x7b8b, 0x4a48, 0x7b8b, 0x7b8b, 0x7b8b,
	0x7b8b, 0x7b8b, 0x7b8b, 0x0000, 0x738b, 0x738b, 0x738b, 0x738b, 0x0000, 0xb3cc, 0x8289, 0x0000,
	0x8289, 0xa309, 0x8289, 0xa309, 0x8289, 0xa309, 0x0000, 0x0000, 0x8289, 0x0000, 0xb3cc, 0x8289,
	0x0000, 0x738b, 0x738b, 0x738b, 0x738b, 0x738b, 0x738b, 0x738b, 0x738b, 0x738b, 0x738b, 0x738b,
	0x738b, 0x738b, 0x738b, 0x738b, 0x738b, 0x738b, 0x738b, 0x738b, 0x738b, 0x738b, 0x738b, 0x738b,
	0x738b, 0x738b, 0x738b, 0x738b, 0x738b, 0x738b, 0x738b, 0x738b, 0x738b, 0x738b, 0x738b, 0x738b,
	0x738b, 0x738b, 0x738b, 0x738b, 0x738b, 0x738b, 0x738b, 0x738b, 0x738b, 0x738b, 0x738b, 0x738b,
	0x738b, 0x738b, 0x738b, 0x0000, 0x7b8b, 0x7b8b, 0x7b8b, 0x7b8b, 0x7b8b, 0x7b8b, 0x7b8b, 0x7b8b,
	0x7b8b, 0x7b8b, 0x7b8b, 0x7b8b, 0x7b8b, 0x9c4c, 0x7b8b, 0x4a48, 0x7b8b, 0x7b8b, 0x7b8b, 0x7b8b,
	0x7b8b, 0x7b8b, 0x7b8b, 0x7b8b, 0x7b8b, 0x7b8b, 0x7b8b, 0x7b8b, 0x7b8b, 0x9c4c, 0x7b8b, 0x4a48,
	0x7b8b, 0x7b8b, 0x7b8b, 0x7b8b, 0x7b8b, 0x7b8b, 0x7b8b, 0x7b8b, 0x7b8b, 0x7b8b, 0x7b8b, 0x7b8b,
	0x7b8b, 0x9c4c, 0x7b8b, 0x4a48, 0x7b8b, 0x7b8b, 0x7b8b, 0x7b8b, 0x7b8b, 0x7b8b, 0x7b8b, 0x7b8b,
	0x7b8b, 0x7b8b, 0x7b8b, 0x7b8b, 0x7b8b, 0x9c4c, 0x7b8b, 0x4a48, 0x7b8b, 0x7b8b, 0x7b8b, 0x7b8b,
	0x7b8b, 0x7b8b, 0x7b8b, 0x7b8b, 0x7b8b, 0x7b8b, 0x7b8b, 0x7b8b, 0x7b8b, 0x9c4c, 0x7b8b, 0x4a48,
	0x7b8b, 0x7b8b, 0x7b8b, 0x7b8b, 0x7b8b, 0x7b8b, 0x7b8b, 0x7b8b, 0x7b8b, 0x7b8b, 0x7b8b, 0x7b8b,
	0x7b8b, 0x9c4c, 0x7b8b, 0x4a48, 0x7b8b, 0x7b8b, 0x7b8b, 0x7b8b, 0x7b8b, 0x7b8b, 0x7b8b, 0x7b8b,
	0x7b8b, 0x7b8b, 0x7b8b, 0x7b8b, 0x7b8b, 0x9c4c, 0x7b8b, 0x4a48, 0x7b8b, 0x7b8b, 0x7b8b, 0x7b8b,
	0x7b8b, 0x7b8b, 0x7b8b, 0x7b8b, 0x7b8b, 0x7b8b, 0x7b8b, 0x7b8b, 0x7b8b, 0x9c4c, 0x7b8b, 0x4a48,
	0x7b8b, 0x7b8b, 0x7b8b, 0x7b8b, 0x7b8b, 0x7b8b, 0x7b8b, 0x7b8b, 0x7b8b, 0x7b8b, 0x7b8b, 0x7b8b,
	0x7b8b, 0x9c4c, 0x7b8b, 0x4a48, 0x7b8b, 0x7b8b, 0x7b8b, 0x7b8b, 0x7b8b, 0x7b8b, 0x7b8b, 0x7b8b,
	0x0000, 0x738b, 0x738b, 0x738b, 0x0000, 0x8289, 0x8289, 0x0000, 0x8289, 0x8289, 0xa309, 0x8289,
	0xa309, 0x8289, 0x0000, 0x94d0, 0x0000, 0x0000, 0x8289, 0x8289, 0x0000, 0x738b, 0x738b, 0x738b,
	0x738b, 0x738b, 0x738b, 0x738b, 0x738b, 0x738b, 0x738b, 0x738b, 0x738b, 0x738b, 0x738b, 0x738b,
	0x738b, 0x738b, 0x738b, 0x738b, 0x738b, 0x738b, 0x738b, 0x738b, 0x738b, 0x738b, 0x738b, 0x738b,
	0x738b, 0x738b, 0x738b, 0x738b, 0x738b, 0x738b, 0x738b, 0x738b, 0x738b, 0x738b, 0x738b, 0x738b,
	0x738b, 0x738b, 0x738b, 0x738b, 0x738b, 0x738b, 0x738b, 0x738b, 0x738b, 0x738b, 0x0000, 0x7b8b,
	0x7b8b, 0x7b8b, 0x7b8b, 0x7b8b, 0x7b8b, 0x7b8b, 0x7b8b, 0x7b8b, 0x7b8b, 0x7b8b, 0x7b8b, 0x7b8b,
	0x9c4c, 0x7b8b, 0x4a48, 0x7b8b, 0x7b8b, 0x7b8b, 0x7b8b, 0x7b8b, 0x7b8b, 0x7b8b, 0x7b8b, 0x7b8b,
	0x7b8b, 0x7b8b, 0x7b8b, 0x7b8b, 0x9c4c, 0x7b8b, 0x4a48, 0x7b8b, 0x7b8b, 0x7b8b, 0x7b8b, 0x7b8b,
	0x7b8b, 0x7b8b, 0x7b8b, 0x7b8b, 0x7b8b, 0x7b8b, 0x7b8b, 0x7b8b, 0x9c4c, 0x7b8b, 0x4a48, 0x7b8b,
	0x7b8b, 0x7b8b, 0x7b8b, 0x7b8b, 0x7b8b, 0x7b8b, 0x7b8b, 0x7b8b, 0x7b8b, 0x7b8b, 0x7b8b, 0x7b8b,
	0x9c4c, 0x7b8b, 0x4a48, 0x7b8b, 0x7b8b, 0x7b8b, 0x7b8b, 0x7b8b, 0x7b8b, 0x7b8b, 0x7b8b, 0x7b8b,
	0x7b8b, 0x7b8b, 0x7b8b, 0x7b8b, 0x9c4c, 0x7b8b, 0x4a48, 0x7b8b, 0x7b8b, 0x7b8b, 0x7b8b, 0x7b8b,
	0x7b8b, 0x7b8b, 0x7b8b, 0x7b8b, 0x7b8b, 0x7b8b, 0x7b8b, 0x7b8b, 0x9c4c, 0x7b8b, 0x4a48, 0x7b8b,
	0x7b8b, 0x7b8b, 0x7b8b, 0x7b8b, 0x7b8b, 0x7b8b, 0x7b8b, 0x7b8b, 0x7b8b, 0x7b8b, 0x7b8b, 0x7b8b,
	0x9c4c, 0x7b8b, 0x4a48, 0x7b8b, 0x7b8b, 0x7b8b, 0x7b8b, 0x7b8b, 0x7b8b, 0x7b8b, 0x7b8b, 0x7b8b,
	0x7b8b, 0x7b8b, 0x7b8b, 0x7b8b, 0x9c4c, 0x7b8b, 0x4a48, 0x7b8b, 0x7b8b, 0x7b8b, 0x7b8b, 0x7b8b,
	0x7b8b, 0x7b8b, 0x7b8b, 0x7b8b, 0x7b8b, 0x7b8b, 0x7b8b, 0x7b8b, 0x9c4c, 0x7b8b, 0x4a48, 0x7b8b,
	0x7b8b, 0x7b8b, 0x7b8b, 0x7b8b, 0x7b8b, 0x7b8b, 0x7b8b, 0x7b8b, 0x7b8b, 0x0000, 0x738b, 0x738b,
	0x0000, 0xb3cc, 0x8289, 0x0000, 0x8289, 0x8289, 0xa309, 0xa309, 0xa309, 0x8289, 0x0000, 0x94d0,
	0x0000, 0x0000, 0xb3cc, 0x8289, 0x0000, 0x738b, 0x738b, 0x738b, 0x738b, 0x738b, 0x738b, 0x738b,
	0x738b, 0x738b, 0x738b, 0x738b, 0x738b, 0x738b, 0x738b, 0x738b, 0x738b, 0x738b, 0x738b, 0x738b,
	0x738b, 0x738b, 0x738b, 0x738b, 0x738b, 0x738b, 0x738b, 0x738b, 0x738b, 0x738b, 0x738b, 0x738b,
	0x738b, 0x738b, 0x738b, 0x738b, 0x738b, 0x738b, 0x738b, 0x738b, 0x738b, 0x738b, 0x738b, 0x738b,
	0x738b, 0x738b, 0x738b, 0x738b, 0x738b, 0x0000, 0x9c4c, 0x9c4c, 0x9c4c, 0x9c4c, 0x9c4c, 0x9c4c,
	0x9c4c, 0x9c4c, 0x9c4c, 0x9c4c, 0x9c4c, 0x9c4c, 0x9c4c, 0x9c4c, 0x7b8b, 0x4a48, 0x7b8b, 0x9c4c,
	0x9c4c, 0x9c4c, 0x9c4c, 0x9c4c, 0x9c4c, 0x9c4c, 0x9c4c, 0x9c4c, 0x9c4c, 0x9c4c, 0x9c4c, 0x9c4c,
	0x7b8b, 0x4a48, 0x7b8b, 0x9c4c, 0x9c4c, 0x9c4c, 0x9c4c, 0x9c4c, 0x9c4c, 0x9c4c, 0x9c4c, 0x9c4c,
	0x9c4c, 0x9c4c, 0x9c4c, 0x9c4c, 0x7b8b, 0x4a48, 0x7b8b, 0x9c4c, 0x9c4c, 0x9c4c, 0x9c4c, 0x9c4c,
	0x9c4c, 0x9c4c, 0x9c4c, 0x9c4c, 0x9c4c, 0x9c4c, 0x9c4c, 0x9c4c, 0x7b8b, 0x4a48, 0x7b8b, 0x9c4c,
	0x9c4c, 0x9c4c, 0x9c4c, 0x9c4c, 0x9c4c, 0x9c4c, 0x9c4c, 0x9c4c, 0x9c4c, 0x9c4c, 0x9c4c, 0x9c4c,
	0x7b8b, 0x4a48, 0x7b8b, 0x9c4c, 0x9c4c, 0x9c4c, 0x9c4c, 0x9c4c, 0x9c4c, 0x9c4c, 0x9c4c, 0x9c4c,
	0x9c4c, 0x9c4c, 0x9c4c, 0x9c4c, 0x7b8b, 0x4a48, 0x7b8b, 0x9c4c, 0x9c4c, 0x9c4c, 0x9c4c, 0x9c4c,
	0x9c4c, 0x9c4c, 0x9c4c, 0x9c4c, 0x9c4c, 0x9c4c, 0x9c4c, 0x9c4c, 0x7b8b, 0x4a48, 0x7b8b, 0x9c4c,
	0x9c4c, 0x9c4c, 0x9c4c, 0x9c4c, 0x9c4c, 0x9c4c, 0x9c4c, 0x9c4c, 0x9c4c, 0x9c4c, 0x9c4c, 0x9c4c,
	0x7b8b, 0x4a48, 0x7b8b, 0x9c4c, 0x9c4c, 0x9c4c, 0x9c4c, 0x9c4c, 0x9c4c, 0x9c4c, 0x9c4c, 0x9c4c,
	0x9c4c, 0x9c4c, 0x9c4c, 0x9c4c, 0x7b8b, 0x4a48, 0x7b8b, 0x9c4c, 0x9c4c, 0x9c4c, 0x9c4c, 0x9c4c,
	0x9c4c, 0x9c4c, 0x9c4c, 0x9c4c, 0x9c4c, 0x9c4c, 0x0000, 0x738b, 0x0000, 0x8289, 0x8289, 0xa309,
	0x0000, 0x8289, 0xa309, 0x8289, 0x8289, 0xa309, 0x0000, 0x94d0, 0x0000, 0x0000, 0x8289, 0x8289,
	0x0000, 0x738b, 0x738b, 0x738b, 0x738b, 0x738b, 0x738b, 0x738b, 0x738b, 0x738b, 0x738b, 0x738b,
	0x738b, 0x738b, 0x738b, 0x738b, 0x738b, 0x738b, 0x738b, 0x738b, 0x738b, 0x738b, 0x738b, 0x738b,
	0x738b, 0x738b, 0x738b, 0x738b, 0x738b, 0x738b, 0x738b, 0x738b, 0x738b, 0x738b, 0x738b, 0x738b,
	0x738b, 0x738b, 0x738b, 0x738b, 0x738b, 0x738b, 0x738b, 0x738b, 0x738b, 0x738b, 0x738b, 0x738b,
	0x0000, 0x4a48, 0x4a48, 0x4a48, 0x4a48, 0x4a48, 0x4a48, 0x4a48, 0x4a48, 0x4a48, 0x4a48, 0x4a48,
	0x4a48, 0x4a48, 0x4a48, 0x4a48, 0x4a48, 0x4a48, 0x4a48, 0x4a48, 0x4a48, 0x4a48, 0x4a48, 0x4a48,
	0x4a48, 0x4a48, 0x4a48, 0x4a48, 0x4a48, 0x4a48, 0x4a48, 0x4a48, 0x4a48, 0x4a48, 0x4a48, 0x4a48,
	0x4a48, 0x4a48, 0x4a48, 0x4a48, 0x4a48, 0x4a48, 0x4a48, 0x4a48, 0x4a48, 0x4a48, 0x4a48, 0x4a48,
	0x4a48, 0x4a48, 0x4a48, 0x4a48, 0x4a48, 0x4a48, 0x4a48, 0x4a48, 0x4a48, 0x4a48, 0x4a48, 0x4a48,
	0x4a48, 0x4a48, 0x4a48, 0x4a48, 0x4a48, 0x4a48, 0x4a48, 0x4a48, 0x4a48, 0x4a48, 0x4a48, 0x4a48,
	0x4a48, 0x4a48, 0x4a48, 0x4a48, 0x4a48, 0x4a48, 0x4a48, 0x4a48, 0x4a48, 0x4a48, 0x4a48, 0x4a48,
	0x4a48, 0x4a48, 0x4a48, 0x4a48, 0x4a48, 0x4a48, 0x4a48, 0x4a48, 0x4a48, 0x4a48, 0x4a48, 0x4a48,
	0x4a48, 0x4a48, 0x4a48, 0x4a48, 0x4a48, 0x4a48, 0x4a48, 0x4a48, 0x4a48, 0x4a48, 0x4a48, 0x4a48,
	0x4a48, 0x4a48, 0x4a48, 0x4a48, 0x4a48, 0x4a48, 0x4a48, 0x4a48, 0x4a48, 0x4a48, 0x4a48, 0x4a48,
	0x4a48, 0x4a48, 0x4a48, 0x4a48, 0x4a48, 0x4a48, 0x4a48, 0x4a48, 0x4a48, 0x4a48, 0x4a48, 0x4a48,
	0x4a48, 0x4a48, 0x4a48, 0x4a48, 0x4a48, 0x4a48, 0x4a48, 0x4a48, 0x4a48, 0x4a48, 0x4a48, 0x4a48,
	0x4a48, 0x4a48, 0x4a48, 0x4a48, 0x4a48, 0x4a48, 0x4a48, 0x4a48, 0x4a48, 0x4a48, 0x4a48, 0x4a48,
	0x4a48, 0x4a48, 0x4a48, 0x0000, 0x0000, 0x8289, 0xb3cc, 0x8289, 0xa309, 0x0000, 0x8289, 0x8289,
	0xa309, 0xa309, 0x8289, 0x0000, 0x0000, 0x0000, 0xb3cc, 0x8289, 0x0000, 0x738b, 0x738b, 0x738b,
	0x738b, 0x738b, 0x738b, 0x738b, 0x738b, 0x738b, 0x738b, 0x738b, 0x738b, 0x738b, 0x738b, 0x738b,
	0x738b, 0x738b, 0x738b, 0x738b, 0x738b, 0x738b, 0x738b, 0x738b, 0x738b, 0x738b, 0x738b, 0x738b,
	0x738b, 0x738b, 0x738b, 0x738b, 0x738b, 0x738b, 0x738b, 0x738b, 0x738b, 0x738b, 0x738b, 0x738b,
	0x738b, 0x738b, 0x738b, 0x738b, 0x738b, 0x738b, 0x738b, 0x0000, 0x7b8b, 0x7b8b, 0x7b8b, 0x7b8b,
	0x7b8b, 0x9c4c, 0x7b8b, 0x4a48, 0x7b8b, 0x7b8b, 0x7b8b, 0x7b8b, 0x7b8b, 0x7b8b, 0x7b8b, 0x7b8b,
	0x7b8b, 0x7b8b, 0x7b8b, 0x7b8b, 0x7b8b, 0x9c4c, 0x7b8b, 0x4a48, 0x7b8b, 0x7b8b, 0x7b8b, 0x7b8b,
	0x7b8b, 0x7b8b, 0x7b8b, 0x7b8b, 0x7b8b, 0x7b8b, 0x7b8b, 0x7b8b, 0x7b8b, 0x9c4c, 0x7b8b, 0x4a48,
	0x7b8b, 0x7b8b, 0x7b8b, 0x7b8b, 0x7b8b, 0x7b8b, 0x7b8b, 0x7b8b, 0x7b8b, 0x7b8b, 0x7b8b, 0x7b8b,
	0x7b8b, 0x9c4c, 0x7b8b, 0x4a48, 0x7b8b, 0x7b8b, 0x7b8b, 0x7b8b, 0x7b8b, 0x7b8b, 0x7b8b, 0x7b8b,
	0x7b8b, 0x7b8b, 0x7b8b, 0x7b8b, 0x7b8b, 0x9c4c, 0x7b8b, 0x4a48, 0x7b8b, 0x7b8b, 0x7b8b, 0x7b8b,
	0x7b8b, 0x7b8b, 0x7b8b, 0x7b8b, 0x7b8b, 0x7b8b, 0x7b8b, 0x7b8b, 0x7b8b, 0x9c4c, 0x7b8b, 0x4a48,
	0x7b8b, 0x7b8b, 0x7b8b, 0x7b8b, 0x7b8b, 0x7b8b, 0x7b8b, 0x7b8b, 0x7b8b, 0x7b8b, 0x7b8b, 0x7b8b,
	0x7b8b, 0x9c4c, 0x7b8b, 0x4a48, 0x7b8b, 0x7b8b, 0x7b8b, 0x7b8b, 0x7b8b, 0x7b8b, 0x7b8b, 0x7b8b,
	0x7b8b, 0x7b8b, 0x7b8b, 0x7b8b, 0x7b8b, 0x9c4c, 0x7b8b, 0x4a48, 0x7b8b, 0x7b8b, 0x7b8b, 0x7b8b,
	0x7b8b, 0x7b8b, 0x7b8b, 0x7b8b, 0x7b8b, 0x7b8b, 0x7b8b, 0x7b8b, 0x7b8b, 0x9c4c, 0x7b8b, 0x4a48,
	0x7b8b, 0x7b8b, 0x7b8b, 0x7b8b, 0x7b8b, 0x7b8b, 0x7b8b, 0x7b8b, 0x7b8b, 0x7b8b, 0x7b8b, 0x7b8b,
	0x7b8b, 0x9c4c, 0x7b8b, 0x4a48, 0x7b8b, 0x7b8b, 0x7b8b, 0x7b8b, 0x7b8b, 0x7b8b, 0x7b8b, 0x7b8b,
	0x4a48, 0x0000, 0x8289, 0x8289, 0x8289, 0xa309, 0x0000, 0x8289, 0xa309, 0x8289, 0xa309, 0xa309,
	0x8289, 0x0000, 0x8289, 0x8289, 0x0000, 0x738b, 0x738b, 0x738b, 0x738b, 0x738b, 0x738b, 0x738b,
	0x738b, 0x738b, 0x738b, 0x738b, 0x738b, 0x738b, 0x738b, 0x738b, 0x738b, 0x738b, 0x738b, 0x738b,
	0x738b, 0x738b, 0x738b, 0x738b, 0x738b, 0x738b, 0x738b, 0x738b, 0x738b, 0x738b, 0x738b, 0x738b,
	0x738b, 0x738b, 0x738b, 0x738b, 0x738b, 0x738b, 0x738b, 0x738b, 0x738b, 0x738b, 0x738b, 0x738b,
	0x738b, 0x738b, 0x0000, 0x7b8b, 0x7b8b, 0x7b8b, 0x7b8b, 0x7b8b, 0x9c4c, 0x7b8b, 0x4a48, 0x7b8b,
	0x7b8b, 0x7b8b, 0x7b8b, 0x7b8b, 0x7b8b, 0x7b8b, 0x7b8b, 0x7b8b, 0x7b8b, 0x7b8b, 0x7b8b, 0x7b8b,
	0x9c4c, 0x7b8b, 0x4a48, 0x7b8b, 0x7b8b, 0x7b8b, 0x7b8b, 0x7b8b, 0x7b8b, 0x7b8b, 0x7b8b, 0x7b8b,
	0x7b8b, 0x7b8b, 0x7b8b, 0x7b8b, 0x9c4c, 0x7b8b, 0x4a48, 0x7b8b, 0x7b8b, 0x7b8b, 0x7b8b, 0x7b8b,
	0x7b8b, 0x7b8b, 0x7b8b, 0x7b8b, 0x7b8b, 0x7b8b, 0x7b8b, 0x7b8b, 0x9c4c, 0x7b8b, 0x4a48, 0x7b8b,
	0x7b8b, 0x7b8b, 0x7b8b, 0x7b8b, 0x7b8b, 0x7b8b, 0x7b8b, 0x7b8b, 0x7b8b, 0x7b8b, 0x7b8b, 0x7b8b,
	0x9c4c, 0x7b8b, 0x4a48, 0x7b8b, 0x7b8b, 0x7b8b, 0x7b8b, 0x7b8b, 0x7b8b, 0x7b8b, 0x7b8b, 0x7b8b,
	0x7b8b, 0x7b8b, 0x7b8b, 0x7b8b, 0x9c4c, 0x7b8b, 0x4a48, 0x7b8b, 0x7b8b, 0x7b8b, 0x7b8b, 0x7b8b,
	0x7b8b, 0x7b8b, 0x7b8b, 0x7b8b, 0x7b8b, 0x7b8b, 0x7b8b, 0x7b8b, 0x9c4c, 0x7b8b, 0x4a48, 0x7b8b,
	0x7b8b, 0x7b8b, 0x7b8b, 0x7b8b, 0x7b8b, 0x7b8b, 0x7b8b, 0x7b8b, 0x7b8b, 0x7b8b, 0x7b8b, 0x7b8b,
	0x9c4c, 0x7b8b, 0x4a48, 0x7b8b, 0x7b8b, 0x7b8b, 0x7b8b, 0x7b8b, 0x7b8b, 0x7b8b, 0x7b8b, 0x7b8b,
	0x7b8b, 0x7b8b, 0x7b8b, 0x7b8b, 0x9c4c, 0x7b8b, 0x4a48, 0x7b8b, 0x7b8b, 0x7b8b, 0x7b8b, 0x7b8b,
	0x7b8b, 0x7b8b, 0x7b8b, 0x7b8b, 0x7b8b, 0x7b8b, 0x7b8b, 0x7b8b, 0x9c4c, 0x7b8b, 0x4a48, 0x7b8b,
	0x7b8b, 0x7b8b, 0x7b8b, 0x7b8b, 0x7b8b, 0x7b8b, 0x7b8b, 0x7b8b, 0x7b8b, 0x4a48, 0x0000, 0x8289,
	0xb3cc, 0x8289, 0xa309, 0x0000, 0x8289, 0xa309, 0xa309, 0x8289, 0x8289, 0x0000, 0xb3cc, 0x8289,
	0x0000, 0x738b, 0x738b, 0x738b, 0x738b, 0x738b, 0x738b, 0x738b, 0x738b, 0x738b, 0x738b, 0x738b,
	0x738b, 0x738b, 0x738b, 0x738b, 0x738b, 0x738b, 0x738b, 0x738b, 0x738b, 0x738b, 0x738b, 0x738b,
	0x738b, 0x738b, 0x738b, 0x738b, 0x738b, 0x738b, 0x738b, 0x738b, 0x738b, 0x738b, 0x738b, 0x738b,
	0x738b, 0x738b, 0x738b, 0x738b, 0x738b, 0x738b, 0x738b, 0x738b, 0x738b, 0x0000, 0x7b8b, 0x7b8b,
	0x7b8b, 0x7b8b, 0x7b8b, 0x9c4c, 0x7b8b, 0x4a48, 0x7b8b, 0x7b8b, 0x7b8b, 0x7b8b, 0x7b8b, 0x7b8b,
	0x7b8b, 0x7b8b, 0x7b8b, 0x7b8b, 0x7b8b, 0x7b8b, 0x7b8b, 0x9c4c, 0x7b8b, 0x4a48, 0x7b8b, 0x7b8b,
	0x7b8b, 0x7b8b, 0x7b8b, 0x7b8b, 0x7b8b, 0x7b8b, 0x7b8b, 0x7b8b, 0x7b8b, 0x7b8b, 0x7b8b, 0x9c4c,
	0x7b8b, 0x4a48, 0x7b8b, 0x7b8b, 0x7b8b, 0x7b8b, 0x7b8b, 0x7b8b, 0x7b8b, 0x7b8b, 0x7b8b, 0x7b8b,
	0x7b8b, 0x7b8b, 0x7b8b, 0x9c4c, 0x7b8b, 0x4a48, 0x7b8b, 0x7b8b, 0x7b8b, 0x7b8b, 0x7b8b, 0x7b8b,
	0x7b8b, 0x7b8b, 0x7b8b, 0x7b8b, 0x7b8b, 0x7b8b, 0x7b8b, 0x9c4c, 0x7b8b, 0x4a48, 0x7b8b, 0x7b8b,
	0x7b8b, 0x7b8b, 0x7b8b, 0x7b8b, 0x7b8b, 0x7b8b, 0x7b8b, 0x7b8b, 0x7b8b, 0x7b8b, 0x7b8b, 0x9c4c,
	0x7b8b, 0x4a48, 0x7b8b, 0x7b8b, 0x7b8b, 0x7b8b, 0x7b8b, 0x7b8b, 0x7b8b, 0x7b8b, 0x7b8b, 0x7b8b,
	0x7b8b, 0x7b8b, 0x7b8b, 0x9c4c, 0x7b8b, 0x4a48, 0x7b8b, 0x7b8b, 0x7b8b, 0x7b8b, 0x7b8b, 0x7b8b,
	0x7b8b, 0x7b8b, 0x7b8b, 0x7b8b, 0x7b8b, 0x7b8b, 0x7b8b, 0x9c4c, 0x7b8b, 0x4a48, 0x7b8b, 0x7b8b,
	0x7b8b, 0x7b8b, 0x7b8b, 0x7b8b, 0x7b8b, 0x7b8b, 0x7b8b, 0x7b8b, 0x7b8b, 0x7b8b, 0x7b8b, 0x9c4c,
	0x7b8b, 0x4a48, 0x7b8b, 0x7b8b, 0x7b8b, 0x7b8b, 0x7b8b, 0x7b8b, 0x7b8b, 0x7b8b, 0x7b8b, 0x7b8b,
	0x7b8b, 0x7b8b, 0x7b8b, 0x9c4c, 0x7b8b, 0x4a48, 0x7b8b, 0x7b8b, 0x7b8b, 0x7b8b, 0x7b8b, 0x7b8b,
	0x7b8b, 0x7b8b, 0x7b8b, 0x7b8b, 0x7b8b, 0x7b8b, 0x4a48, 0x0000, 0x8289, 0x8289, 0x8289, 0xa309,
	0x0000, 0x8289, 0x8289, 0xa309, 0x8289, 0x0000, 0x8289, 0x8289, 0x0000, 0x738b, 0x738b, 0x738b,
	0x738b, 0x738b, 0x738b, 0x738b, 0x738b, 0x738b, 0x738b, 0x738b, 0x738b, 0x738b, 0x738b, 0x738b,
	0x738b, 0x738b, 0x738b, 0x738b, 0x738b, 0x738b, 0x738b, 0x738b, 0x738b, 0x738b, 0x738b, 0x738b,
	0x738b, 0x738b, 0x738b, 0x738b, 0x738b, 0x738b, 0x738b, 0x738b, 0x738b, 0x738b, 0x738b, 0x738b,
	0x738b, 0x738b, 0x738b, 0x738b, 0x0000, 0x7b8b, 0x7b8b, 0x7b8b, 0x7b8b, 0x7b8b, 0x9c4c, 0x7b8b,
	0x4a48, 0x7b8b, 0x7b8b, 0x7b8b, 0x7b8b, 0x7b8b, 0x7b8b, 0x7b8b, 0x7b8b, 0x7b8b, 0x7b8b, 0x7b8b,
	0x7b8b, 0x7b8b, 0x9c4c, 0x7b8b, 0x4a48, 0x7b8b, 0x7b8b, 0x7b8b, 0x7b8b, 0x7b8b, 0x7b8b, 0x7b8b,
	0x7b8b, 0x7b8b, 0x7b8b, 0x7b8b, 0x7b8b, 0x7b8b, 0x9c4c, 0x7b8b, 0x4a48, 0x7b8b, 0x7b8b, 0x7b8b,
	0x7b8b, 0x7b8b, 0x7b8b, 0x7b8b, 0x7b8b, 0x7b8b, 0x7b8b, 0x7b8b, 0x7b8b, 0x7b8b, 0x9c4c, 0x7b8b,
	0x4a48, 0x7b8b, 0x7b8b, 0x7b8b, 0x7b8b, 0x7b8b, 0x7b8b, 0x7b8b, 0x7b8b, 0x7b8b, 0x7b8b, 0x7b8b,
	0x7b8b, 0x7b8b, 0x9c4c, 0x7b8b, 0x4a48, 0x7b8b, 0x7b8b, 0x7b8b, 0x7b8b, 0x7b8b, 0x7b8b, 0x7b8b,
	0x7b8b, 0x7b8b, 0x7b8b, 0x7b8b, 0x7b8b, 0x7b8b, 0x9c4c, 0x7b8b, 0x4a48, 0x7b8b, 0x7b8b, 0x7b8b,
	0x7b8b, 0x7b8b, 0x7b8b, 0x7b8b, 0x7b8b, 0x7b8b, 0x7b8b, 0x7b8b, 0x7b8b, 0x7b8b, 0x9c4c, 0x7b8b,
	0x4a48, 0x7b8b, 0x7b8b, 0x7b8b, 0x7b8b, 0x7b8b, 0x7b8b, 0x7b8b, 0x7b8b, 0x7b8b, 0x7b8b, 0x7b8b,
	0x7b8b, 0x7b8b, 0x9c4c, 0x7b8b, 0x4a48, 0x7b8b, 0x7b8b, 0x7b8b, 0x7b8b, 0x7b8b, 0x7b8b, 0x7b8b,
	0x7b8b, 0x7b8b, 0x7b8b, 0x7b8b, 0x7b8b, 0x7b8b, 0x9c4c, 0x7b8b, 0x4a48, 0x7b8b, 0x7b8b, 0x7b8b,
	0x7b8b, 0x7b8b, 0x7b8b, 0x7b8b, 0x7b8b, 0x7b8b, 0x7b8b, 0x7b8b, 0x7b8b, 0x7b8b, 0x9c4c, 0x7b8b,
	0x4a48, 0x7b8b, 0x7b8b, 0x7b8b, 0x7b8b, 0x7b8b, 0x7b8b, 0x7b8b, 0x7b8b, 0x7b8b, 0x7b8b, 0x7b8b,
	0x7b8b, 0x7b8b, 0x7b8b, 0x4a48, 0x0000, 0x8289, 0xb3cc, 0x8289, 0xa309, 0x0000, 0x8289, 0x8289,
	0x8289, 0x0000, 0xb3cc, 0x8289, 0x0000, 0x738b, 0x738b, 0x738b, 0x738b, 0x738b, 0x738b, 0x738b,
	0x738b, 0x738b, 0x738b, 0x738b, 0x738b, 0x738b, 0x738b, 0x738b, 0x738b, 0x738b, 0x738b, 0x738b,
	0x738b, 0x738b, 0x738b, 0x738b, 0x738b, 0x738b, 0x738b, 0x738b, 0x738b, 0x738b, 0x738b, 0x738b,
	0x738b, 0x738b, 0x738b, 0x738b, 0x738b, 0x738b, 0x738b, 0x738b, 0x738b, 0x738b, 0x738b, 0x0000,
	0x7b8b, 0x7b8b, 0x7b8b, 0x7b8b, 0x7b8b, 0x9c4c, 0x7b8b, 0x4a48, 0x7b8b, 0x7b8b, 0x7b8b, 0x7b8b,
	0x7b8b, 0x7b8b, 0x7b8b, 0x7b8b, 0x7b8b, 0x7b8b, 0x7b8b, 0x7b8b, 0x7b8b, 0x9c4c, 0x7b8b, 0x4a48,
	0x7b8b, 0x7b8b, 0x7b8b, 0x7b8b, 0x7b8b, 0x7b8b, 0x7b8b, 0x7b8b, 0x7b8b, 0x7b8b, 0x7b8b, 0x7b8b,
	0x7b8b, 0x9c4c, 0x7b8b, 0x4a48, 0x7b8b, 0x7b8b, 0x7b8b, 0x7b8b, 0x7b8b, 0x7b8b, 0x7b8b, 0x7b8b,
	0x7b8b, 0x7b8b, 0x7b8b, 0x7b8b, 0x7b8b, 0x9c4c, 0x7b8b, 0x4a48, 0x7b8b, 0x7b8b, 0x7b8b, 0x7b8b,
	0x7b8b, 0x7b8b, 0x7b8b, 0x7b8b, 0x7b8b, 0x7b8b, 0x7b8b, 0x7b8b, 0x7b8b, 0x9c4c, 0x7b8b, 0x4a48,
	0x7b8b, 0x7b8b, 0x7b8b, 0x7b8b, 0x7b8b, 0x7b8b, 0x7b8b, 0x7b8b, 0x7b8b, 0x7b8b, 0x7b8b, 0x7b8b,
	0x7b8b, 0x9c4c, 0x7b8b, 0x4a48, 0x7b8b, 0x7b8b, 0x7b8b, 0x7b8b, 0x7b8b, 0x7b8b, 0x7b8b, 0x7b8b,
	0x7b8b, 0x7b8b, 0x7b8b, 0x7b8b, 0x7b8b, 0x9c4c, 0x7b8b, 0x4a48, 0x7b8b, 0x7b8b, 0x7b8b, 0x7b8b,
	0x7b8b, 0x7b8b, 0x7b8b, 0x7b8b, 0x7b8b, 0x7b8b, 0x7b8b, 0x7b8b, 0x7b8b, 0x9c4c, 0x7b8b, 0x4a48,
	0x7b8b, 0x7b8b, 0x7b8b, 0x7b8b, 0x7b8b, 0x7b8b, 0x7b8b, 0x7b8b, 0x7b8b, 0x7b8b, 0x7b8b, 0x7b8b,
	0x7b8b, 0x9c4c, 0x7b8b, 0x4a48, 0x7b8b, 0x7b8b, 0x7b8b, 0x7b8b, 0x7b8b, 0x7b8b, 0x7b8b, 0x7b8b,
	0x7b8b, 0x7b8b, 0x7b8b, 0x7b8b, 0x7b8b, 0x9c4c, 0x7b8b, 0x4a48, 0x7b8b, 0x7b8b, 0x7b8b, 0x7b8b,
	0x7b8b, 0x7b8b, 0x7b8b, 0x7b8b, 0x7b8b, 0x7b8b, 0x7b8b, 0x7b8b, 0x7b8b, 0x7b8b, 0x7b8b, 0x7b8b,
	0x4a48, 0x0000, 0x8289, 0x8289, 0x8289, 0xa309, 0x0000, 0x8289, 0x8289, 0x0000, 0x8289, 0x8289,
	0x0000, 0x738b, 0x738b, 0x738b, 0x738b, 0x738b, 0x738b, 0x738b, 0x738b, 0x738b, 0x738b, 0x738b,
	0x738b, 0x738b, 0x738b, 0x738b, 0x738b, 0x738b, 0x738b, 0x738b, 0x738b, 0x738b, 0x738b, 0x738b,
	0x738b, 0x738b, 0x738b, 0x738b, 0x738b, 0x738b, 0x738b, 0x738b, 0x738b, 0x738b, 0x738b, 0x738b,
	0x738b, 0x738b, 0x738b, 0x738b, 0x738b, 0x738b, 0x0000, 0x7b8b, 0x7b8b, 0x7b8b, 0x7b8b, 0x7b8b,
	0x9c4c, 0x7b8b, 0x4a48, 0x7b8b, 0x7b8b, 0x7b8b, 0x7b8b, 0x7b8b, 0x7b8b, 0x7b8b, 0x7b8b, 0x7b8b,
	0x7b8b, 0x7b8b, 0x7b8b, 0x7b8b, 0x9c4c, 0x7b8b, 0x4a48, 0x7b8b, 0x7b8b, 0x7b8b, 0x7b8b, 0x7b8b,
	0x7b8b, 0x7b8b, 0x7b8b, 0x7b8b, 0x7b8b, 0x7b8b, 0x7b8b, 0x7b8b, 0x9c4c, 0x7b8b, 0x4a48, 0x7b8b,
	0x7b8b, 0x7b8b, 0x7b8b, 0x7b8b, 0x7b8b, 0x7b8b, 0x7b8b, 0x7b8b, 0x7b8b, 0x7b8b, 0x7b8b, 0x7b8b,
	0x9c4c, 0x7b8b, 0x4a48, 0x7b8b, 0x7b8b, 0x7b8b, 0x7b8b, 0x7b8b, 0x7b8b, 0x7b8b, 0x7b8b, 0x7b8b,
	0x7b8b, 0x7b8b, 0x7b8b, 0x7b8b, 0x9c4c, 0x7b8b, 0x4a48, 0x7b8b, 0x7b8b, 0x7b8b, 0x7b8b, 0x7b8b,
	0x7b8b, 0x7b8b, 0x7b8b, 0x7b8b, 0x7b8b, 0x7b8b, 0x7b8b, 0x7b8b, 0x9c4c, 0x7b8b, 0x4a48, 0x7b8b,
	0x7b8b, 0x7b8b, 0x7b8b, 0x7b8b, 0x7b8b, 0x7b8b, 0x7b8b, 0x7b8b, 0x7b8b, 0x7b8b, 0x7b8b, 0x7b8b,
	0x9c4c, 0x7b8b, 0x4a48, 0x7b8b, 0x7b8b, 0x7b8b, 0x7b8b, 0x7b8b, 0x7b8b, 0x7b8b, 0x7b8b, 0x7b8b,
	0x7b8b, 0x7b8b, 0x7b8b, 0x7b8b, 0x9c4c, 0x7b8b, 0x4a48, 0x7b8b, 0x7b8b, 0x7b8b, 0x7b8b, 0x7b8b,
	0x7b8b, 0x7b8b, 0x7b8b, 0x7b8b, 0x7b8b, 0x7b8b, 0x7b8b, 0x7b8b, 0x9c4c, 0x7b8b, 0x4a48, 0x7b8b,
	0x7b8b, 0x7b8b, 0x7b8b, 0x7b8b, 0x7b8b, 0x7b8b, 0x7b8b, 0x7b8b, 0x7b8b, 0x7b8b, 0x7b8b, 0x7b8b,
	0x9c4c, 0x7b8b, 0x4a48, 0x7b8b, 0x7b8b, 0x7b8b, 0x7b8b, 0x7b8b, 0x7b8b, 0x7b8b, 0x7b8b, 0x7b8b,
	0x7b8b, 0x7b8b, 0x7b8b, 0x7b8b, 0x7b8b, 0x7b8b, 0x7b8b, 0x7b8b, 0x7b8b, 0x4a48, 0x0000, 0x8289,
	0xb3cc, 0x8289, 0xa309, 0x0000, 0x8289, 0x0000, 0xb3cc, 0x8289, 0x0000, 0x738b, 0x738b, 0x738b,
	0x738b, 0x738b, 0x738b, 0x738b, 0x738b, 0x738b, 0x738b, 0x738b, 0x738b, 0x738b, 0x738b, 0x738b,
	0x738b, 0x738b, 0x738b, 0x738b, 0x738b, 0x738b, 0x738b, 0x738b, 0x738b, 0x738b, 0x738b, 0x738b,
	0x738b, 0x738b, 0x738b, 0x738b, 0x738b, 0x738b, 0x738b, 0x738b, 0x738b, 0x738b, 0x738b, 0x738b,
	0x738b, 0x0000, 0x9c4c, 0x9c4c, 0x9c4c, 0x9c4c, 0x9c4c, 0x9c4c, 0x7b8b, 0x4a48, 0x7b8b, 0x9c4c,
	0x9c4c, 0x9c4c, 0x9c4c, 0x9c4c, 0x9c4c, 0x9c4c, 0x9c4c, 0x9c4c, 0x9c4c, 0x9c4c, 0x9c4c, 0x9c4c,
	0x7b8b, 0x4a48, 0x7b8b, 0x9c4c, 0x9c4c, 0x9c4c, 0x9c4c, 0x9c4c, 0x9c4c, 0x9c4c, 0x9c4c, 0x9c4c,
	0x9c4c, 0x9c4c, 0x9c4c, 0x9c4c, 0x7b8b, 0x4a48, 0x7b8b, 0x9c4c, 0x9c4c, 0x9c4c, 0x9c4c, 0x9c4c,
	0x9c4c, 0x9c4c, 0x9c4c, 0x9c4c, 0x9c4c, 0x9c4c, 0x9c4c, 0x9c4c, 0x7b8b, 0x4a48, 0x7b8b, 0x9c4c,
	0x9c4c, 0x9c4c, 0x9c4c, 0x9c4c, 0x9c4c, 0x9c4c, 0x9c4c, 0x9c4c, 0x9c4c, 0x9c4c, 0x9c4c, 0x9c4c,
	0x7b8b, 0x4a48, 0x7b8b, 0x9c4c, 0x9c4c, 0x9c4c, 0x9c4c, 0x9c4c, 0x9c4c, 0x9c4c, 0x9c4c, 0x9c4c,
	0x9c4c, 0x9c4c, 0x9c4c, 0x9c4c, 0x7b8b, 0x4a48, 0x7b8b, 0x9c4c, 0x9c4c, 0x9c4c, 0x9c4c, 0x9c4c,
	0x9c4c, 0x9c4c, 0x9c4c, 0x9c4c, 0x9c4c, 0x9c4c, 0x9c4c, 0x9c4c, 0x7b8b, 0x4a48, 0x7b8b, 0x9c4c,
	0x9c4c, 0x9c4c, 0x9c4c, 0x9c4c, 0x9c4c, 0x9c4c, 0x9c4c, 0x9c4c, 0x9c4c, 0x9c4c, 0x9c4c, 0x9c4c,
	0x7b8b, 0x4a48, 0x7b8b, 0x9c4c, 0x9c4c, 0x9c4c, 0x9c4c, 0x9c4c, 0x9c4c, 0x9c4c, 0x9c4c, 0x9c4c,
	0x9c4c, 0x9c4c, 0x9c4c, 0x9c4c, 0x7b8b, 0x4a48, 0x7b8b, 0x9c4c, 0x9c4c, 0x9c4c, 0x9c4c, 0x9c4c,
	0x9c4c, 0x9c4c, 0x9c4c, 0x9c4c, 0x9c4c, 0x9c4c, 0x9c4c, 0x9c4c, 0x7b8b, 0x4a48, 0x7b8b, 0x9c4c,
	0x9c4c, 0x9c4c, 0x9c4c, 0x9c4c, 0x9c4c, 0x9c4c, 0x9c4c, 0x9c4c, 0x9c4c, 0x9c4c, 0x9c4c, 0x9c4c,
	0x9c4c, 0x9c4c, 0x9c4c, 0x9c4c, 0x9c4c, 0x7b8b, 0x4a48, 0x0000, 0x8289, 0x8289, 0x8289, 0xa309,
	0x0000, 0x0000, 0x8289, 0x8289, 0x0000, 0x738b, 0x738b, 0x738b, 0x738b, 0x738b, 0x738b, 0x738b,
	0x738b, 0x738b, 0x738b, 0x738b, 0x738b, 0x738b, 0x738b, 0x738b, 0x738b, 0x738b, 0x738b, 0x738b,
	0x738b, 0x738b, 0x738b, 0x738b, 0x738b, 0x738b, 0x738b, 0x738b, 0x738b, 0x738b, 0x738b, 0x738b,
	0x738b, 0x738b, 0x738b, 0x738b, 0x738b, 0x738b, 0x738b, 0x738b, 0x0000, 0x4a48, 0x4a48, 0x4a48,
	0x4a48, 0x4a48, 0x4a48, 0x4a48, 0x4a48, 0x4a48, 0x4a48, 0x4a48, 0x4a48, 0x4a48, 0x4a48, 0x4a48,
	0x4a48, 0x4a48, 0x4a48, 0x4a48, 0x4a48, 0x4a48, 0x4a48, 0x4a48, 0x4a48, 0x4a48, 0x4a48, 0x4a48,
	0x4a48, 0x4a48, 0x4a48, 0x4a48, 0x4a48, 0x4a48, 0x4a48, 0x4a48, 0x4a48, 0x4a48, 0x4a48, 0x4a48,
	0x4a48, 0x4a48, 0x4a48, 0x4a48, 0x4a48, 0x4a48, 0x4a48, 0x4a48, 0x4a48, 0x4a48, 0x4a48, 0x4a48,
	0x4a48, 0x4a48, 0x4a48, 0x4a48, 0x4a48, 0x4a48, 0x4a48, 0x4a48, 0x4a48, 0x4a48, 0x4a48, 0x4a48,
	0x4a48, 0x4a48, 0x4a48, 0x4a48, 0x4a48, 0x4a48, 0x4a48, 0x4a48, 0x4a48, 0x4a48, 0x4a48, 0x4a48,
	0x4a48, 0x4a48, 0x4a48, 0x4a48, 0x4a48, 0x4a48, 0x4a48, 0x4a48, 0x4a48, 0x4a48, 0x4a48, 0x4a48,
	0x4a48, 0x4a48, 0x4a48, 0x4a48, 0x4a48, 0x4a48, 0x4a48, 0x4a48, 0x4a48, 0x4a48, 0x4a48, 0x4a48,
	0x4a48, 0x4a48, 0x4a48, 0x4a48, 0x4a48, 0x4a48, 0x4a48, 0x4a48, 0x4a48, 0x4a48, 0x4a48, 0x4a48,
	0x4a48, 0x4a48, 0x4a48, 0x4a48, 0x4a48, 0x4a48, 0x4a48, 0x4a48, 0x4a48, 0x4a48, 0x4a48, 0x4a48,
	0x4a48, 0x4a48, 0x4a48, 0x4a48, 0x4a48, 0x4a48, 0x4a48, 0x4a48, 0x4a48, 0x4a48, 0x4a48, 0x4a48,
	0x4a48, 0x4a48, 0x4a48, 0x4a48, 0x4a48, 0x4a48, 0x4a48, 0x4a48, 0x4a48, 0x4a48, 0x4a48, 0x4a48,
	0x4a48, 0x4a48, 0x4a48, 0x4a48, 0x4a48, 0x4a48, 0x4a48, 0x4a48, 0x4a48, 0x4a48, 0x4a48, 0x4a48,
	0x4a48, 0x4a48, 0x4a48, 0x4a48, 0x4a48, 0x4a48, 0x4a48, 0x4a48, 0x4a48, 0x4a48, 0x4a48, 0x4a48,
	0x4a48, 0x4a48, 0x4a48, 0x4a48, 0x0000, 0x8289, 0xb3cc, 0x8289, 0xa309, 0x0000, 0xb3cc, 0x8289,
	0x0000, 0x738b, 0x738b, 0x738b, 0x738b, 0x738b, 0x738b, 0x738b, 0x738b, 0x738b, 0x738b, 0x738b,
	0x738b, 0x738b, 0x738b, 0x738b, 0x738b, 0x738b, 0x738b, 0x738b, 0x738b, 0x738b, 0x738b, 0x738b,
	0x738b, 0x738b, 0x738b, 0x738b, 0x738b, 0x738b, 0x738b, 0x738b, 0x738b, 0x738b, 0x738b, 0x738b,
	0x738b, 0x738b, 0x738b, 0x0000, 0x7b8b, 0x7b8b, 0x7b8b, 0x7b8b, 0x7b8b, 0x7b8b, 0x7b8b, 0x7b8b,
	0x7b8b, 0x7b8b, 0x7b8b, 0x7b8b, 0x7b8b, 0x9c4c, 0x7b8b, 0x4a48, 0x7b8b, 0x7b8b, 0x7b8b, 0x7b8b,
	0x7b8b, 0x7b8b, 0x7b8b, 0x7b8b, 0x7b8b, 0x7b8b, 0x7b8b, 0x7b8b, 0x7b8b, 0x9c4c, 0x7b8b, 0x4a48,
	0x7b8b, 0x7b8b, 0x7b8b, 0x7b8b, 0x7b8b, 0x7b8b, 0x7b8b, 0x7b8b, 0x7b8b, 0x7b8b, 0x7b8b, 0x7b8b,
	0x7b8b, 0x9c4c, 0x7b8b, 0x4a48, 0x7b8b, 0x7b8b, 0x7b8b, 0x7b8b, 0x7b8b, 0x7b8b, 0x7b8b, 0x7b8b,
	0x7b8b, 0x7b8b, 0x7b8b, 0x7b8b, 0x7b8b, 0x9c4c, 0x7b8b, 0x4a48, 0x7b8b, 0x7b8b, 0x7b8b, 0x7b8b,
	0x7b8b, 0x7b8b, 0x7b8b, 0x7b8b, 0x7b8b, 0x7b8b, 0x7b8b, 0x7b8b, 0x7b8b, 0x9c4c, 0x7b8b, 0x4a48,
	0x7b8b, 0x7b8b, 0x7b8b, 0x7b8b, 0x7b8b, 0x7b8b, 0x7b8b, 0x7b8b, 0x7b8b, 0x7b8b, 0x7b8b, 0x7b8b,
	0x7b8b, 0x9c4c, 0x7b8b, 0x4a48, 0x7b8b, 0x7b8b, 0x7b8b, 0x7b8b, 0x7b8b, 0x7b8b, 0x7b8b, 0x7b8b,
	0x7b8b, 0x7b8b, 0x7b8b, 0x7b8b, 0x7b8b, 0x9c4c, 0x7b8b, 0x4a48, 0x7b8b, 0x7b8b, 0x7b8b, 0x7b8b,
	0x7b8b, 0x7b8b, 0x7b8b, 0x7b8b, 0x7b8b, 0x7b8b, 0x7b8b, 0x7b8b, 0x7b8b, 0x9c4c, 0x7b8b, 0x4a48,
	0x7b8b, 0x7b8b, 0x7b8b, 0x7b8b, 0x7b8b, 0x7b8b, 0x7b8b, 0x7b8b, 0x7b8b, 0x7b8b, 0x7b8b, 0x7b8b,
	0x7b8b, 0x9c4c, 0x7b8b, 0x4a48, 0x7b8b, 0x7b8b, 0x7b8b, 0x7b8b, 0x7b8b, 0x7b8b, 0x7b8b, 0x7b8b,
	0x7b8b, 0x7b8b, 0x7b8b, 0x7b8b, 0x7b8b, 0x9c4c, 0x7b8b, 0x4a48, 0x7b8b, 0x7b8b, 0x7b8b, 0x7b8b,
	0x7b8b, 0x7b8b, 0x7b8b, 0x7b8b, 0x7b8b, 0x7b8b, 0x7b8b, 0x7b8b, 0x7b8b, 0x9c4c, 0x7b8b, 0x4a48,
	0x4a48, 0x0000, 0x8289, 0x8289, 0x8289, 0x8289, 0x8289, 0x8289, 0x0000, 0x738b, 0x738b, 0x738b,
	0x738b, 0x738b, 0x738b, 0x738b, 0x738b, 0x738b, 0x738b, 0x738b, 0x738b, 0x738b, 0x738b, 0x738b,
	0x738b, 0x738b, 0x738b, 0x738b, 0x738b, 0x738b, 0x738b, 0x738b, 0x738b, 0x738b, 0x738b, 0x738b,
	0x738b, 0x738b, 0x738b, 0x738b, 0x738b, 0x738b, 0x738b, 0x738b, 0x738b, 0x738b, 0x0000, 0x7b8b,
	0x7b8b, 0x7b8b, 0x7b8b, 0x7b8b, 0x7b8b, 0x7b8b, 0x7b8b, 0x7b8b, 0x7b8b, 0x7b8b, 0x7b8b, 0x7b8b,
	0x9c4c, 0x7b8b, 0x4a48, 0x7b8b, 0x7b8b, 0x7b8b, 0x7b8b, 0x7b8b, 0x7b8b, 0x7b8b, 0x7b8b, 0x7b8b,
	0x7b8b, 0x7b8b, 0x7b8b, 0x7b8b, 0x9c4c, 0x7b8b, 0x4a48, 0x7b8b, 0x7b8b, 0x7b8b, 0x7b8b, 0x7b8b,
	0x7b8b, 0x7b8b, 0x7b8b, 0x7b8b, 0x7b8b, 0x7b8b, 0x7b8b, 0x7b8b, 0x9c4c, 0x7b8b, 0x4a48, 0x7b8b,
	0x7b8b, 0x7b8b, 0x7b8b, 0x7b8b, 0x7b8b, 0x7b8b, 0x7b8b, 0x7b8b, 0x7b8b, 0x7b8b, 0x7b8b, 0x7b8b,
	0x9c4c, 0x7b8b, 0x4a48, 0x7b8b, 0x7b8b, 0x7b8b, 0x7b8b, 0x7b8b, 0x7b8b, 0x7b8b, 0x7b8b, 0x7b8b,
	0x7b8b, 0x7b8b, 0x7b8b, 0x7b8b, 0x9c4c, 0x7b8b, 0x4a48, 0x7b8b, 0x7b8b, 0x7b8b, 0x7b8b, 0x7b8b,
	0x7b8b, 0x7b8b, 0x7b8b, 0x7b8b, 0x7b8b, 0x7b8b, 0x7b8b, 0x7b8b, 0x9c4c, 0x7b8b, 0x4a48, 0x7b8b,
	0x7b8b, 0x7b8b, 0x7b8b, 0x7b8b, 0x7b8b, 0x7b8b, 0x7b8b, 0x7b8b, 0x7b8b, 0x7b8b, 0x7b8b, 0x7b8b,
	0x9c4c, 0x7b8b, 0x4a48, 0x7b8b, 0x7b8b, 0x7b8b, 0x7b8b, 0x7b8b, 0x7b8b, 0x7b8b, 0x7b8b, 0x7b8b,
	0x7b8b, 0x7b8b, 0x7b8b, 0x7b8b, 0x9c4c, 0x7b8b, 0x4a48, 0x7b8b, 0x7b8b, 0x7b8b, 0x7b8b, 0x7b8b,
	0x7b8b, 0x7b8b, 0x7b8b, 0x7b8b, 0x7b8b, 0x7b8b, 0x7b8b, 0x7b8b, 0x9c4c, 0x7b8b, 0x4a48, 0x7b8b,
	0x7b8b, 0x7b8b, 0x7b8b, 0x7b8b, 0x7b8b, 0x7b8b, 0x7b8b, 0x7b8b, 0x7b8b, 0x7b8b, 0x7b8b, 0x7b8b,
	0x9c4c, 0x7b8b, 0x4a48, 0x7b8b, 0x7b8b, 0x7b8b, 0x7b8b, 0x7b8b, 0x7b8b, 0x7b8b, 0x7b8b, 0x7b8b,
	0x7b8b, 0x7b8b, 0x7b8b, 0x7b8b, 0x9c4c, 0x7b8b, 0x4a48, 0x7b8b, 0x7b8b, 0x4a48, 0x0000, 0x8289,
	0xb3cc, 0x8289, 0xb3cc, 0x8289, 0x0000, 0x738b, 0x738b, 0x738b, 0x738b, 0x738b, 0x738b, 0x738b,
	0x738b, 0x738b, 0x738b, 0x738b, 0x738b, 0x738b, 0x738b, 0x738b, 0x738b, 0x738b, 0x738b, 0x738b,
	0x738b, 0x738b, 0x738b, 0x738b, 0x738b, 0x738b, 0x738b, 0x738b, 0x738b, 0x738b, 0x738b, 0x738b,
	0x738b, 0x738b, 0x738b, 0x738b, 0x738b, 0x0000, 0x7b8b, 0x7b8b, 0x7b8b, 0x7b8b, 0x7b8b, 0x7b8b,
	0x7b8b, 0x7b8b, 0x7b8b, 0x7b8b, 0x7b8b, 0x7b8b, 0x7b8b, 0x9c4c, 0x7b8b, 0x4a48, 0x7b8b, 0x7b8b,
	0x7b8b, 0x7b8b, 0x7b8b, 0x7b8b, 0x7b8b, 0x7b8b, 0x7b8b, 0x7b8b, 0x7b8b, 0x7b8b, 0x7b8b, 0x9c4c,
	0x7b8b, 0x4a48, 0x7b8b, 0x7b8b, 0x7b8b, 0x7b8b, 0x7b8b, 0x7b8b, 0x7b8b, 0x7b8b, 0x7b8b, 0x7b8b,
	0x7b8b, 0x7b8b, 0x7b8b, 0x9c4c, 0x7b8b, 0x4a48, 0x7b8b, 0x7b8b, 0x7b8b, 0x7b8b, 0x7b8b, 0x7b8b,
	0x7b8b, 0x7b8b, 0x7b8b, 0x7b8b, 0x7b8b, 0x7b8b, 0x7b8b, 0x9c4c, 0x7b8b, 0x4a48, 0x7b8b, 0x7b8b,
	0x7b8b, 0x7b8b, 0x7b8b, 0x7b8b, 0x7b8b, 0x7b8b, 0x7b8b, 0x7b8b, 0x7b8b, 0x7b8b, 0x7b8b, 0x9c4c,
	0x7b8b, 0x4a48, 0x7b8b, 0x7b8b, 0x7b8b, 0x7b8b, 0x7b8b, 0x7b8b, 0x7b8b, 0x7b8b, 0x7b8b, 0x7b8b,
	0x7b8b, 0x7b8b, 0x7b8b, 0x9c4c, 0x7b8b, 0x4a48, 0x7b8b, 0x7b8b, 0x7b8b, 0x7b8b, 0x7b8b, 0x7b8b,
	0x7b8b, 0x7b8b, 0x7b8b, 0x7b8b, 0x7b8b, 0x7b8b, 0x7b8b, 0x9c4c, 0x7b8b, 0x4a48, 0x7b8b, 0x7b8b,
	0x7b8b, 0x7b8b, 0x7b8b, 0x7b8b, 0x7b8b, 0x7b8b, 0x7b8b, 0x7b8b, 0x7b8b, 0x7b8b, 0x7b8b, 0x9c4c,
	0x7b8b, 0x4a48, 0x7b8b, 0x7b8b, 0x7b8b, 0x7b8b, 0x7b8b, 0x7b8b, 0x7b8b, 0x7b8b, 0x7b8b, 0x7b8b,
	0x7b8b, 0x7b8b, 0x7b8b, 0x9c4c, 0x7b8b, 0x4a48, 0x7b8b, 0x7b8b, 0x7b8b, 0x7b8b, 0x7b8b, 0x7b8b,
	0x7b8b, 0x7b8b, 0x7b8b, 0x7b8b, 0x7b8b, 0x7b8b, 0x7b8b, 0x9c4c, 0x7b8b, 0x4a48, 0x7b8b, 0x7b8b,
	0x7b8b, 0x7b8b, 0x7b8b, 0x7b8b, 0x7b8b, 0x7b8b, 0x7b8b, 0x7b8b, 0x7b8b, 0x7b8b, 0x7b8b, 0x9c4c,
	0x7b8b, 0x4a48, 0x7b8b, 0x7b8b, 0x7b8b, 0x7b8b, 0x4a48, 0x0000, 0x8289, 0x8289, 0x8289, 0x8289,
	0x0000, 0x738b, 0x738b, 0x738b, 0x738b, 0x738b, 0x738b, 0x738b, 0x738b, 0x738b, 0x738b, 0x738b,
	0x738b, 0x738b, 0x738b, 0x738b, 0x738b, 0x738b, 0x738b, 0x738b, 0x738b, 0x738b, 0x738b, 0x738b,
	0x738b, 0x738b, 0x738b, 0x738b, 0x738b, 0x738b, 0x738b, 0x738b, 0x738b, 0x738b, 0x738b, 0x738b,
	0x0000, 0x7b8b, 0x7b8b, 0x7b8b, 0x7b8b, 0x7b8b, 0x7b8b, 0x7b8b, 0x7b8b, 0x7b8b, 0x7b8b, 0x7b8b,
	0x7b8b, 0x7b8b, 0x9c4c, 0x7b8b, 0x4a48, 0x7b8b, 0x7b8b, 0x7b8b, 0x7b8b, 0x7b8b, 0x7b8b, 0x7b8b,
	0x7b8b, 0x7b8b, 0x7b8b, 0x7b8b, 0x7b8b, 0x7b8b, 0x9c4c, 0x7b8b, 0x4a48, 0x7b8b, 0x7b8b, 0x7b8b,
	0x7b8b, 0x7b8b, 0x7b8b, 0x7b8b, 0x7b8b, 0x7b8b, 0x7b8b, 0x7b8b, 0x7b8b, 0x7b8b, 0x9c4c, 0x7b8b,
	0x4a48, 0x7b8b, 0x7b8b, 0x7b8b, 0x7b8b, 0x7b8b, 0x7b8b, 0x7b8b, 0x7b8b, 0x7b8b, 0x7b8b, 0x7b8b,
	0x7b8b, 0x7b8b, 0x9c4c, 0x7b8b, 0x4a48, 0x7b8b, 0x7b8b, 0x7b8b, 0x7b8b, 0x7b8b, 0x7b8b, 0x7b8b,
	0x7b8b, 0x7b8b, 0x7b8b, 0x7b8b, 0x7b8b, 0x7b8b, 0x9c4c, 0x7b8b, 0x4a48, 0x7b8b, 0x7b8b, 0x7b8b,
	0x7b8b, 0x7b8b, 0x7b8b, 0x7b8b, 0x7b8b, 0x7b8b, 0x7b8b, 0x7b8b, 0x7b8b, 0x7b8b, 0x9c4c, 0x7b8b,
	0x4a48, 0x7b8b, 0x7b8b, 0x7b8b, 0x7b8b, 0x7b8b, 0x7b8b, 0x7b8b, 0x7b8b, 0x7b8b, 0x7b8b, 0x7b8b,
	0x7b8b, 0x7b8b, 0x9c4c, 0x7b8b, 0x4a48, 0x7b8b, 0x7b8b, 0x7b8b, 0x7b8b, 0x7b8b, 0x7b8b, 0x7b8b,
	0x7b8b, 0x7b8b, 0x7b8b, 0x7b8b, 0x7b8b, 0x7b8b, 0x9c4c, 0x7b8b, 0x4a48, 0x7b8b, 0x7b8b, 0x7b8b,
	0x7b8b, 0x7b8b, 0x7b8b, 0x7b8b, 0x7b8b, 0x7b8b, 0x7b8b, 0x7b8b, 0x7b8b, 0x7b8b, 0x9c4c, 0x7b8b,
	0x4a48, 0x7b8b, 0x7b8b, 0x7b8b, 0x7b8b, 0x7b8b, 0x7b8b, 0x7b8b, 0x7b8b, 0x7b8b, 0x7b8b, 0x7b8b,
	0x7b8b, 0x7b8b, 0x9c4c, 0x7b8b, 0x4a48, 0x7b8b, 0x7b8b, 0x7b8b, 0x7b8b, 0x7b8b, 0x7b8b, 0x7b8b,
	0x7b8b, 0x7b8b, 0x7b8b, 0x7b8b, 0x7b8b, 0x7b8b, 0x9c4c, 0x7b8b, 0x4a48, 0x7b8b, 0x7b8b, 0x7b8b,
	0x7b8b, 0x7b8b, 0x7b8b, 0x4a48, 0x0000, 0x8289, 0xb3cc, 0x8289, 0x0000, 0x738b, 0x738b, 0x738b,
	0x738b, 0x738b, 0x738b, 0x738b, 0x738b, 0x738b, 0x738b, 0x738b, 0x738b, 0x738b, 0x738b, 0x738b,
	0x738b, 0x738b, 0x738b, 0x738b, 0x738b, 0x738b, 0x738b, 0x738b, 0x738b, 0x738b, 0x738b, 0x738b,
	0x738b, 0x738b, 0x738b, 0x738b, 0x738b, 0x738b, 0x738b, 0x0000, 0x7b8b, 0x7b8b, 0x7b8b, 0x7b8b,
	0x7b8b, 0x7b8b, 0x7b8b, 0x7b8b, 0x7b8b, 0x7b8b, 0x7b8b, 0x7b8b, 0x7b8b, 0x9c4c, 0x7b8b, 0x4a48,
	0x7b8b, 0x7b8b, 0x7b8b, 0x7b8b, 0x7b8b, 0x7b8b, 0x7b8b, 0x7b8b, 0x7b8b, 0x7b8b, 0x7b8b, 0x7b8b,
	0x7b8b, 0x9c4c, 0x7b8b, 0x4a48, 0x7b8b, 0x7b8b, 0x7b8b, 0x7b8b, 0x7b8b, 0x7b8b, 0x7b8b, 0x7b8b,
	0x7b8b, 0x7b8b, 0x7b8b, 0x7b8b, 0x7b8b, 0x9c4c, 0x7b8b, 0x4a48, 0x7b8b, 0x7b8b, 0x7b8b, 0x7b8b,
	0x7b8b, 0x7b8b, 0x7b8b, 0x7b8b, 0x7b8b, 0x7b8b, 0x7b8b, 0x7b8b, 0x7b8b, 0x9c4c, 0x7b8b, 0x4a48,
	0x7b8b, 0x7b8b, 0x7b8b, 0x7b8b, 0x7b8b, 0x7b8b, 0x7b8b, 0x7b8b, 0x7b8b, 0x7b8b, 0x7b8b, 0x7b8b,
	0x7b8b, 0x9c4c, 0x7b8b, 0x4a48, 0x7b8b, 0x7b8b, 0x7b8b, 0x7b8b, 0x7b8b, 0x7b8b, 0x7b8b, 0x7b8b,
	0x7b8b, 0x7b8b, 0x7b8b, 0x7b8b, 0x7b8b, 0x9c4c, 0x7b8b, 0x4a48, 0x7b8b, 0x7b8b, 0x7b8b, 0x7b8b,
	0x7b8b, 0x7b8b, 0x7b8b, 0x7b8b, 0x7b8b, 0x7b8b, 0x7b8b, 0x7b8b, 0x7b8b, 0x9c4c, 0x7b8b, 0x4a48,
	0x7b8b, 0x7b8b, 0x7b8b, 0x7b8b, 0x7b8b, 0x7b8b, 0x7b8b, 0x7b8b, 0x7b8b, 0x7b8b, 0x7b8b, 0x7b8b,
	0x7b8b, 0x9c4c, 0x7b8b, 0x4a48, 0x7b8b, 0x7b8b, 0x7b8b, 0x7b8b, 0x7b8b, 0x7b8b, 0x7b8b, 0x7b8b,
	0x7b8b, 0x7b8b, 0x7b8b, 0x7b8b, 0x7b8b, 0x9c4c, 0x7b8b, 0x4a48, 0x7b8b, 0x7b8b, 0x7b8b, 0x7b8b,
	0x7b8b, 0x7b8b, 0x7b8b, 0x7b8b, 0x7b8b, 0x7b8b, 0x7b8b, 0x7b8b, 0x7b8b, 0x9c4c, 0x7b8b, 0x4a48,
	0x7b8b, 0x7b8b, 0x7b8b, 0x7b8b, 0x7b8b, 0x7b8b, 0x7b8b, 0x7b8b, 0x7b8b, 0x7b8b, 0x7b8b, 0x7b8b,
	0x7b8b, 0x9c4c, 0x7b8b, 0x4a48, 0x7b8b, 0x7b8b, 0x7b8b, 0x7b8b, 0x7b8b, 0x7b8b, 0x7b8b, 0x7b8b,
	0x4a48, 0x0000, 0x8289, 0x8289, 0x0000, 0x738b, 0x738b, 0x738b, 0x738b, 0x738b, 0x738b, 0x738b,
	0x738b, 0x738b, 0x738b, 0x738b, 0x738b, 0x738b, 0x738b, 0x738b, 0x738b, 0x738b, 0x738b, 0x738b,
	0x738b, 0x738b, 0x738b, 0x738b, 0x738b, 0x738b, 0x738b, 0x738b, 0x738b, 0x738b, 0x738b, 0x738b,
	0x738b, 0x738b, 0x0000, 0x7b8b, 0x7b8b, 0x7b8b, 0x7b8b, 0x7b8b, 0x7b8b, 0x7b8b, 0x7b8b, 0x7b8b,
	0x7b8b, 0x7b8b, 0x7b8b, 0x7b8b, 0x9c4c, 0x7b8b, 0x4a48, 0x7b8b, 0x7b8b, 0x7b8b, 0x7b8b, 0x7b8b,
	0x7b8b, 0x7b8b, 0x7b8b, 0x7b8b, 0x7b8b, 0x7b8b, 0x7b8b, 0x7b8b, 0x9c4c, 0x7b8b, 0x4a48, 0x7b8b,
	0x7b8b, 0x7b8b, 0x7b8b, 0x7b8b, 0x7b8b, 0x7b8b, 0x7b8b, 0x7b8b, 0x7b8b, 0x7b8b, 0x7b8b, 0x7b8b,
	0x9c4c, 0x7b8b, 0x4a48, 0x7b8b, 0x7b8b, 0x7b8b, 0x7b8b, 0x7b8b, 0x7b8b, 0x7b8b, 0x7b8b, 0x7b8b,
	0x7b8b, 0x7b8b, 0x7b8b, 0x7b8b, 0x9c4c, 0x7b8b, 0x4a48, 0x7b8b, 0x7b8b, 0x7b8b, 0x7b8b, 0x7b8b,
	0x7b8b, 0x7b8b, 0x7b8b, 0x7b8b, 0x7b8b, 0x7b8b, 0x7b8b, 0x7b8b, 0x9c4c, 0x7b8b, 0x4a48, 0x7b8b,
	0x7b8b, 0x7b8b, 0x7b8b, 0x7b8b, 0x7b8b, 0x7b8b, 0x7b8b, 0x7b8b, 0x7b8b, 0x7b8b, 0x7b8b, 0x7b8b,
	0x9c4c, 0x7b8b, 0x4a48, 0x7b8b, 0x7b8b, 0x7b8b, 0x7b8b, 0x7b8b, 0x7b8b, 0x7b8b, 0x7b8b, 0x7b8b,
	0x7b8b, 0x7b8b, 0x7b8b, 0x7b8b, 0x9c4c, 0x7b8b, 0x4a48, 0x7b8b, 0x7b8b, 0x7b8b, 0x7b8b, 0x7b8b,
	0x7b8b, 0x7b8b, 0x7b8b, 0x7b8b, 0x7b8b, 0x7b8b, 0x7b8b, 0x7b8b, 0x9c4c, 0x7b8b, 0x4a48, 0x7b8b,
	0x7b8b, 0x7b8b, 0x7b8b, 0x7b8b, 0x7b8b, 0x7b8b, 0x7b8b, 0x7b8b, 0x7b8b, 0x7b8b, 0x7b8b, 0x7b8b,
	0x9c4c, 0x7b8b, 0x4a48, 0x7b8b, 0x7b8b, 0x7b8b, 0x7b8b, 0x7b8b, 0x7b8b, 0x7b8b, 0x7b8b, 0x7b8b,
	0x7b8b, 0x7b8b, 0x7b8b, 0x7b8b, 0x9c4c, 0x7b8b, 0x4a48, 0x7b8b, 0x7b8b, 0x7b8b, 0x7b8b, 0x7b8b,
	0x7b8b, 0x7b8b, 0x7b8b, 0x7b8b, 0x7b8b, 0x7b8b, 0x7b8b, 0x7b8b, 0x9c4c, 0x7b8b, 0x4a48, 0x7b8b,
	0x7b8b, 0x7b8b, 0x7b8b, 0x7b8b, 0x7b8b, 0x7b8b, 0x7b8b, 0x7b8b, 0x7b8b, 0x4a48, 0x0000, 0x8289,
	0x0000, 0x738b, 0x738b, 0x738b, 0x738b, 0x738b, 0x738b, 0x738b, 0x738b, 0x738b, 0x738b, 0x738b,
	0x738b, 0x738b, 0x738b, 0x738b, 0x738b, 0x738b, 0x738b, 0x738b, 0x738b, 0x738b, 0x738b, 0x738b,
	0x738b, 0x738b, 0x738b, 0x738b, 0x738b, 0x738b, 0x738b, 0x738b, 0x738b, 0x0000, 0x9c4c, 0x9c4c,
	0x9c4c, 0x9c4c, 0x9c4c, 0x9c4c, 0x9c4c, 0x9c4c, 0x9c4c, 0x9c4c, 0x9c4c, 0x9c4c, 0x9c4c, 0x9c4c,
	0x7b8b, 0x4a48, 0x7b8b, 0x9c4c, 0x9c4c, 0x9c4c, 0x9c4c, 0x9c4c, 0x9c4c, 0x9c4c, 0x9c4c, 0x9c4c,
	0x9c4c, 0x9c4c, 0x9c4c, 0x9c4c, 0x7b8b, 0x4a48, 0x7b8b, 0x9c4c, 0x9c4c, 0x9c4c, 0x9c4c, 0x9c4c,
	0x9c4c, 0x9c4c, 0x9c4c, 0x9c4c, 0x9c4c, 0x9c4c, 0x9c4c, 0x9c4c, 0x7b8b, 0x4a48, 0x7b8b, 0x9c4c,
	0x9c4c, 0x9c4c, 0x9c4c, 0x9c4c, 0x9c4c, 0x9c4c, 0x9c4c, 0x9c4c, 0x9c4c, 0x9c4c, 0x9c4c, 0x9c4c,
	0x7b8b, 0x4a48, 0x7b8b, 0x9c4c, 0x9c4c, 0x9c4c, 0x9c4c, 0x9c4c, 0x9c4c, 0x9c4c, 0x9c4c, 0x9c4c,
	0x9c4c, 0x9c4c, 0x9c4c, 0x9c4c, 0x7b8b, 0x4a48, 0x7b8b, 0x9c4c, 0x9c4c, 0x9c4c, 0x9c4c, 0x9c4c,
	0x9c4c, 0x9c4c, 0x9c4c, 0x9c4c, 0x9c4c, 0x9c4c, 0x9c4c, 0x9c4c, 0x7b8b, 0x4a48, 0x7b8b, 0x9c4c,
	0x9c4c, 0x9c4c, 0x9c4c, 0x9c4c, 0x9c4c, 0x9c4c, 0x9c4c, 0x9c4c, 0x9c4c, 0x9c4c, 0x9c4c, 0x9c4c,
	0x7b8b, 0x4a48, 0x7b8b, 0x9c4c, 0x9c4c, 0x9c4c, 0x9c4c, 0x9c4c, 0x9c4c, 0x9c4c, 0x9c4c, 0x9c4c,
	0x9c4c, 0x9c4c, 0x9c4c, 0x9c4c, 0x7b8b, 0x4a48, 0x7b8b, 0x9c4c, 0x9c4c, 0x9c4c, 0x9c4c, 0x9c4c,
	0x9c4c, 0x9c4c, 0x9c4c, 0x9c4c, 0x9c4c, 0x9c4c, 0x9c4c, 0x9c4c, 0x7b8b, 0x4a48, 0x7b8b, 0x9c4c,
	0x9c4c, 0x9c4c, 0x9c4c, 0x9c4c, 0x9c4c, 0x9c4c, 0x9c4c, 0x9c4c, 0x9c4c, 0x9c4c, 0x9c4c, 0x9c4c,
	0x7b8b, 0x4a48, 0x7b8b, 0x9c4c, 0x9c4c, 0x9c4c, 0x9c4c, 0x9c4c, 0x9c4c, 0x9c4c, 0x9c4c, 0x9c4c,
	0x9c4c, 0x9c4c, 0x9c4c, 0x9c4c, 0x7b8b, 0x4a48, 0x7b8b, 0x9c4c, 0x9c4c, 0x9c4c, 0x9c4c, 0x9c4c,
	0x9c4c, 0x9c4c, 0x9c4c, 0x9c4c, 0x9c4c, 0x7b8b, 0x4a48, 0x0000, 0x0000, 0x738b, 0x738b, 0x738b,
	0x738b, 0x738b, 0x738b, 0x738b, 0x738b, 0x738b, 0x738b, 0x738b, 0x738b, 0x738b, 0x738b, 0x738b,
	0x738b, 0x738b, 0x738b, 0x738b, 0x738b, 0x738b, 0x738b, 0x738b, 0x738b, 0x738b, 0x738b, 0x738b,
	0x738b, 0x738b, 0x738b, 0x738b, 0x0000, 0x4a48, 0x4a48, 0x4a48, 0x4a48, 0x4a48, 0x4a48, 0x4a48,
	0x4a48, 0x4a48, 0x4a48, 0x4a48, 0x4a48, 0x4a48, 0x4a48, 0x4a48, 0x4a48, 0x4a48, 0x4a48, 0x4a48,
	0x4a48, 0x4a48, 0x4a48, 0x4a48, 0x4a48, 0x4a48, 0x4a48, 0x4a48, 0x4a48, 0x4a48, 0x4a48, 0x4a48,
	0x4a48, 0x4a48, 0x4a48, 0x4a48, 0x4a48, 0x4a48, 0x4a48, 0x4a48, 0x4a48, 0x4a48, 0x4a48, 0x4a48,
	0x4a48, 0x4a48, 0x4a48, 0x4a48, 0x4a48, 0x4a48, 0x4a48, 0x4a48, 0x4a48, 0x4a48, 0x4a48, 0x4a48,
	0x4a48, 0x4a48, 0x4a48, 0x4a48, 0x4a48, 0x4a48, 0x4a48, 0x4a48, 0x4a48, 0x4a48, 0x4a48, 0x4a48,
	0x4a48, 0x4a48, 0x4a48, 0x4a48, 0x4a48, 0x4a48, 0x4a48, 0x4a48, 0x4a48, 0x4a48, 0x4a48, 0x4a48,
	0x4a48, 0x4a48, 0x4a48, 0x4a48, 0x4a48, 0x4a48, 0x4a48, 0x4a48, 0x4a48, 0x4a48, 0x4a48, 0x4a48,
	0x4a48, 0x4a48, 0x4a48, 0x4a48, 0x4a48, 0x4a48, 0x4a48, 0x4a48, 0x4a48, 0x4a48, 0x4a48, 0x4a48,
	0x4a48, 0x4a48, 0x4a48, 0x4a48, 0x4a48, 0x4a48, 0x4a48, 0x4a48, 0x4a48, 0x4a48, 0x4a48, 0x4a48,
	0x4a48, 0x4a48, 0x4a48, 0x4a48, 0x4a48, 0x4a48, 0x4a48, 0x4a48, 0x4a48, 0x4a48, 0x4a48, 0x4a48,
	0x4a48, 0x4a48, 0x4a48, 0x4a48, 0x4a48, 0x4a48, 0x4a48, 0x4a48, 0x4a48, 0x4a48, 0x4a48, 0x4a48,
	0x4a48, 0x4a48, 0x4a48, 0x4a48, 0x4a48, 0x4a48, 0x4a48, 0x4a48, 0x4a48, 0x4a48, 0x4a48, 0x4a48,
	0x4a48, 0x4a48, 0x4a48, 0x4a48, 0x4a48, 0x4a48, 0x4a48, 0x4a48, 0x4a48, 0x4a48, 0x4a48, 0x4a48,
	0x4a48, 0x4a48, 0x4a48, 0x4a48, 0x4a48, 0x4a48, 0x4a48, 0x4a48, 0x4a48, 0x4a48, 0x4a48, 0x4a48,
	0x4a48, 0x4a48, 0x4a48, 0x4a48, 0x4a48, 0x4a48, 0x4a48, 0x4a48, 0x4a48, 0x4a48, 0x4a48, 0x4a48,
	0x4a48, 0x4a48, 0x4a48, 0x4a48, 0x0000, 0x738b, 0x738b, 0x738b, 0x738b, 0x738b, 0x738b, 0x738b,
	0x738b, 0x738b, 0x738b, 0x738b, 0x738b, 0x738b, 0x738b, 0x738b, 0x738b, 0x738b, 0x738b, 0x738b,
	0x738b, 0x738b, 0x738b, 0x738b, 0x738b, 0x738b, 0x738b, 0x738b, 0x738b, 0x738b, 0x738b, 0x0000,
	0x7b8b, 0x7b8b, 0x7b8b, 0x7b8b, 0x7b8b, 0x9c4c, 0x7b8b, 0x4a48, 0x7b8b, 0x7b8b, 0x7b8b, 0x7b8b,
	0x7b8b, 0x7b8b, 0x7b8b, 0x7b8b, 0x7b8b, 0x7b8b, 0x7b8b, 0x7b8b, 0x7b8b, 0x9c4c, 0x7b8b, 0x4a48,
	0x7b8b, 0x7b8b, 0x7b8b, 0x7b8b, 0x7b8b, 0x7b8b, 0x7b8b, 0x7b8b, 0x7b8b, 0x7b8b, 0x7b8b, 0x7b8b,
	0x7b8b, 0x9c4c, 0x7b8b, 0x4a48, 0x7b8b, 0x7b8b, 0x7b8b, 0x7b8b, 0x7b8b, 0x7b8b, 0x7b8b, 0x7b8b,
	0x7b8b, 0x7b8b, 0x7b8b, 0x7b8b, 0x7b8b, 0x9c4c, 0x7b8b, 0x4a48, 0x7b8b, 0x7b8b, 0x7b8b, 0x7b8b,
	0x7b8b, 0x7b8b, 0x7b8b, 0x7b8b, 0x7b8b, 0x7b8b, 0x7b8b, 0x7b8b, 0x7b8b, 0x9c4c, 0x7b8b, 0x4a48,
	0x7b8b, 0x7b8b, 0x7b8b, 0x7b8b, 0x7b8b, 0x7b8b, 0x7b8b, 0x7b8b, 0x7b8b, 0x7b8b, 0x7b8b, 0x7b8b,
	0x7b8b, 0x9c4c, 0x7b8b, 0x4a48, 0x7b8b, 0x7b8b, 0x7b8b, 0x7b8b, 0x7b8b, 0x7b8b, 0x7b8b, 0x7b8b,
	0x7b8b, 0x7b8b, 0x7b8b, 0x7b8b, 0x7b8b, 0x9c4c, 0x7b8b, 0x4a48, 0x7b8b, 0x7b8b, 0x7b8b, 0x7b8b,
	0x7b8b, 0x7b8b, 0x7b8b, 0x7b8b, 0x7b8b, 0x7b8b, 0x7b8b, 0x7b8b, 0x7b8b, 0x9c4c, 0x7b8b, 0x4a48,
	0x7b8b, 0x7b8b, 0x7b8b, 0x7b8b, 0x7b8b, 0x7b8b, 0x7b8b, 0x7b8b, 0x7b8b, 0x7b8b, 0x7b8b, 0x7b8b,
	0x7b8b, 0x9c4c, 0x7b8b, 0x4a48, 0x7b8b, 0x7b8b, 0x7b8b, 0x7b8b, 0x7b8b, 0x7b8b, 0x7b8b, 0x7b8b,
	0x7b8b, 0x7b8b, 0x7b8b, 0x7b8b, 0x7b8b, 0x9c4c, 0x7b8b, 0x4a48, 0x7b8b, 0x7b8b, 0x7b8b, 0x7b8b,
	0x7b8b, 0x7b8b, 0x7b8b, 0x7b8b, 0x7b8b, 0x7b8b, 0x7b8b, 0x7b8b, 0x7b8b, 0x9c4c, 0x7b8b, 0x4a48,
	0x7b8b, 0x7b8b, 0x7b8b, 0x7b8b, 0x7b8b, 0x7b8b, 0x7b8b, 0x7b8b, 0x7b8b, 0x7b8b, 0x7b8b, 0x7b8b,
	0x7b8b, 0x9c4c, 0x7b8b, 0x4a48, 0x7b8b, 0x7b8b, 0x7b8b, 0x7b8b, 0x7b8b, 0x7b8b, 0x7b8b, 0x7b8b,
	0x0000, 0x738b, 0x738b, 0x738b, 0x738b, 0x738b, 0x738b, 0x738b, 0x738b, 0x738b, 0x738b, 0x738b,
	0x738b, 0x738b, 0x738b, 0x738b, 0x738b, 0x738b, 0x738b, 0x738b, 0x738b, 0x738b, 0x738b, 0x738b,
	0x738b, 0x738b, 0x738b, 0x738b, 0x738b, 0x738b, 0x0000, 0x7b8b, 0x7b8b, 0x7b8b, 0x7b8b, 0x7b8b,
	0x9c4c, 0x7b8b, 0x4a48, 0x7b8b, 0x7b8b, 0x7b8b, 0x7b8b, 0x7b8b, 0x7b8b, 0x7b8b, 0x7b8b, 0x7b8b,
	0x7b8b, 0x7b8b, 0x7b8b, 0x7b8b, 0x9c4c, 0x7b8b, 0x4a48, 0x7b8b, 0x7b8b, 0x7b8b, 0x7b8b, 0x7b8b,
	0x7b8b, 0x7b8b, 0x7b8b, 0x7b8b, 0x7b8b, 0x7b8b, 0x7b8b, 0x7b8b, 0x9c4c, 0x7b8b, 0x4a48, 0x7b8b,
	0x7b8b, 0x7b8b, 0x7b8b, 0x7b8b, 0x7b8b, 0x7b8b, 0x7b8b, 0x7b8b, 0x7b8b, 0x7b8b, 0x7b8b, 0x7b8b,
	0x9c4c, 0x7b8b, 0x4a48, 0x7b8b, 0x7b8b, 0x7b8b, 0x7b8b, 0x7b8b, 0x7b8b, 0x7b8b, 0x7b8b, 0x7b8b,
	0x7b8b, 0x7b8b, 0x7b8b, 0x7b8b, 0x9c4c, 0x7b8b, 0x4a48, 0x7b8b, 0x7b8b, 0x7b8b, 0x7b8b, 0x7b8b,
	0x7b8b, 0x7b8b, 0x7b8b, 0x7b8b, 0x7b8b, 0x7b8b, 0x7b8b, 0x7b8b, 0x9c4c, 0x7b8b, 0x4a48, 0x7b8b,
	0x7b8b, 0x7b8b, 0x7b8b, 0x7b8b, 0x7b8b, 0x7b8b, 0x7b8b, 0x7b8b, 0x7b8b, 0x7b8b, 0x7b8b, 0x7b8b,
	0x9c4c, 0x7b8b, 0x4a48, 0x7b8b, 0x7b8b, 0x7b8b, 0x7b8b, 0x7b8b, 0x7b8b, 0x7b8b, 0x7b8b, 0x7b8b,
	0x7b8b, 0x7b8b, 0x7b8b, 0x7b8b, 0x9c4c, 0x7b8b, 0x4a48, 0x7b8b, 0x7b8b, 0x7b8b, 0x7b8b, 0x7b8b,
	0x7b8b, 0x7b8b, 0x7b8b, 0x7b8b, 0x7b8b, 0x7b8b, 0x7b8b, 0x7b8b, 0x9c4c, 0x7b8b, 0x4a48, 0x7b8b,
	0x7b8b, 0x7b8b, 0x7b8b, 0x7b8b, 0x7b8b, 0x7b8b, 0x7b8b, 0x7b8b, 0x7b8b, 0x7b8b, 0x7b8b, 0x7b8b,
	0x9c4c, 0x7b8b, 0x4a48, 0x7b8b, 0x7b8b, 0x7b8b, 0x7b8b, 0x7b8b, 0x7b8b, 0x7b8b, 0x7b8b, 0x7b8b,
	0x7b8b, 0x7b8b, 0x7b8b, 0x7b8b, 0x9c4c, 0x7b8b, 0x4a48, 0x7b8b, 0x7b8b, 0x7b8b, 0x7b8b, 0x7b8b,
	0x7b8b, 0x7b8b, 0x7b8b, 0x7b8b, 0x7b8b, 0x7b8b, 0x7b8b, 0x7b8b, 0x9c4c, 0x7b8b, 0x4a48, 0x7b8b,
	0x7b8b, 0x7b8b, 0x7b8b, 0x7b8b, 0x7b8b, 0x7b8b, 0x7b8b, 0x7b8b, 0x7b8b, 0x0000, 0x738b, 0x738b,
	0x738b, 0x738b, 0x738b, 0x738b, 0x738b, 0x738b, 0x738b, 0x738b, 0x738b, 0x738b, 0x738b, 0x738b,
	0x738b, 0x738b, 0x738b, 0x738b, 0x738b, 0x738b, 0x738b, 0x738b, 0x738b, 0x738b, 0x738b, 0x738b,
	0x738b, 0x0000, 0x7b8b, 0x7b8b, 0x7b8b, 0x7b8b, 0x7b8b, 0x9c4c, 0x7b8b, 0x4a48, 0x7b8b, 0x7b8b,
	0x7b8b, 0x7b8b, 0x7b8b, 0x7b8b, 0x7b8b, 0x7b8b, 0x7b8b, 0x7b8b, 0x7b8b, 0x7b8b, 0x7b8b, 0x9c4c,
	0x7b8b, 0x4a48, 0x7b8b, 0x7b8b, 0x7b8b, 0x7b8b, 0x7b8b, 0x7b8b, 0x7b8b, 0x7b8b, 0x7b8b, 0x7b8b,
	0x7b8b, 0x7b8b, 0x7b8b, 0x9c4c, 0x7b8b, 0x4a48, 0x7b8b, 0x7b8b, 0x7b8b, 0x7b8b, 0x7b8b, 0x7b8b,
	0x7b8b, 0x7b8b, 0x7b8b, 0x7b8b, 0x7b8b, 0x7b8b, 0x7b8b, 0x9c4c, 0x7b8b, 0x4a48, 0x7b8b, 0x7b8b,
	0x7b8b, 0x7b8b, 0x7b8b, 0x7b8b, 0x7b8b, 0x7b8b, 0x7b8b, 0x7b8b, 0x7b8b, 0x7b8b, 0x7b8b, 0x9c4c,
	0x7b8b, 0x4a48, 0x7b8b, 0x7b8b, 0x7b8b, 0x7b8b, 0x7b8b, 0x7b8b, 0x7b8b, 0x7b8b, 0x7b8b, 0x7b8b,
	0x7b8b, 0x7b8b, 0x7b8b, 0x9c4c, 0x7b8b, 0x4a48, 0x7b8b, 0x7b8b, 0x7b8b, 0x7b8b, 0x7b8b, 0x7b8b,
	0x7b8b, 0x7b8b, 0x7b8b, 0x7b8b, 0x7b8b, 0x7b8b, 0x7b8b, 0x9c4c, 0x7b8b, 0x4a48, 0x7b8b, 0x7b8b,
	0x7b8b, 0x7b8b, 0x7b8b, 0x7b8b, 0x7b8b, 0x7b8b, 0x7b8b, 0x7b8b, 0x7b8b, 0x7b8b, 0x7b8b, 0x9c4c,
	0x7b8b, 0x4a48, 0x7b8b, 0x7b8b, 0x7b8b, 0x7b8b, 0x7b8b, 0x7b8b, 0x7b8b, 0x7b8b, 0x7b8b, 0x7b8b,
	0x7b8b, 0x7b8b, 0x7b8b, 0x9c4c, 0x7b8b, 0x4a48, 0x7b8b, 0x7b8b, 0x7b8b, 0x7b8b, 0x7b8b, 0x7b8b,
	0x7b8b, 0x7b8b, 0x7b8b, 0x7b8b, 0x7b8b, 0x7b8b, 0x7b8b, 0x9c4c, 0x7b8b, 0x4a48, 0x7b8b, 0x7b8b,
	0x7b8b, 0x7b8b, 0x7b8b, 0x7b8b, 0x7b8b, 0x7b8b, 0x7b8b, 0x7b8b, 0x7b8b, 0x7b8b, 0x7b8b, 0x9c4c,
	0x7b8b, 0x4a48, 0x7b8b, 0x7b8b, 0x7b8b, 0x7b8b, 0x7b8b, 0x7b8b, 0x7b8b, 0x7b8b, 0x7b8b, 0x7b8b,
	0x7b8b, 0x7b8b, 0x7b8b, 0x9c4c, 0x7b8b, 0x4a48, 0x7b8b, 0x7b8b, 0x7b8b, 0x7b8b, 0x7b8b, 0x7b8b,
	0x7b8b, 0x7b8b, 0x7b8b, 0x7b8b, 0x7b8b, 0x7b8b, 0x0000, 0x738b, 0x738b, 0x738b, 0x738b, 0x738b,
	0x738b, 0x738b, 0x738b, 0x738b, 0x738b, 0x738b, 0x738b, 0x738b, 0x738b, 0x738b, 0x738b, 0x738b,
	0x738b, 0x738b, 0x738b, 0x738b, 0x738b, 0x738b, 0x738b, 0x738b, 0x0000, 0x7b8b, 0x7b8b, 0x7b8b,
	0x7b8b, 0x7b8b, 0x9c4c, 0x7b8b, 0x4a48, 0x7b8b, 0x7b8b, 0x7b8b, 0x7b8b, 0x7b8b, 0x7b8b, 0x7b8b,
	0x7b8b, 0x7b8b, 0x7b8b, 0x7b8b, 0x7b8b, 0x7b8b, 0x9c4c, 0x7b8b, 0x4a48, 0x7b8b, 0x7b8b, 0x7b8b,
	0x7b8b, 0x7b8b, 0x7b8b, 0x7b8b, 0x7b8b, 0x7b8b, 0x7b8b, 0x7b8b, 0x7b8b, 0x7b8b, 0x9c4c, 0x7b8b,
	0x4a48, 0x7b8b, 0x7b8b, 0x7b8b, 0x7b8b, 0x7b8b, 0x7b8b, 0x7b8b, 0x7b8b, 0x7b8b, 0x7b8b, 0x7b8b,
	0x7b8b, 0x7b8b, 0x9c4c, 0x7b8b, 0x4a48, 0x7b8b, 0x7b8b, 0x7b8b, 0x7b8b, 0x7b8b, 0x7b8b, 0x7b8b,
	0x7b8b, 0x7b8b, 0x7b8b, 0x7b8b, 0x7b8b, 0x7b8b, 0x9c4c, 0x7b8b, 0x4a48, 0x7b8b, 0x7b8b, 0x7b8b,
	0x7b8b, 0x7b8b, 0x7b8b, 0x7b8b, 0x7b8b, 0x7b8b, 0x7b8b, 0x7b8b, 0x7b8b, 0x7b8b, 0x9c4c, 0x7b8b,
	0x4a48, 0x7b8b, 0x7b8b, 0x7b8b, 0x7b8b, 0x7b8b, 0x7b8b, 0x7b8b, 0x7b8b, 0x7b8b, 0x7b8b, 0x7b8b,
	0x7b8b, 0x7b8b, 0x9c4c, 0x7b8b, 0x4a48, 0x7b8b, 0x7b8b, 0x7b8b, 0x7b8b, 0x7b8b, 0x7b8b, 0x7b8b,
	0x7b8b, 0x7b8b, 0x7b8b, 0x7b8b, 0x7b8b, 0x7b8b, 0x9c4c, 0x7b8b, 0x4a48, 0x7b8b, 0x7b8b, 0x7b8b,
	0x7b8b, 0x7b8b, 0x7b8b, 0x7b8b, 0x7b8b, 0x7b8b, 0x7b8b, 0x7b8b, 0x7b8b, 0x7b8b, 0x9c4c, 0x7b8b,
	0x4a48, 0x7b8b, 0x7b8b, 0x7b8b, 0x7b8b, 0x7b8b, 0x7b8b, 0x7b8b, 0x7b8b, 0x7b8b, 0x7b8b, 0x7b8b,
	0x7b8b, 0x7b8b, 0x9c4c, 0x7b8b, 0x4a48, 0x7b8b, 0x7b8b, 0x7b8b, 0x7b8b, 0x7b8b, 0x7b8b, 0x7b8b,
	0x7b8b, 0x7b8b, 0x7b8b, 0x7b8b, 0x7b8b, 0x7b8b, 0x9c4c, 0x7b8b, 0x4a48, 0x7b8b, 0x7b8b, 0x7b8b,
	0x7b8b, 0x7b8b, 0x7b8b, 0x7b8b, 0x7b8b, 0x7b8b, 0x7b8b, 0x7b8b, 0x7b8b, 0x7b8b, 0x9c4c, 0x7b8b,
	0x4a48, 0x7b8b, 0x7b8b, 0x7b8b, 0x7b8b, 0x7b8b, 0x7b8b, 0x7b8b, 0x7b8b, 0x7b8b, 0x7b8b, 0x7b8b,
	0x7b8b, 0x7b8b, 0x7b8b, 0x0000, 0x738b, 0x738b, 0x738b, 0x738b, 0x738b, 0x738b, 0x738b, 0x738b,
	0x738b, 0x738b, 0x738b, 0x738b, 0x738b, 0x738b, 0x738b, 0x738b, 0x738b, 0x738b, 0x738b, 0x738b,
	0x738b, 0x738b, 0x738b, 0x0000, 0x7b8b, 0x7b8b, 0x7b8b, 0x7b8b, 0x7b8b, 0x9c4c, 0x7b8b, 0x4a48,
	0x7b8b, 0x7b8b, 0x7b8b, 0x7b8b, 0x7b8b, 0x7b8b, 0x7b8b, 0x7b8b, 0x7b8b, 0x7b8b, 0x7b8b, 0x7b8b,
	0x7b8b, 0x9c4c, 0x7b8b, 0x4a48, 0x7b8b, 0x7b8b, 0x7b8b, 0x7b8b, 0x7b8b, 0x7b8b, 0x7b8b, 0x7b8b,
	0x7b8b, 0x7b8b, 0x7b8b, 0x7b8b, 0x7b8b, 0x9c4c, 0x7b8b, 0x4a48, 0x7b8b, 0x7b8b, 0x7b8b, 0x7b8b,
	0x7b8b, 0x7b8b, 0x7b8b, 0x7b8b, 0x7b8b, 0x7b8b, 0x7b8b, 0x7b8b, 0x7b8b, 0x9c4c, 0x7b8b, 0x4a48,
	0x7b8b, 0x7b8b, 0x7b8b, 0x7b8b, 0x7b8b, 0x7b8b, 0x7b8b, 0x7b8b, 0x7b8b, 0x7b8b, 0x7b8b, 0x7b8b,
	0x7b8b, 0x9c4c, 0x7b8b, 0x4a48, 0x7b8b, 0x7b8b, 0x7b8b, 0x7b8b, 0x7b8b, 0x7b8b, 0x7b8b, 0x7b8b,
	0x7b8b, 0x7b8b, 0x7b8b, 0x7b8b, 0x7b8b, 0x9c4c, 0x7b8b, 0x4a48, 0x7b8b, 0x7b8b, 0x7b8b, 0x7b8b,
	0x7b8b, 0x7b8b, 0x7b8b, 0x7b8b, 0x7b8b, 0x7b8b, 0x7b8b, 0x7b8b, 0x7b8b, 0x9c4c, 0x7b8b, 0x4a48,
	0x7b8b, 0x7b8b, 0x7b8b, 0x7b8b, 0x7b8b, 0x7b8b, 0x7b8b, 0x7b8b, 0x7b8b, 0x7b8b, 0x7b8b, 0x7b8b,
	0x7b8b, 0x9c4c, 0x7b8b, 0x4a48, 0x7b8b, 0x7b8b, 0x7b8b, 0x7b8b, 0x7b8b, 0x7b8b, 0x7b8b, 0x7b8b,
	0x7b8b, 0x7b8b, 0x7b8b, 0x7b8b, 0x7b8b, 0x9c4c, 0x7b8b, 0x4a48, 0x7b8b, 0x7b8b, 0x7b8b, 0x7b8b,
	0x7b8b, 0x7b8b, 0x7b8b, 0x7b8b, 0x7b8b, 0x7b8b, 0x7b8b, 0x7b8b, 0x7b8b, 0x9c4c, 0x7b8b, 0x4a48,
	0x7b8b, 0x7b8b, 0x7b8b, 0x7b8b, 0x7b8b, 0x7b8b, 0x7b8b, 0x7b8b, 0x7b8b, 0x7b8b, 0x7b8b, 0x7b8b,
	0x7b8b, 0x9c4c, 0x7b8b, 0x4a48, 0x7b8b, 0x7b8b, 0x7b8b, 0x7b8b, 0x7b8b, 0x7b8b, 0x7b8b, 0x7b8b,
	0x7b8b, 0x7b8b, 0x7b8b, 0x7b8b, 0x7b8b, 0x9c4c, 0x7b8b, 0x4a48, 0x7b8b, 0x7b8b, 0x7b8b, 0x7b8b,
	0x7b8b, 0x7b8b, 0x7b8b, 0x7b8b, 0x7b8b, 0x7b8b, 0x7b8b, 0x7b8b, 0x7b8b, 0x7b8b, 0x7b8b, 0x7b8b,
	0x0000, 0x738b, 0x738b, 0x738b, 0x738b, 0x738b, 0x738b, 0x738b, 0x738b, 0x738b, 0x738b, 0x738b,
	0x738b, 0x738b, 0x738b, 0x738b, 0x738b, 0x738b, 0x738b, 0x738b, 0x738b, 0x738b, 0x0000, 0x7b8b,
	0x7b8b, 0x7b8b, 0x7b8b, 0x7b8b, 0x9c4c, 0x7b8b, 0x4a48, 0x7b8b, 0x7b8b, 0x7b8b, 0x7b8b, 0x7b8b,
	0x7b8b, 0x7b8b, 0x7b8b, 0x7b8b, 0x7b8b, 0x7b8b, 0x7b8b, 0x7b8b, 0x9c4c, 0x7b8b, 0x4a48, 0x7b8b,
	0x7b8b, 0x7b8b, 0x7b8b, 0x7b8b, 0x7b8b, 0x7b8b, 0x7b8b, 0x7b8b, 0x7b8b, 0x7b8b, 0x7b8b, 0x7b8b,
	0x9c4c, 0x7b8b, 0x4a48, 0x7b8b, 0x7b8b, 0x7b8b, 0x7b8b, 0x7b8b, 0x7b8b, 0x7b8b, 0x7b8b, 0x7b8b,
	0x7b8b, 0x7b8b, 0x7b8b, 0x7b8b, 0x9c4c, 0x7b8b, 0x4a48, 0x7b8b, 0x7b8b, 0x7b8b, 0x7b8b, 0x7b8b,
	0x7b8b, 0x7b8b, 0x7b8b, 0x7b8b, 0x7b8b, 0x7b8b, 0x7b8b, 0x7b8b, 0x9c4c, 0x7b8b, 0x4a48, 0x7b8b,
	0x7b8b, 0x7b8b, 0x7b8b, 0x7b8b, 0x7b8b, 0x7b8b, 0x7b8b, 0x7b8b, 0x7b8b, 0x7b8b, 0x7b8b, 0x7b8b,
	0x9c4c, 0x7b8b, 0x4a48, 0x7b8b, 0x7b8b, 0x7b8b, 0x7b8b, 0x7b8b, 0x7b8b, 0x7b8b, 0x7b8b, 0x7b8b,
	0x7b8b, 0x7b8b, 0x7b8b, 0x7b8b, 0x9c4c, 0x7b8b, 0x4a48, 0x7b8b, 0x7b8b, 0x7b8b, 0x7b8b, 0x7b8b,
	0x7b8b, 0x7b8b, 0x7b8b, 0x7b8b, 0x7b8b, 0x7b8b, 0x7b8b, 0x7b8b, 0x9c4c, 0x7b8b, 0x4a48, 0x7b8b,
	0x7b8b, 0x7b8b, 0x7b8b, 0x7b8b, 0x7b8b, 0x7b8b, 0x7b8b, 0x7b8b, 0x7b8b, 0x7b8b, 0x7b8b, 0x7b8b,
	0x9c4c, 0x7b8b, 0x4a48, 0x7b8b, 0x7b8b, 0x7b8b, 0x7b8b, 0x7b8b, 0x7b8b, 0x7b8b, 0x7b8b, 0x7b8b,
	0x7b8b, 0x7b8b, 0x7b8b, 0x7b8b, 0x9c4c, 0x7b8b, 0x4a48, 0x7b8b, 0x7b8b, 0x7b8b, 0x7b8b, 0x7b8b,
	0x7b8b, 0x7b8b, 0x7b8b, 0x7b8b, 0x7b8b, 0x7b8b, 0x7b8b, 0x7b8b, 0x9c4c, 0x7b8b, 0x4a48, 0x7b8b,
	0x7b8b, 0x7b8b, 0x7b8b, 0x7b8b, 0x7b8b, 0x7b8b, 0x7b8b, 0x7b8b, 0x7b8b, 0x7b8b, 0x7b8b, 0x7b8b,
	0x9c4c, 0x7b8b, 0x4a48, 0x7b8b, 0x7b8b, 0x7b8b, 0x7b8b, 0x7b8b, 0x7b8b, 0x7b8b, 0x7b8b, 0x7b8b,
	0x7b8b, 0x7b8b, 0x7b8b, 0x7b8b, 0x7b8b, 0x7b8b, 0x7b8b, 0x7b8b, 0x7b8b, 0x0000, 0x738b, 0x738b,
	0x738b, 0x738b, 0x738b, 0x738b, 0x738b, 0x738b, 0x738b, 0x738b, 0x738b, 0x738b, 0x738b, 0x738b,
	0x738b, 0x738b, 0x738b, 0x738b, 0x738b, 0x0000, 0x9c4c, 0x9c4c, 0x9c4c, 0x9c4c, 0x9c4c, 0x9c4c,
	0x7b8b, 0x4a48, 0x7b8b, 0x9c4c, 0x9c4c, 0x9c4c, 0x9c4c, 0x9c4c, 0x9c4c, 0x9c4c, 0x9c4c, 0x9c4c,
	0x9c4c, 0x9c4c, 0x9c4c, 0x9c4c, 0x7b8b, 0x4a48, 0x7b8b, 0x9c4c, 0x9c4c, 0x9c4c, 0x9c4c, 0x9c4c,
	0x9c4c, 0x9c4c, 0x9c4c, 0x9c4c, 0x9c4c, 0x9c4c, 0x9c4c, 0x9c4c, 0x7b8b, 0x4a48, 0x7b8b, 0x9c4c,
	0x9c4c, 0x9c4c, 0x9c4c, 0x9c4c, 0x9c4c, 0x9c4c, 0x9c4c, 0x9c4c, 0x9c4c, 0x9c4c, 0x9c4c, 0x9c4c,
	0x7b8b, 0x4a48, 0x7b8b, 0x9c4c, 0x9c4c, 0x9c4c, 0x9c4c, 0x9c4c, 0x9c4c, 0x9c4c, 0x9c4c, 0x9c4c,
	0x9c4c, 0x9c4c, 0x9c4c, 0x9c4c, 0x7b8b, 0x4a48, 0x7b8b, 0x9c4c, 0x9c4c, 0x9c4c, 0x9c4c, 0x9c4c,
	0x9c4c, 0x9c4c, 0x9c4c, 0x9c4c, 0x9c4c, 0x9c4c, 0x9c4c, 0x9c4c, 0x7b8b, 0x4a48, 0x7b8b, 0x9c4c,
	0x9c4c, 0x9c4c, 0x9c4c, 0x9c4c, 0x9c4c, 0x9c4c, 0x9c4c, 0x9c4c, 0x9c4c, 0x9c4c, 0x9c4c, 0x9c4c,
	0x7b8b, 0x4a48, 0x7b8b, 0x9c4c, 0x9c4c, 0x9c4c, 0x9c4c, 0x9c4c, 0x9c4c, 0x9c4c, 0x9c4c, 0x9c4c,
	0x9c4c, 0x9c4c, 0x9c4c, 0x9c4c, 0x7b8b, 0x4a48, 0x7b8b, 0x9c4c, 0x9c4c, 0x9c4c, 0x9c4c, 0x9c4c,
	0x9c4c, 0x9c4c, 0x9c4c, 0x9c4c, 0x9c4c, 0x9c4c, 0x9c4c, 0x9c4c, 0x7b8b, 0x4a48, 0x7b8b, 0x9c4c,
	0x9c4c, 0x9c4c, 0x9c4c, 0x9c4c, 0x9c4c, 0x9c4c, 0x9c4c, 0x9c4c, 0x9c4c, 0x9c4c, 0x9c4c, 0x9c4c,
	0x7b8b, 0x4a48, 0x7b8b, 0x9c4c, 0x9c4c, 0x9c4c, 0x9c4c, 0x9c4c, 0x9c4c, 0x9c4c, 0x9c4c, 0x9c4c,
	0x9c4c, 0x9c4c, 0x9c4c, 0x9c4c, 0x7b8b, 0x4a48, 0x7b8b, 0x9c4c, 0x9c4c, 0x9c4c, 0x9c4c, 0x9c4c,
	0x9c4c, 0x9c4c, 0x9c4c, 0x9c4c, 0x9c4c, 0x9c4c, 0x9c4c, 0x9c4c, 0x7b8b, 0x4a48, 0x7b8b, 0x9c4c,
	0x9c4c, 0x9c4c, 0x9c4c, 0x9c4c, 0x9c4c, 0x9c4c, 0x9c4c, 0x9c4c, 0x9c4c, 0x9c4c, 0x9c4c, 0x9c4c,
	0x9c4c, 0x9c4c, 0x9c4c, 0x9c4c, 0x9c4c, 0x9c4c, 0x0000, 0x738b, 0x738b, 0x738b, 0x738b, 0x738b,
	0x738b, 0x738b, 0x738b, 0x738b, 0x738b, 0x738b, 0x738b, 0x738b, 0x738b, 0x738b, 0x738b, 0x738b,
	0x0000, 0x4a48, 0x4a48, 0x4a48, 0x4a48, 0x4a48, 0x4a48, 0x4a48, 0x4a48, 0x4a48, 0x4a48, 0x4a48,
	0x4a48, 0x4a48, 0x4a48, 0x4a48, 0x4a48, 0x4a48, 0x4a48, 0x4a48, 0x4a48, 0x4a48, 0x4a48, 0x4a48,
	0x4a48, 0x4a48, 0x4a48, 0x4a48, 0x4a48, 0x4a48, 0x4a48, 0x4a48, 0x4a48, 0x4a48, 0x4a48, 0x4a48,
	0x4a48, 0x4a48, 0x4a48, 0x4a48, 0x4a48, 0x4a48, 0x4a48, 0x4a48, 0x4a48, 0x4a48, 0x4a48, 0x4a48,
	0x4a48, 0x4a48, 0x4a48, 0x4a48, 0x4a48, 0x4a48, 0x4a48, 0x4a48, 0x4a48, 0x4a48, 0x4a48, 0x4a48,
	0x4a48, 0x4a48, 0x4a48, 0x4a48, 0x4a48, 0x4a48, 0x4a48, 0x4a48, 0x4a48, 0x4a48, 0x4a48, 0x4a48,
	0x4a48, 0x4a48, 0x4a48, 0x4a48, 0x4a48, 0x4a48, 0x4a48, 0x4a48, 0x4a48, 0x4a48, 0x4a48, 0x4a48,
	0x4a48, 0x4a48, 0x4a48, 0x4a48, 0x4a48, 0x4a48, 0x4a48, 0x4a48, 0x4a48, 0x4a48, 0x4a48, 0x4a48,
	0x4a48, 0x4a48, 0x4a48, 0x4a48, 0x4a48, 0x4a48, 0x4a48, 0x4a48, 0x4a48, 0x4a48, 0x4a48, 0x4a48,
	0x4a48, 0x4a48, 0x4a48, 0x4a48, 0x4a48, 0x4a48, 0x4a48, 0x4a48, 0x4a48, 0x4a48, 0x4a48, 0x4a48,
	0x4a48, 0x4a48, 0x4a48, 0x4a48, 0x4a48, 0x4a48, 0x4a48, 0x4a48, 0x4a48, 0x4a48, 0x4a48, 0x4a48,
	0x4a48, 0x4a48, 0x4a48, 0x4a48, 0x4a48, 0x4a48, 0x4a48, 0x4a48, 0x4a48, 0x4a48, 0x4a48, 0x4a48,
	0x4a48, 0x4a48, 0x4a48, 0x4a48, 0x4a48, 0x4a48, 0x4a48, 0x4a48, 0x4a48, 0x4a48, 0x4a48, 0x4a48,
	0x4a48, 0x4a48, 0x4a48, 0x4a48, 0x4a48, 0x4a48, 0x4a48, 0x4a48, 0x4a48, 0x4a48, 0x4a48, 0x4a48,
	0x4a48, 0x4a48, 0x4a48, 0x4a48, 0x4a48, 0x4a48, 0x4a48, 0x4a48, 0x4a48, 0x4a48, 0x4a48, 0x4a48,
	0x4a48, 0x4a48, 0x4a48, 0x4a48, 0x4a48, 0x4a48, 0x4a48, 0x4a48, 0x4a48, 0x4a48, 0x4a48, 0x4a48,
	0x4a48, 0x4a48, 0x4a48, 0x4a48, 0x4a48, 0x4a48, 0x4a48, 0x4a48, 0x4a48, 0x4a48, 0x4a48, 0x4a48,
	0x4a48, 0x4a48, 0x4a48, 0x0000, 0x738b, 0x738b, 0x738b, 0x738b, 0x738b, 0x738b, 0x738b, 0x738b,
	0x738b, 0x738b, 0x738b, 0x738b, 0x738b, 0x738b, 0x738b, 0x0000, 0x7b8b, 0x7b8b, 0x7b8b, 0x7b8b,
	0x7b8b, 0x7b8b, 0x7b8b, 0x7b8b, 0x7b8b, 0x7b8b, 0x7b8b, 0x7b8b, 0x7b8b, 0x9c4c, 0x7b8b, 0x4a48,
	0x7b8b, 0x7b8b, 0x7b8b, 0x7b8b, 0x7b8b, 0x7b8b, 0x7b8b, 0x7b8b, 0x7b8b, 0x7b8b, 0x7b8b, 0x7b8b,
	0x7b8b, 0x9c4c, 0x7b8b, 0x4a48, 0x7b8b, 0x7b8b, 0x7b8b, 0x7b8b, 0x7b8b, 0x7b8b, 0x7b8b, 0x7b8b,
	0x7b8b, 0x7b8b, 0x7b8b, 0x7b8b, 0x7b8b, 0x9c4c, 0x7b8b, 0x4a48, 0x7b8b, 0x7b8b, 0x7b8b, 0x7b8b,
	0x7b8b, 0x7b8b, 0x7b8b, 0x7b8b, 0x7b8b, 0x7b8b, 0x7b8b, 0x7b8b, 0x7b8b, 0x9c4c, 0x7b8b, 0x4a48,
	0x7b8b, 0x7b8b, 0x7b8b, 0x7b8b, 0x7b8b, 0x7b8b, 0x7b8b, 0x7b8b, 0x7b8b, 0x7b8b, 0x7b8b, 0x7b8b,
	0x7b8b, 0x9c4c, 0x7b8b, 0x4a48, 0x7b8b, 0x7b8b, 0x7b8b, 0x7b8b, 0x7b8b, 0x7b8b, 0x7b8b, 0x7b8b,
	0x7b8b, 0x7b8b, 0x7b8b, 0x7b8b, 0x7b8b, 0x9c4c, 0x7b8b, 0x4a48, 0x7b8b, 0x7b8b, 0x7b8b, 0x7b8b,
	0x7b8b, 0x7b8b, 0x7b8b, 0x7b8b, 0x7b8b, 0x7b8b, 0x7b8b, 0x7b8b, 0x7b8b, 0x9c4c, 0x7b8b, 0x4a48,
	0x7b8b, 0x7b8b, 0x7b8b, 0x7b8b, 0x7b8b, 0x7b8b, 0x7b8b, 0x7b8b, 0x7b8b, 0x7b8b, 0x7b8b, 0x7b8b,
	0x7b8b, 0x9c4c, 0x7b8b, 0x4a48, 0x7b8b, 0x7b8b, 0x7b8b, 0x7b8b, 0x7b8b, 0x7b8b, 0x7b8b, 0x7b8b,
	0x7b8b, 0x7b8b, 0x7b8b, 0x7b8b, 0x7b8b, 0x9c4c, 0x7b8b, 0x4a48, 0x7b8b, 0x7b8b, 0x7b8b, 0x7b8b,
	0x7b8b, 0x7b8b, 0x7b8b, 0x7b8b, 0x7b8b, 0x7b8b, 0x7b8b, 0x7b8b, 0x7b8b, 0x9c4c, 0x7b8b, 0x4a48,
	0x7b8b, 0x7b8b, 0x7b8b, 0x7b8b, 0x7b8b, 0x7b8b, 0x7b8b, 0x7b8b, 0x7b8b, 0x7b8b, 0x7b8b, 0x7b8b,
	0x7b8b, 0x9c4c, 0x7b8b, 0x4a48, 0x7b8b, 0x7b8b, 0x7b8b, 0x7b8b, 0x7b8b, 0x7b8b, 0x7b8b, 0x7b8b,
	0x7b8b, 0x7b8b, 0x7b8b, 0x7b8b, 0x7b8b, 0x9c4c, 0x7b8b, 0x4a48, 0x7b8b, 0x7b8b, 0x7b8b, 0x7b8b,
	0x7b8b, 0x7b8b, 0x7b8b, 0x7b8b, 0x7b8b, 0x7b8b, 0x7b8b, 0x7b8b, 0x7b8b, 0x9c4c, 0x7b8b, 0x4a48,
	0x0000, 0x738b, 0x738b, 0x738b, 0x738b, 0x738b, 0x738b, 0x738b, 0x738b, 0x738b, 0x738b, 0x738b,
	0x738b, 0x738b, 0x0000, 0x7b8b, 0x7b8b, 0x7b8b, 0x7b8b, 0x7b8b, 0x7b8b, 0x7b8b, 0x7b8b, 0x7b8b,
	0x7b8b, 0x7b8b, 0x7b8b, 0x7b8b, 0x9c4c, 0x7b8b, 0x4a48, 0x7b8b, 0x7b8b, 0x7b8b, 0x7b8b, 0x7b8b,
	0x7b8b, 0x7b8b, 0x7b8b, 0x7b8b, 0x7b8b, 0x7b8b, 0x7b8b, 0x7b8b, 0x9c4c, 0x7b8b, 0x4a48, 0x7b8b,
	0x7b8b, 0x7b8b, 0x7b8b, 0x7b8b, 0x7b8b, 0x7b8b, 0x7b8b, 0x7b8b, 0x7b8b, 0x7b8b, 0x7b8b, 0x7b8b,
	0x9c4c, 0x7b8b, 0x4a48, 0x7b8b, 0x7b8b, 0x7b8b, 0x7b8b, 0x7b8b, 0x7b8b, 0x7b8b, 0x7b8b, 0x7b8b,
	0x7b8b, 0x7b8b, 0x7b8b, 0x7b8b, 0x9c4c, 0x7b8b, 0x4a48, 0x7b8b, 0x7b8b, 0x7b8b, 0x7b8b, 0x7b8b,
	0x7b8b, 0x7b8b, 0x7b8b, 0x7b8b, 0x7b8b, 0x7b8b, 0x7b8b, 0x7b8b, 0x9c4c, 0x7b8b, 0x4a48, 0x7b8b,
	0x7b8b, 0x7b8b, 0x7b8b, 0x7b8b, 0x7b8b, 0x7b8b, 0x7b8b, 0x7b8b, 0x7b8b, 0x7b8b, 0x7b8b, 0x7b8b,
	0x9c4c, 0x7b8b, 0x4a48, 0x7b8b, 0x7b8b, 0x7b8b, 0x7b8b, 0x7b8b, 0x7b8b, 0x7b8b, 0x7b8b, 0x7b8b,
	0x7b8b, 0x7b8b, 0x7b8b, 0x7b8b, 0x9c4c, 0x7b8b, 0x4a48, 0x7b8b, 0x7b8b, 0x7b8b, 0x7b8b, 0x7b8b,
	0x7b8b, 0x7b8b, 0x7b8b, 0x7b8b, 0x7b8b, 0x7b8b, 0x7b8b, 0x7b8b, 0x9c4c, 0x7b8b, 0x4a48, 0x7b8b,
	0x7b8b, 0x7b8b, 0x7b8b, 0x7b8b, 0x7b8b, 0x7b8b, 0x7b8b, 0x7b8b, 0x7b8b, 0x7b8b, 0x7b8b, 0x7b8b,
	0x9c4c, 0x7b8b, 0x4a48, 0x7b8b, 0x7b8b, 0x7b8b, 0x7b8b, 0x7b8b, 0x7b8b, 0x7b8b, 0x7b8b, 0x7b8b,
	0x7b8b, 0x7b8b, 0x7b8b, 0x7b8b, 0x9c4c, 0x7b8b, 0x4a48, 0x7b8b, 0x7b8b, 0x7b8b, 0x7b8b, 0x7b8b,
	0x7b8b, 0x7b8b, 0x7b8b, 0x7b8b, 0x7b8b, 0x7b8b, 0x7b8b, 0x7b8b, 0x9c4c, 0x7b8b, 0x4a48, 0x7b8b,
	0x7b8b, 0x7b8b, 0x7b8b, 0x7b8b, 0x7b8b, 0x7b8b, 0x7b8b, 0x7b8b, 0x7b8b, 0x7b8b, 0x7b8b, 0x7b8b,
	0x9c4c, 0x7b8b, 0x4a48, 0x7b8b, 0x7b8b, 0x7b8b, 0x7b8b, 0x7b8b, 0x7b8b, 0x7b8b, 0x7b8b, 0x7b8b,
	0x7b8b, 0x7b8b, 0x7b8b, 0x7b8b, 0x9c4c, 0x7b8b, 0x4a48, 0x7b8b, 0x7b8b, 0x0000, 0x738b, 0x738b,
	0x738b, 0x738b, 0x738b, 0x738b, 0x738b, 0x738b, 0x738b, 0x738b, 0x738b, 0x0000, 0x7b8b, 0x7b8b,
	0x7b8b, 0x7b8b, 0x7b8b, 0x7b8b, 0x7b8b, 0x7b8b, 0x7b8b, 0x7b8b, 0x7b8b, 0x7b8b, 0x7b8b, 0x9c4c,
	0x7b8b, 0x4a48, 0x7b8b, 0x7b8b, 0x7b8b, 0x7b8b, 0x7b8b, 0x7b8b, 0x7b8b, 0x7b8b, 0x7b8b, 0x7b8b,
	0x7b8b, 0x7b8b, 0x7b8b, 0x9c4c, 0x7b8b, 0x4a48, 0x7b8b, 0x7b8b, 0x7b8b, 0x7b8b, 0x7b8b, 0x7b8b,
	0x7b8b, 0x7b8b, 0x7b8b, 0x7b8b, 0x7b8b, 0x7b8b, 0x7b8b, 0x9c4c, 0x7b8b, 0x4a48, 0x7b8b, 0x7b8b,
	0x7b8b, 0x7b8b, 0x7b8b, 0x7b8b, 0x7b8b, 0x7b8b, 0x7b8b, 0x7b8b, 0x7b8b, 0x7b8b, 0x7b8b, 0x9c4c,
	0x7b8b, 0x4a48, 0x7b8b, 0x7b8b, 0x7b8b, 0x7b8b, 0x7b8b, 0x7b8b, 0x7b8b, 0x7b8b, 0x7b8b, 0x7b8b,
	0x7b8b, 0x7b8b, 0x7b8b, 0x9c4c, 0x7b8b, 0x4a48, 0x7b8b, 0x7b8b, 0x7b8b, 0x7b8b, 0x7b8b, 0x7b8b,
	0x7b8b, 0x7b8b, 0x7b8b, 0x7b8b, 0x7b8b, 0x7b8b, 0x7b8b, 0x9c4c, 0x7b8b, 0x4a48, 0x7b8b, 0x7b8b,
	0x7b8b, 0x7b8b, 0x7b8b, 0x7b8b, 0x7b8b, 0x7b8b, 0x7b8b, 0x7b8b, 0x7b8b, 0x7b8b, 0x7b8b, 0x9c4c,
	0x7b8b, 0x4a48, 0x7b8b, 0x7b8b, 0x7b8b, 0x7b8b, 0x7b8b, 0x7b8b, 0x7b8b, 0x7b8b, 0x7b8b, 0x7b8b,
	0x7b8b, 0x7b8b, 0x7b8b, 0x9c4c, 0x7b8b, 0x4a48, 0x7b8b, 0x7b8b, 0x7b8b, 0x7b8b, 0x7b8b, 0x7b8b,
	0x7b8b, 0x7b8b, 0x7b8b, 0x7b8b, 0x7b8b, 0x7b8b, 0x7b8b, 0x9c4c, 0x7b8b, 0x4a48, 0x7b8b, 0x7b8b,
	0x7b8b, 0x7b8b, 0x7b8b, 0x7b8b, 0x7b8b, 0x7b8b, 0x7b8b, 0x7b8b, 0x7b8b, 0x7b8b, 0x7b8b, 0x9c4c,
	0x7b8b, 0x4a48, 0x7b8b, 0x7b8b, 0x7b8b, 0x7b8b, 0x7b8b, 0x7b8b, 0x7b8b, 0x7b8b, 0x7b8b, 0x7b8b,
	0x7b8b, 0x7b8b, 0x7b8b, 0x9c4c, 0x7b8b, 0x4a48, 0x7b8b, 0x7b8b, 0x7b8b, 0x7b8b, 0x7b8b, 0x7b8b,
	0x7b8b, 0x7b8b, 0x7b8b, 0x7b8b, 0x7b8b, 0x7b8b, 0x7b8b, 0x9c4c, 0x7b8b, 0x4a48, 0x7b8b, 0x7b8b,
	0x7b8b, 0x7b8b, 0x7b8b, 0x7b8b, 0x7b8b, 0x7b8b, 0x7b8b, 0x7b8b, 0x7b8b, 0x7b8b, 0x7b8b, 0x9c4c,
	0x7b8b, 0x4a48, 0x7b8b, 0x7b8b, 0x7b8b, 0x7b8b, 0x0000, 0x738b, 0x738b, 0x738b, 0x738b, 0x738b,
	0x738b, 0x738b, 0x738b, 0x738b, 0x0000, 0x7b8b, 0x7b8b, 0x7b8b, 0x7b8b, 0x7b8b, 0x7b8b, 0x7b8b,
	0x7b8b, 0x7b8b, 0x7b8b, 0x7b8b, 0x7b8b, 0x7b8b, 0x9c4c, 0x7b8b, 0x4a48, 0x7b8b, 0x7b8b, 0x7b8b,
	0x7b8b, 0x7b8b, 0x7b8b, 0x7b8b, 0x7b8b, 0x7b8b, 0x7b8b, 0x7b8b, 0x7b8b, 0x7b8b, 0x9c4c, 0x7b8b,
	0x4a48, 0x7b8b, 0x7b8b, 0x7b8b, 0x7b8b, 0x7b8b, 0x7b8b, 0x7b8b, 0x7b8b, 0x7b8b, 0x7b8b, 0x7b8b,
	0x7b8b, 0x7b8b, 0x9c4c, 0x7b8b, 0x4a48, 0x7b8b, 0x7b8b, 0x7b8b, 0x7b8b, 0x7b8b, 0x7b8b, 0x7b8b,
	0x7b8b, 0x7b8b, 0x7b8b, 0x7b8b, 0x7b8b, 0x7b8b, 0x9c4c, 0x7b8b, 0x4a48, 0x7b8b, 0x7b8b, 0x7b8b,
	0x7b8b, 0x7b8b, 0x7b8b, 0x7b8b, 0x7b8b, 0x7b8b, 0x7b8b, 0x7b8b, 0x7b8b, 0x7b8b, 0x9c4c, 0x7b8b,
	0x4a48, 0x7b8b, 0x7b8b, 0x7b8b, 0x7b8b, 0x7b8b, 0x7b8b, 0x7b8b, 0x7b8b, 0x7b8b, 0x7b8b, 0x7b8b,
	0x7b8b, 0x7b8b, 0x9c4c, 0x7b8b, 0x4a48, 0x7b8b, 0x7b8b, 0x7b8b, 0x7b8b, 0x7b8b, 0x7b8b, 0x7b8b,
	0x7b8b, 0x7b8b, 0x7b8b, 0x7b8b, 0x7b8b, 0x7b8b, 0x9c4c, 0x7b8b, 0x4a48, 0x7b8b, 0x7b8b, 0x7b8b,
	0x7b8b, 0x7b8b, 0x7b8b, 0x7b8b, 0x7b8b, 0x7b8b, 0x7b8b, 0x7b8b, 0x7b8b, 0x7b8b, 0x9c4c, 0x7b8b,
	0x4a48, 0x7b8b, 0x7b8b, 0x7b8b, 0x7b8b, 0x7b8b, 0x7b8b, 0x7b8b, 0x7b8b, 0x7b8b, 0x7b8b, 0x7b8b,
	0x7b8b, 0x7b8b, 0x9c4c, 0x7b8b, 0x4a48, 0x7b8b, 0x7b8b, 0x7b8b, 0x7b8b, 0x7b8b, 0x7b8b, 0x7b8b,
	0x7b8b, 0x7b8b, 0x7b8b, 0x7b8b, 0x7b8b, 0x7b8b, 0x9c4c, 0x7b8b, 0x4a48, 0x7b8b, 0x7b8b, 0x7b8b,
	0x7b8b, 0x7b8b, 0x7b8b, 0x7b8b, 0x7b8b, 0x7b8b, 0x7b8b, 0x7b8b, 0x7b8b, 0x7b8b, 0x9c4c, 0x7b8b,
	0x4a48, 0x7b8b, 0x7b8b, 0x7b8b, 0x7b8b, 0x7b8b, 0x7b8b, 0x7b8b, 0x7b8b, 0x7b8b, 0x7b8b, 0x7b8b,
	0x7b8b, 0x7b8b, 0x9c4c, 0x7b8b, 0x4a48, 0x7b8b, 0x7b8b, 0x7b8b, 0x7b8b, 0x7b8b, 0x7b8b, 0x7b8b,
	0x7b8b, 0x7b8b, 0x7b8b, 0x7b8b, 0x7b8b, 0x7b8b, 0x9c4c, 0x7b8b, 0x4a48, 0x7b8b, 0x7b8b, 0x7b8b,
	0x7b8b, 0x7b8b, 0x7b8b, 0x0000, 0x738b, 0x738b, 0x738b, 0x738b, 0x738b, 0x738b, 0x738b, 0x0000,
	0x7b8b, 0x7b8b, 0x7b8b, 0x7b8b, 0x7b8b, 0x7b8b, 0x7b8b, 0x7b8b, 0x7b8b, 0x7b8b, 0x7b8b, 0x7b8b,
	0x7b8b, 0x9c4c, 0x7b8b, 0x4a48, 0x7b8b, 0x7b8b, 0x7b8b, 0x7b8b, 0x7b8b, 0x7b8b, 0x7b8b, 0x7b8b,
	0x7b8b, 0x7b8b, 0x7b8b, 0x7b8b, 0x7b8b, 0x9c4c, 0x7b8b, 0x4a48, 0x7b8b, 0x7b8b, 0x7b8b, 0x7b8b,
	0x7b8b, 0x7b8b, 0x7b8b, 0x7b8b, 0x7b8b, 0x7b8b, 0x7b8b, 0x7b8b, 0x7b8b, 0x9c4c, 0x7b8b, 0x4a48,
	0x7b8b, 0x7b8b, 0x7b8b, 0x7b8b, 0x7b8b, 0x7b8b, 0x7b8b, 0x7b8b, 0x7b8b, 0x7b8b, 0x7b8b, 0x7b8b,
	0x7b8b, 0x9c4c, 0x7b8b, 0x4a48, 0x7b8b, 0x7b8b, 0x7b8b, 0x7b8b, 0x7b8b, 0x7b8b, 0x7b8b, 0x7b8b,
	0x7b8b, 0x7b8b, 0x7b8b, 0x7b8b, 0x7b8b, 0x9c4c, 0x7b8b, 0x4a48, 0x7b8b, 0x7b8b, 0x7b8b, 0x7b8b,
	0x7b8b, 0x7b8b, 0x7b8b, 0x7b8b, 0x7b8b, 0x7b8b, 0x7b8b, 0x7b8b, 0x7b8b, 0x9c4c, 0x7b8b, 0x4a48,
	0x7b8b, 0x7b8b, 0x7b8b, 0x7b8b, 0x7b8b, 0x7b8b, 0x7b8b, 0x7b8b, 0x7b8b, 0x7b8b, 0x7b8b, 0x7b8b,
	0x7b8b, 0x9c4c, 0x7b8b, 0x4a48, 0x7b8b, 0x7b8b, 0x7b8b, 0x7b8b, 0x7b8b, 0x7b8b, 0x7b8b, 0x7b8b,
	0x7b8b, 0x7b8b, 0x7b8b, 0x7b8b, 0x7b8b, 0x9c4c, 0x7b8b, 0x4a48, 0x7b8b, 0x7b8b, 0x7b8b, 0x7b8b,
	0x7b8b, 0x7b8b, 0x7b8b, 0x7b8b, 0x7b8b, 0x7b8b, 0x7b8b, 0x7b8b, 0x7b8b, 0x9c4c, 0x7b8b, 0x4a48,
	0x7b8b, 0x7b8b, 0x7b8b, 0x7b8b, 0x7b8b, 0x7b8b, 0x7b8b, 0x7b8b, 0x7b8b, 0x7b8b, 0x7b8b, 0x7b8b,
	0x7b8b, 0x9c4c, 0x7b8b, 0x4a48, 0x7b8b, 0x7b8b, 0x7b8b, 0x7b8b, 0x7b8b, 0x7b8b, 0x7b8b, 0x7b8b,
	0x7b8b, 0x7b8b, 0x7b8b, 0x7b8b, 0x7b8b, 0x9c4c, 0x7b8b, 0x4a48, 0x7b8b, 0x7b8b, 0x7b8b, 0x7b8b,
	0x7b8b, 0x7b8b, 0x7b8b, 0x7b8b, 0x7b8b, 0x7b8b, 0x7b8b, 0x7b8b, 0x7b8b, 0x9c4c, 0x7b8b, 0x4a48,
	0x7b8b, 0x7b8b, 0x7b8b, 0x7b8b, 0x7b8b, 0x7b8b, 0x7b8b, 0x7b8b, 0x7b8b, 0x7b8b, 0x7b8b, 0x7b8b,
	0x7b8b, 0x9c4c, 0x7b8b, 0x4a48, 0x7b8b, 0x7b8b, 0x7b8b, 0x7b8b, 0x7b8b, 0x7b8b, 0x7b8b, 0x7b8b,
	0x0000, 0x738b, 0x738b, 0x738b, 0x738b, 0x738b, 0x0000, 0x7b8b, 0x7b8b, 0x7b8b, 0x7b8b, 0x7b8b,
	0x7b8b, 0x7b8b, 0x7b8b, 0x7b8b, 0x7b8b, 0x7b8b, 0x7b8b, 0x7b8b, 0x9c4c, 0x7b8b, 0x4a48, 0x7b8b,
	0x7b8b, 0x7b8b, 0x7b8b, 0x7b8b, 0x7b8b, 0x7b8b, 0x7b8b, 0x7b8b, 0x7b8b, 0x7b8b, 0x7b8b, 0x7b8b,
	0x9c4c, 0x7b8b, 0x4a48, 0x7b8b, 0x7b8b, 0x7b8b, 0x7b8b, 0x7b8b, 0x7b8b, 0x7b8b, 0x7b8b, 0x7b8b,
	0x7b8b, 0x7b8b, 0x7b8b, 0x7b8b, 0x9c4c, 0x7b8b, 0x4a48, 0x7b8b, 0x7b8b, 0x7b8b, 0x7b8b, 0x7b8b,
	0x7b8b, 0x7b8b, 0x7b8b, 0x7b8b, 0x7b8b, 0x7b8b, 0x7b8b, 0x7b8b, 0x9c4c, 0x7b8b, 0x4a48, 0x7b8b,
	0x7b8b, 0x7b8b, 0x7b8b, 0x7b8b, 0x7b8b, 0x7b8b, 0x7b8b, 0x7b8b, 0x7b8b, 0x7b8b, 0x7b8b, 0x7b8b,
	0x9c4c, 0x7b8b, 0x4a48, 0x7b8b, 0x7b8b, 0x7b8b, 0x7b8b, 0x7b8b, 0x7b8b, 0x7b8b, 0x7b8b, 0x7b8b,
	0x7b8b, 0x7b8b, 0x7b8b, 0x7b8b, 0x9c4c, 0x7b8b, 0x4a48, 0x7b8b, 0x7b8b, 0x7b8b, 0x7b8b, 0x7b8b,
	0x7b8b, 0x7b8b, 0x7b8b, 0x7b8b, 0x7b8b, 0x7b8b, 0x7b8b, 0x7b8b, 0x9c4c, 0x7b8b, 0x4a48, 0x7b8b,
	0x7b8b, 0x7b8b, 0x7b8b, 0x7b8b, 0x7b8b, 0x7b8b, 0x7b8b, 0x7b8b, 0x7b8b, 0x7b8b, 0x7b8b, 0x7b8b,
	0x9c4c, 0x7b8b, 0x4a48, 0x7b8b, 0x7b8b, 0x7b8b, 0x7b8b, 0x7b8b, 0x7b8b, 0x7b8b, 0x7b8b, 0x7b8b,
	0x7b8b, 0x7b8b, 0x7b8b, 0x7b8b, 0x9c4c, 0x7b8b, 0x4a48, 0x7b8b, 0x7b8b, 0x7b8b, 0x7b8b, 0x7b8b,
	0x7b8b, 0x7b8b, 0x7b8b, 0x7b8b, 0x7b8b, 0x7b8b, 0x7b8b, 0x7b8b, 0x9c4c, 0x7b8b, 0x4a48, 0x7b8b,
	0x7b8b, 0x7b8b, 0x7b8b, 0x7b8b, 0x7b8b, 0x7b8b, 0x7b8b, 0x7b8b, 0x7b8b, 0x7b8b, 0x7b8b, 0x7b8b,
	0x9c4c, 0x7b8b, 0x4a48, 0x7b8b, 0x7b8b, 0x7b8b, 0x7b8b, 0x7b8b, 0x7b8b, 0x7b8b, 0x7b8b, 0x7b8b,
	0x7b8b, 0x7b8b, 0x7b8b, 0x7b8b, 0x9c4c, 0x7b8b, 0x4a48, 0x7b8b, 0x7b8b, 0x7b8b, 0x7b8b, 0x7b8b,
	0x7b8b, 0x7b8b, 0x7b8b, 0x7b8b, 0x7b8b, 0x7b8b, 0x7b8b, 0x7b8b, 0x9c4c, 0x7b8b, 0x4a48, 0x7b8b,
	0x7b8b, 0x7b8b, 0x7b8b, 0x7b8b, 0x7b8b, 0x7b8b, 0x7b8b, 0x7b8b, 0x7b8b, 0x0000, 0x738b, 0x738b,
	0x738b, 0x0000, 0x9c4c, 0x9c4c, 0x9c4c, 0x9c4c, 0x9c4c, 0x9c4c, 0x9c4c, 0x9c4c, 0x9c4c, 0x9c4c,
	0x9c4c, 0x9c4c, 0x9c4c, 0x9c4c, 0x7b8b, 0x4a48, 0x7b8b, 0x9c4c, 0x9c4c, 0x9c4c, 0x9c4c, 0x9c4c,
	0x9c4c, 0x9c4c, 0x9c4c, 0x9c4c, 0x9c4c, 0x9c4c, 0x9c4c, 0x9c4c, 0x7b8b, 0x4a48, 0x7b8b, 0x9c4c,
	0x9c4c, 0x9c4c, 0x9c4c, 0x9c4c, 0x9c4c, 0x9c4c, 0x9c4c, 0x9c4c, 0x9c4c, 0x9c4c, 0x9c4c, 0x9c4c,
	0x7b8b, 0x4a48, 0x7b8b, 0x9c4c, 0x9c4c, 0x9c4c, 0x9c4c, 0x9c4c, 0x9c4c, 0x9c4c, 0x9c4c, 0x9c4c,
	0x9c4c, 0x9c4c, 0x9c4c, 0x9c4c, 0x7b8b, 0x4a48, 0x7b8b, 0x9c4c, 0x9c4c, 0x9c4c, 0x9c4c, 0x9c4c,
	0x9c4c, 0x9c4c, 0x9c4c, 0x9c4c, 0x9c4c, 0x9c4c, 0x9c4c, 0x9c4c, 0x7b8b, 0x4a48, 0x7b8b, 0x9c4c,
	0x9c4c, 0x9c4c, 0x9c4c, 0x9c4c, 0x9c4c, 0x9c4c, 0x9c4c, 0x9c4c, 0x9c4c, 0x9c4c, 0x9c4c, 0x9c4c,
	0x7b8b, 0x4a48, 0x7b8b, 0x9c4c, 0x9c4c, 0x9c4c, 0x9c4c, 0x9c4c, 0x9c4c, 0x9c4c, 0x9c4c, 0x9c4c,
	0x9c4c, 0x9c4c, 0x9c4c, 0x9c4c, 0x7b8b, 0x4a48, 0x7b8b, 0x9c4c, 0x9c4c, 0x9c4c, 0x9c4c, 0x9c4c,
	0x9c4c, 0x9c4c, 0x9c4c, 0x9c4c, 0x9c4c, 0x9c4c, 0x9c4c, 0x9c4c, 0x7b8b, 0x4a48, 0x7b8b, 0x9c4c,
	0x9c4c, 0x9c4c, 0x9c4c, 0x9c4c, 0x9c4c, 0x9c4c, 0x9c4c, 0x9c4c, 0x9c4c, 0x9c4c, 0x9c4c, 0x9c4c,
	0x7b8b, 0x4a48, 0x7b8b, 0x9c4c, 0x9c4c, 0x9c4c, 0x9c4c, 0x9c4c, 0x9c4c, 0x9c4c, 0x9c4c, 0x9c4c,
	0x9c4c, 0x9c4c, 0x9c4c, 0x9c4c, 0x7b8b, 0x4a48, 0x7b8b, 0x9c4c, 0x9c4c, 0x9c4c, 0x9c4c, 0x9c4c,
	0x9c4c, 0x9c4c, 0x9c4c, 0x9c4c, 0x9c4c, 0x9c4c, 0x9c4c, 0x9c4c, 0x7b8b, 0x4a48, 0x7b8b, 0x9c4c,
	0x9c4c, 0x9c4c, 0x9c4c, 0x9c4c, 0x9c4c, 0x9c4c, 0x9c4c, 0x9c4c, 0x9c4c, 0x9c4c, 0x9c4c, 0x9c4c,
	0x7b8b, 0x4a48, 0x7b8b, 0x9c4c, 0x9c4c, 0x9c4c, 0x9c4c, 0x9c4c, 0x9c4c, 0x9c4c, 0x9c4c, 0x9c4c,
	0x9c4c, 0x9c4c, 0x9c4c, 0x9c4c, 0x7b8b, 0x4a48, 0x7b8b, 0x9c4c, 0x9c4c, 0x9c4c, 0x9c4c, 0x9c4c,
	0x9c4c, 0x9c4c, 0x9c4c, 0x9c4c, 0x9c4c, 0x9c4c, 0x0000, 0x738b, 0x0000, 0x4a48, 0x4a48, 0x4a48,
	0x4a48, 0x4a48, 0x4a48, 0x4a48, 0x4a48, 0x4a48, 0x4a48, 0x4a48, 0x4a48, 0x4a48, 0x4a48, 0x4a48,
	0x4a48, 0x4a48, 0x4a48, 0x4a48, 0x4a48, 0x4a48, 0x4a48, 0x4a48, 0x4a48, 0x4a48, 0x4a48, 0x4a48,
	0x4a48, 0x4a48, 0x4a48, 0x4a48, 0x4a48, 0x4a48, 0x4a48, 0x4a48, 0x4a48, 0x4a48, 0x4a48, 0x4a48,
	0x4a48, 0x4a48, 0x4a48, 0x4a48, 0x4a48, 0x4a48, 0x4a48, 0x4a48, 0x4a48, 0x4a48, 0x4a48, 0x4a48,
	0x4a48, 0x4a48, 0x4a48, 0x4a48, 0x4a48, 0x4a48, 0x4a48, 0x4a48, 0x4a48, 0x4a48, 0x4a48, 0x4a48,
	0x4a48, 0x4a48, 0x4a48, 0x4a48, 0x4a48, 0x4a48, 0x4a48, 0x4a48, 0x4a48, 0x4a48, 0x4a48, 0x4a48,
	0x4a48, 0x4a48, 0x4a48, 0x4a48, 0x4a48, 0x4a48, 0x4a48, 0x4a48, 0x4a48, 0x4a48, 0x4a48, 0x4a48,
	0x4a48, 0x4a48, 0x4a48, 0x4a48, 0x4a48, 0x4a48, 0x4a48, 0x4a48, 0x4a48, 0x4a48, 0x4a48, 0x4a48,
	0x4a48, 0x4a48, 0x4a48, 0x4a48, 0x4a48, 0x4a48, 0x4a48, 0x4a48, 0x4a48, 0x4a48, 0x4a48, 0x4a48,
	0x4a48, 0x4a48, 0x4a48, 0x4a48, 0x4a48, 0x4a48, 0x4a48, 0x4a48, 0x4a48, 0x4a48, 0x4a48, 0x4a48,
	0x4a48, 0x4a48, 0x4a48, 0x4a48, 0x4a48, 0x4a48, 0x4a48, 0x4a48, 0x4a48, 0x4a48, 0x4a48, 0x4a48,
	0x4a48, 0x4a48, 0x4a48, 0x4a48, 0x4a48, 0x4a48, 0x4a48, 0x4a48, 0x4a48, 0x4a48, 0x4a48, 0x4a48,
	0x4a48, 0x4a48, 0x4a48, 0x4a48, 0x4a48, 0x4a48, 0x4a48, 0x4a48, 0x4a48, 0x4a48, 0x4a48, 0x4a48,
	0x4a48, 0x4a48, 0x4a48, 0x4a48, 0x4a48, 0x4a48, 0x4a48, 0x4a48, 0x4a48, 0x4a48, 0x4a48, 0x4a48,
	0x4a48, 0x4a48, 0x4a48, 0x4a48, 0x4a48, 0x4a48, 0x4a48, 0x4a48, 0x4a48, 0x4a48, 0x4a48, 0x4a48,
	0x4a48, 0x4a48, 0x4a48, 0x4a48, 0x4a48, 0x4a48, 0x4a48, 0x4a48, 0x4a48, 0x4a48, 0x4a48, 0x4a48,
	0x4a48, 0x4a48, 0x4a48, 0x4a48, 0x4a48, 0x4a48, 0x4a48, 0x4a48, 0x4a48, 0x4a48, 0x4a48, 0x4a48,
	0x4a48, 0x4a48, 0x4a48, 0x4a48, 0x4a48, 0x4a48, 0x4a48, 0x4a48, 0x4a48, 0x4a48, 0x4a48, 0x4a48,
	0x4a48, 0x4a48, 0x4a48, 0x0000,
}; /* 28672 values */

static const struct asset2 eb_bg = {
	.type = PICTURE16BIT,
	.seqNum = 1,
	.x = 224,
	.y = 128,
	.colormap = 0, /* not used by PICTURE16BIT or PICTURE1BIT */
	.pixel16 = (const uint16_t *) eb_bg_data,
};