static const uint16_t eb_dude_data[16384] = {
    0xf81f, 0xf81f, 0xf81f, 0xf81f, 0xf81f, 0xf81f, 0xf81f, 0xf81f, 0xf81f, 0xf81f, 0xf81f, 0xf81f,
    0xf81f, 0xf81f, 0xf81f, 0xf81f, 0xf81f, 0xf81f, 0xf81f, 0xf81f, 0xf81f, 0xf81f, 0xf81f, 0xf81f,
    0xf81f, 0xf81f, 0xf81f, 0xf81f, 0xf81f, 0xf81f, 0xf81f, 0xf81f, 0xf81f, 0xf81f, 0xf81f, 0xf81f,
    0xf81f, 0xf81f, 0xf81f, 0xf81f, 0xf81f, 0xf81f, 0xf81f, 0xf81f, 0xf81f, 0xf81f, 0xf81f, 0xf81f,
    0xf81f, 0xf81f, 0xf81f, 0xf81f, 0xf81f, 0xf81f, 0xf81f, 0xf81f, 0xf81f, 0xf81f, 0xf81f, 0xf81f,
    0xf81f, 0xf81f, 0xf81f, 0xf81f, 0xf81f, 0xf81f, 0xf81f, 0xf81f, 0xf81f, 0xf81f, 0xf81f, 0xf81f,
    0xf81f, 0xf81f, 0xf81f, 0xf81f, 0xf81f, 0xf81f, 0xf81f, 0xf81f, 0xf81f, 0xf81f, 0xf81f, 0xf81f,
    0xf81f, 0xf81f, 0xf81f, 0xf81f, 0xf81f, 0xf81f, 0xf81f, 0xf81f, 0xf81f, 0xf81f, 0xf81f, 0xf81f,
    0xf81f, 0xf81f, 0xf81f, 0xf81f, 0xf81f, 0xf81f, 0xf81f, 0xf81f, 0xf81f, 0xf81f, 0xf81f, 0xf81f,
    0xf81f, 0xf81f, 0xf81f, 0xf81f, 0xf81f, 0xf81f, 0xf81f, 0xf81f, 0xf81f, 0xf81f, 0xf81f, 0xf81f,
    0xf81f, 0xf81f, 0xf81f, 0xf81f, 0xf81f, 0xf81f, 0xf81f, 0xf81f, 0xf81f, 0xf81f, 0xf81f, 0xf81f,
    0xf81f, 0xf81f, 0xf81f, 0xf81f, 0xf81f, 0xf81f, 0xf81f, 0xf81f, 0xf81f, 0xf81f, 0xf81f, 0xf81f,
    0xf81f, 0xf81f, 0xf81f, 0xf81f, 0xf81f, 0xf81f, 0xf81f, 0xf81f, 0xf81f, 0xf81f, 0xf81f, 0xf81f,
    0xf81f, 0xf81f, 0xf81f, 0xf81f, 0xf81f, 0xf81f, 0xf81f, 0xf81f, 0xf81f, 0xf81f, 0xf81f, 0xf81f,
    0xf81f, 0xf81f, 0xf81f, 0xf81f, 0xf81f, 0xf81f, 0xf81f, 0xf81f, 0xf81f, 0xf81f, 0xf81f, 0xf81f,
    0xf81f, 0xf81f, 0xf81f, 0xf81f, 0xf81f, 0xf81f, 0xf81f, 0xf81f, 0xf81f, 0xf81f, 0xf81f, 0xf81f,
    0xf81f, 0xf81f, 0xf81f, 0xf81f, 0xf81f, 0xf81f, 0xf81f, 0xf81f, 0xf81f, 0xf81f, 0xf81f, 0xf81f,
    0xf81f, 0xf81f, 0xf81f, 0xf81f, 0xf81f, 0xf81f, 0xf81f, 0xf81f, 0xf81f, 0xf81f, 0xf81f, 0xf81f,
    0xf81f, 0xf81f, 0xf81f, 0xf81f, 0xf81f, 0xf81f, 0xf81f, 0xf81f, 0xf81f, 0xf81f, 0xf81f, 0xf81f,
    0xf81f, 0xf81f, 0xf81f, 0xf81f, 0xf81f, 0xf81f, 0xf81f, 0xf81f, 0xf81f, 0xf81f, 0xf81f, 0xf81f,
    0xf81f, 0xf81f, 0xf81f, 0xf81f, 0xf81f, 0xf81f, 0xf81f, 0xf81f, 0xf81f, 0xf81f, 0xf81f, 0xf81f,
    0xf81f, 0xf81f, 0xf81f, 0xf81f, 0xf81f, 0xf81f, 0xf81f, 0xf81f, 0xf81f, 0xf81f, 0xf81f, 0xf81f,
    0xf81f, 0xf81f, 0xf81f, 0xf81f, 0xf81f, 0xf81f, 0xf81f, 0xf81f, 0xf81f, 0xf81f, 0xf81f, 0xf81f,
    0xf81f, 0xf81f, 0xf81f, 0xf81f, 0xf81f, 0xf81f, 0xf81f, 0xf81f, 0xf81f, 0xf81f, 0xf81f, 0xf81f,
    0xf81f, 0xf81f, 0xf81f, 0xf81f, 0xf81f, 0xf81f, 0xf81f, 0xf81f, 0xf81f, 0xf81f, 0xf81f, 0xf81f,
    0xf81f, 0xf81f, 0xf81f, 0xf81f, 0xf81f, 0xf81f, 0xf81f, 0xf81f, 0xf81f, 0xf81f, 0xf81f, 0xf81f,
    0xf81f, 0xf81f, 0xf81f, 0xf81f, 0xf81f, 0xf81f, 0xf81f, 0xf81f, 0xf81f, 0xf81f, 0xf81f, 0xf81f,
    0xf81f, 0xf81f, 0xf81f, 0xf81f, 0xf81f, 0xf81f, 0xf81f, 0xf81f, 0xf81f, 0xf81f, 0xf81f, 0xf81f,
    0xf81f, 0xf81f, 0xf81f, 0xf81f, 0xf81f, 0xf81f, 0xf81f, 0xf81f, 0xf81f, 0xf81f, 0xf81f, 0xf81f,
    0xf81f, 0xf81f, 0xf81f, 0xf81f, 0xf81f, 0xf81f, 0xf81f, 0xf81f, 0xf81f, 0xf81f, 0xf81f, 0xf81f,
    0xf81f, 0xf81f, 0xf81f, 0xf81f, 0xf81f, 0xf81f, 0xf81f, 0xf81f, 0xf81f, 0xf81f, 0xf81f, 0xf81f,
    0xf81f, 0xf81f, 0xf81f, 0xf81f, 0xf81f, 0xf81f, 0xf81f, 0xf81f, 0xf81f, 0xf81f, 0xf81f, 0xf81f,
    0xf81f, 0xf81f, 0xf81f, 0xf81f, 0xf81f, 0xf81f, 0xf81f, 0xf81f, 0xf81f, 0xf81f, 0xf81f, 0xf81f,
    0xf81f, 0xf81f, 0xf81f, 0xf81f, 0xf81f, 0xf81f, 0xf81f, 0xf81f, 0xf81f, 0xf81f, 0xf81f, 0xf81f,
    0xf81f, 0xf81f, 0xf81f, 0xf81f, 0xf81f, 0xf81f, 0xf81f, 0xf81f, 0xf81f, 0xf81f, 0xf81f, 0xf81f,
    0xf81f, 0xf81f, 0xf81f, 0xf81f, 0xf81f, 0xf81f, 0xf81f, 0xf81f, 0xf81f, 0xf81f, 0xf81f, 0xf81f,
    0xf81f, 0xf81f, 0xf81f, 0xf81f, 0xf81f, 0xf81f, 0xf81f, 0xf81f, 0xf81f, 0xf81f, 0xf81f, 0xf81f,
    0xf81f, 0xf81f, 0xf81f, 0xf81f, 0xf81f, 0xf81f, 0xf81f, 0xf81f, 0xf81f, 0xf81f, 0xf81f, 0xf81f,
    0xf81f, 0xf81f, 0xf81f, 0xf81f, 0xf81f, 0xf81f, 0xf81f, 0xf81f, 0xf81f, 0xf81f, 0xf81f, 0xf81f,
    0xf81f, 0xf81f, 0xf81f, 0xf81f, 0xf81f, 0xf81f, 0xf81f, 0xf81f, 0xf81f, 0xf81f, 0xf81f, 0xf81f,
    0xf81f, 0xf81f, 0xf81f, 0xf81f, 0xf81f, 0xf81f, 0xf81f, 0xf81f, 0xf81f, 0xf81f, 0xf81f, 0xf81f,
    0xf81f, 0xf81f, 0xf81f, 0xf81f, 0xf81f, 0xf81f, 0xf81f, 0xf81f, 0xf81f, 0xf81f, 0xf81f, 0xf81f,
    0xf81f, 0xf81f, 0xf81f, 0xf81f, 0xf81f, 0xf81f, 0xf81f, 0xf81f, 0xf81f, 0xf81f, 0xf81f, 0xf81f,
    0xf81f, 0xf81f, 0xf81f, 0xf81f, 0xf81f, 0xf81f, 0xf81f, 0xf81f, 0xf81f, 0xf81f, 0xf81f, 0xf81f,
    0xf81f, 0xf81f, 0xf81f, 0xf81f, 0xf81f, 0xf81f, 0xf81f, 0xf81f, 0xf81f, 0xf81f, 0xf81f, 0xf81f,
    0xf81f, 0xf81f, 0xf81f, 0xf81f, 0xf81f, 0xf81f, 0xf81f, 0xf81f, 0xf81f, 0xf81f, 0xf81f, 0xf81f,
    0xf81f, 0xf81f, 0xf81f, 0xf81f, 0xf81f, 0xf81f, 0xf81f, 0xf81f, 0xf81f, 0xf81f, 0xf81f, 0xf81f,
    0xf81f, 0xf81f, 0xf81f, 0xf81f, 0xf81f, 0xf81f, 0xf81f, 0xf81f, 0xf81f, 0xf81f, 0xf81f, 0xf81f,
    0xf81f, 0xf81f, 0xf81f, 0xf81f, 0xf81f, 0xf81f, 0xf81f, 0xf81f, 0xf81f, 0xf81f, 0xf81f, 0xf81f,
    0xf81f, 0xf81f, 0xf81f, 0xf81f, 0xf81f, 0xf81f, 0xf81f, 0xf81f, 0xf81f, 0xf81f, 0xf81f, 0xf81f,
    0xf81f, 0xf81f, 0xf81f, 0xf81f, 0xf81f, 0xf81f, 0xf81f, 0xf81f, 0xf81f, 0xf81f, 0xf81f, 0xf81f,
    0xf81f, 0xf81f, 0xf81f, 0xf81f, 0xf81f, 0xf81f, 0xf81f, 0xf81f, 0xf81f, 0xf81f, 0xf81f, 0xf81f,
    0xf81f, 0xf81f, 0xf81f, 0xf81f, 0xf81f, 0xf81f, 0xf81f, 0xf81f, 0xf81f, 0xf81f, 0xf81f, 0xf81f,
    0xf81f, 0xf81f, 0xf81f, 0xf81f, 0xf81f, 0xf81f, 0xf81f, 0xf81f, 0xf81f, 0xf81f, 0xf81f, 0xf81f,
    0xf81f, 0xf81f, 0xf81f, 0xf81f, 0xf81f, 0xf81f, 0xf81f, 0xf81f, 0xf81f, 0xf81f, 0xf81f, 0xf81f,
    0xf81f, 0xf81f, 0xf81f, 0xf81f, 0xf81f, 0xf81f, 0xf81f, 0xf81f, 0xf81f, 0xf81f, 0xf81f, 0xf81f,
    0xf81f, 0xf81f, 0xf81f, 0xf81f, 0xf81f, 0xf81f, 0xf81f, 0xf81f, 0xf81f, 0xf81f, 0xf81f, 0xf81f,
    0xf81f, 0xf81f, 0xf81f, 0xf81f, 0xf81f, 0xf81f, 0xf81f, 0xf81f, 0xf81f, 0xf81f, 0xf81f, 0xf81f,
    0xf81f, 0xf81f, 0xf81f, 0xf81f, 0xf81f, 0xf81f, 0xf81f, 0xf81f, 0xf81f, 0xf81f, 0xf81f, 0xf81f,
    0xf81f, 0xf81f, 0xf81f, 0xf81f, 0xf81f, 0xf81f, 0xf81f, 0xf81f, 0xf81f, 0xf81f, 0xf81f, 0xf81f,
    0xf81f, 0xf81f, 0xf81f, 0xf81f, 0xf81f, 0xf81f, 0xf81f, 0xf81f, 0xf81f, 0xf81f, 0xf81f, 0xf81f,
    0xf81f, 0xf81f, 0xf81f, 0xf81f, 0xf81f, 0xf81f, 0xf81f, 0xf81f, 0xf81f, 0xf81f, 0xf81f, 0xf81f,
    0xf81f, 0xf81f, 0xf81f, 0xf81f, 0xf81f, 0xf81f, 0xf81f, 0xf81f, 0xf81f, 0xf81f, 0xf81f, 0xf81f,
    0xf81f, 0xf81f, 0xf81f, 0xf81f, 0xf81f, 0xf81f, 0xf81f, 0xf81f, 0xf81f, 0xf81f, 0xf81f, 0xf81f,
    0xf81f, 0xf81f, 0xf81f, 0xf81f, 0xf81f, 0xf81f, 0xf81f, 0xf81f, 0xf81f, 0xf81f, 0xf81f, 0xf81f,
    0xf81f, 0xf81f, 0xf81f, 0xf81f, 0xf81f, 0xf81f, 0xf81f, 0xf81f, 0xf81f, 0xf81f, 0xf81f, 0xf81f,
    0xf81f, 0xf81f, 0xf81f, 0xf81f, 0xf81f, 0xf81f, 0xf81f, 0xf81f, 0xf81f, 0xf81f, 0xf81f, 0xf81f,
    0xf81f, 0xf81f, 0xf81f, 0xf81f, 0xf81f, 0xf81f, 0xf81f, 0xf81f, 0xf81f, 0xf81f, 0xf81f, 0xf81f,
    0xf81f, 0xf81f, 0xf81f, 0xf81f, 0xf81f, 0xf81f, 0xf81f, 0xf81f, 0xf81f, 0xf81f, 0xf81f, 0xf81f,
    0xf81f, 0xf81f, 0xf81f, 0xf81f, 0xf81f, 0xf81f, 0xf81f, 0xf81f, 0xf81f, 0xf81f, 0xf81f, 0xf81f,
    0xf81f, 0xf81f, 0xf81f, 0xf81f, 0xf81f, 0xf81f, 0xf81f, 0xf81f, 0xf81f, 0xf81f, 0xf81f, 0xf81f,
    0xf81f, 0xf81f, 0xf81f, 0xf81f, 0xf81f, 0xf81f, 0xf81f, 0xf81f, 0xf81f, 0xf81f, 0xf81f, 0xf81f,
    0xf81f, 0xf81f, 0xf81f, 0xf81f, 0xf81f, 0xf81f, 0xf81f, 0xf81f, 0xf81f, 0xf81f, 0xf81f, 0xf81f,
    0xf81f, 0xf81f, 0xf81f, 0xf81f, 0xf81f, 0xf81f, 0xf81f, 0xf81f, 0xf81f, 0xf81f, 0xf81f, 0xf81f,
    0xf81f, 0xf81f, 0xf81f, 0xf81f, 0xf81f, 0xf81f, 0xf81f, 0xf81f, 0xf81f, 0xf81f, 0xf81f, 0xf81f,
    0xf81f, 0xf81f, 0xf81f, 0xf81f, 0xf81f, 0xf81f, 0xf81f, 0xf81f, 0xf81f, 0xf81f, 0xf81f, 0x3104,
    0x3104, 0x3104, 0x3104, 0x3104, 0xf81f, 0xf81f, 0xf81f, 0xf81f, 0xf81f, 0xf81f, 0xf81f, 0xf81f,
    0xf81f, 0xf81f, 0xf81f, 0xf81f, 0xf81f, 0xf81f, 0xf81f, 0xf81f, 0xf81f, 0xf81f, 0xf81f, 0xf81f,
    0xf81f, 0xf81f, 0xf81f, 0xf81f, 0x3104, 0x3104, 0x3104, 0x3104, 0x3104, 0xf81f, 0xf81f, 0xf81f,
    0xf81f, 0xf81f, 0xf81f, 0xf81f, 0xf81f, 0xf81f, 0xf81f, 0xf81f, 0xf81f, 0xf81f, 0xf81f, 0xf81f,
    0xf81f, 0xf81f, 0xf81f, 0xf81f, 0xf81f, 0xf81f, 0xf81f, 0xf81f, 0xf81f, 0xf81f, 0xf81f, 0xf81f,
    0x3104, 0x3104, 0x3104, 0x3104, 0x3104, 0xf81f, 0xf81f, 0xf81f, 0xf81f, 0xf81f, 0xf81f, 0xf81f,
    0xf81f, 0xf81f, 0xf81f, 0xf81f, 0xf81f, 0xf81f, 0xf81f, 0xf81f, 0xf81f, 0xf81f, 0xf81f, 0xf81f,
    0xf81f, 0xf81f, 0xf81f, 0xf81f, 0xf81f, 0xf81f, 0xf81f, 0xf81f, 0xf81f, 0xf81f, 0xf81f, 0xf81f,
    0xf81f, 0xf81f, 0xf81f, 0xf81f, 0xf81f, 0xf81f, 0xf81f, 0xf81f, 0xf81f, 0xf81f, 0xf81f, 0xf81f,
    0xf81f, 0xf81f, 0xf81f, 0xf81f, 0xf81f, 0xf81f, 0xf81f, 0xf81f, 0xf81f, 0xf81f, 0xf81f, 0xf81f,
    0xf81f, 0xf81f, 0xf81f, 0xf81f, 0xf81f, 0xf81f, 0x3104, 0xe684, 0xe684, 0xe684, 0xe684, 0x3104,
    0xf81f, 0xf81f, 0xf81f, 0xf81f, 0xf81f, 0xf81f, 0xf81f, 0xf81f, 0xf81f, 0xf81f, 0xf81f, 0xf81f,
    0xf81f, 0xf81f, 0xf81f, 0xf81f, 0xf81f, 0xf81f, 0xf81f, 0xf81f, 0xf81f, 0xf81f, 0xf81f, 0xf81f,
    0x3104, 0xe684, 0xe684, 0xe684, 0xe684, 0x3104, 0xf81f, 0xf81f, 0xf81f, 0xf81f, 0xf81f, 0xf81f,
    0xf81f, 0xf81f, 0xf81f, 0xf81f, 0xf81f, 0xf81f, 0xf81f, 0xf81f, 0xf81f, 0xf81f, 0xf81f, 0xf81f,
    0xf81f, 0xf81f, 0xf81f, 0xf81f, 0xf81f, 0xf81f, 0xf81f, 0xf81f, 0x3104, 0xe684, 0xe684, 0xe684,
    0xe684, 0x3104, 0xf81f, 0xf81f, 0xf81f, 0xf81f, 0xf81f, 0xf81f, 0xf81f, 0xf81f, 0xf81f, 0xf81f,
    0xf81f, 0xf81f, 0xf81f, 0xf81f, 0xf81f, 0xf81f, 0xf81f, 0xf81f, 0xf81f, 0xf81f, 0xf81f, 0xf81f,
    0xf81f, 0xf81f, 0xf81f, 0xf81f, 0x3104, 0x3104, 0x3104, 0x3104, 0x3104, 0xf81f, 0xf81f, 0xf81f,
    0xf81f, 0xf81f, 0xf81f, 0xf81f, 0xf81f, 0xf81f, 0xf81f, 0xf81f, 0xf81f, 0xf81f, 0xf81f, 0xf81f,
    0xf81f, 0xf81f, 0xf81f, 0xf81f, 0xf81f, 0xf81f, 0xf81f, 0xf81f, 0xf81f, 0xf81f, 0xf81f, 0xf81f,
    0xf81f, 0x3104, 0xe684, 0xe684, 0xe684, 0xe684, 0xe684, 0x3104, 0xf81f, 0xf81f, 0xf81f, 0xf81f,
    0xf81f, 0xf81f, 0xf81f, 0xf81f, 0xf81f, 0xf81f, 0xf81f, 0xf81f, 0xf81f, 0xf81f, 0xf81f, 0xf81f,
    0xf81f, 0xf81f, 0xf81f, 0xf81f, 0xf81f, 0xf81f, 0xf81f, 0xf81f, 0x3104, 0xe684, 0xe684, 0xe684,
    0xe684, 0xe684, 0x3104, 0xf81f, 0xf81f, 0xf81f, 0xf81f, 0xf81f, 0xf81f, 0xf81f, 0xf81f, 0xf81f,
    0xf81f, 0xf81f, 0xf81f, 0xf81f, 0xf81f, 0xf81f, 0xf81f, 0xf81f, 0xf81f, 0xf81f, 0xf81f, 0xf81f,
    0xf81f, 0xf81f, 0xf81f, 0xf81f, 0x3104, 0x3104, 0xe684, 0xe684, 0xe684, 0xe684, 0x3104, 0xf81f,
    0xf81f, 0xf81f, 0xf81f, 0xf81f, 0xf81f, 0xf81f, 0xf81f, 0xf81f, 0xf81f, 0xf81f, 0xf81f, 0xf81f,
    0xf81f, 0xf81f, 0xf81f, 0xf81f, 0xf81f, 0xf81f, 0xf81f, 0xf81f, 0xf81f, 0xf81f, 0xf81f, 0xf81f,
    0x3104, 0xe684, 0xe684, 0xe684, 0xe684, 0x3104, 0xf81f, 0xf81f, 0xf81f, 0xf81f, 0xf81f, 0xf81f,
    0xf81f, 0xf81f, 0xf81f, 0xf81f, 0xf81f, 0xf81f, 0xf81f, 0xf81f, 0xf81f, 0xf81f, 0xf81f, 0xf81f,
    0xf81f, 0xf81f, 0xf81f, 0xf81f, 0xf81f, 0xf81f, 0xf81f, 0xf81f, 0x3104, 0x3104, 0xe684, 0xf480,
    0xe684, 0xf480, 0xe684, 0x3104, 0x3104, 0xf81f, 0xf81f, 0xf81f, 0xf81f, 0xf81f, 0xf81f, 0xf81f,
    0xf81f, 0xf81f, 0xf81f, 0xf81f, 0xf81f, 0xf81f, 0xf81f, 0xf81f, 0xf81f, 0xf81f, 0xf81f, 0xf81f,
    0xf81f, 0xf81f, 0xf81f, 0x3104, 0x3104, 0xe684, 0xf480, 0xe684, 0xf480, 0xe684, 0x3104, 0x3104,
    0xf81f, 0xf81f, 0xf81f, 0xf81f, 0xf81f, 0xf81f, 0xf81f, 0xf81f, 0xf81f, 0xf81f, 0xf81f, 0xf81f,
    0xf81f, 0xf81f, 0xf81f, 0xf81f, 0xf81f, 0xf81f, 0xf81f, 0xf81f, 0xf81f, 0xf81f, 0xf81f, 0x3104,
    0x3104, 0xf480, 0xf480, 0xe684, 0xf480, 0x9510, 0x3104, 0x3104, 0xf81f, 0xf81f, 0xf81f, 0xf81f,
    0xf81f, 0xf81f, 0xf81f, 0xf81f, 0xf81f, 0xf81f, 0xf81f, 0xf81f, 0xf81f, 0xf81f, 0xf81f, 0xf81f,
    0xf81f, 0xf81f, 0xf81f, 0xf81f, 0xf81f, 0xf81f, 0xf81f, 0xf81f, 0x3104, 0x3104, 0xe684, 0xe684,
    0xe684, 0xe684, 0x3104, 0xf81f, 0xf81f, 0xf81f, 0xf81f, 0xf81f, 0xf81f, 0xf81f, 0xf81f, 0xf81f,
    0xf81f, 0xf81f, 0xf81f, 0xf81f, 0xf81f, 0xf81f, 0xf81f, 0xf81f, 0xf81f, 0xf81f, 0xf81f, 0xf81f,
    0xf81f, 0xf81f, 0xf81f, 0x3104, 0xe684, 0xe684, 0xe684, 0xe684, 0xe684, 0xe684, 0xe684, 0xe684,
    0xe684, 0x3104, 0xf81f, 0xf81f, 0xf81f, 0xf81f, 0xf81f, 0xf81f, 0xf81f, 0xf81f, 0xf81f, 0xf81f,
    0xf81f, 0xf81f, 0xf81f, 0xf81f, 0xf81f, 0xf81f, 0xf81f, 0xf81f, 0xf81f, 0xf81f, 0x3104, 0xe684,
    0xe684, 0xe684, 0xe684, 0xe684, 0xe684, 0xe684, 0xe684, 0xe684, 0x3104, 0xf81f, 0xf81f, 0xf81f,
    0xf81f, 0xf81f, 0xf81f, 0xf81f, 0xf81f, 0xf81f, 0xf81f, 0xf81f, 0xf81f, 0xf81f, 0xf81f, 0xf81f,
    0xf81f, 0xf81f, 0xf81f, 0xf81f, 0xf81f, 0xf81f, 0x3104, 0xe684, 0xe684, 0xe684, 0xf480, 0xf480,
    0x9510, 0xf592, 0xf592, 0xf592, 0x3104, 0xf81f, 0xf81f, 0xf81f, 0xf81f, 0xf81f, 0xf81f, 0xf81f,
    0xf81f, 0xf81f, 0xf81f, 0xf81f, 0xf81f, 0xf81f, 0xf81f, 0xf81f, 0xf81f, 0xf81f, 0xf81f, 0xf81f,
    0xf81f, 0xf81f, 0xf81f, 0x3104, 0x3104, 0xf480, 0xf480, 0xe684, 0xf480, 0x9510, 0x3104, 0x3104,
    0xf81f, 0xf81f, 0xf81f, 0xf81f, 0xf81f, 0xf81f, 0xf81f, 0xf81f, 0xf81f, 0xf81f, 0xf81f, 0xf81f,
    0xf81f, 0xf81f, 0xf81f, 0xf81f, 0xf81f, 0xf81f, 0xf81f, 0xf81f, 0xf81f, 0xf81f, 0x3104, 0xe684,
    0xe684, 0xf480, 0xe684, 0xe684, 0xe684, 0xe684, 0xe684, 0xe684, 0xf480, 0xe684, 0x3104, 0xf81f,
    0xf81f, 0xf81f, 0xf81f, 0xf81f, 0xf81f, 0xf81f, 0xf81f, 0xf81f, 0xf81f, 0xf81f, 0xf81f, 0xf81f,
    0xf81f, 0xf81f, 0xf81f, 0xf81f, 0xf81f, 0x3104, 0xe684, 0xf480, 0xe684, 0xe684, 0xe684, 0xe684,
    0xe684, 0xe684, 0xf480, 0xe684, 0xe684, 0x3104, 0xf81f, 0xf81f, 0xf81f, 0xf81f, 0xf81f, 0xf81f,
    0xf81f, 0xf81f, 0xf81f, 0xf81f, 0xf81f, 0xf81f, 0xf81f, 0xf81f, 0xf81f, 0xf81f, 0xf81f, 0xf81f,
    0xf81f, 0x3104, 0xe684, 0xf480, 0xe684, 0xe684, 0xe684, 0x9510, 0xf592, 0xf592, 0xf592, 0xf592,
    0xf592, 0x3104, 0xf81f, 0xf81f, 0xf81f, 0xf81f, 0xf81f, 0xf81f, 0xf81f, 0xf81f, 0xf81f, 0xf81f,
    0xf81f, 0xf81f, 0xf81f, 0xf81f, 0xf81f, 0xf81f, 0xf81f, 0xf81f, 0xf81f, 0xf81f, 0x3104, 0xe684,
    0xe684, 0xe684, 0xf480, 0xf480, 0x9510, 0xf592, 0xf592, 0xf592, 0x3104, 0xf81f, 0xf81f, 0xf81f,
    0xf81f, 0xf81f, 0xf81f, 0xf81f, 0xf81f, 0xf81f, 0xf81f, 0xf81f, 0xf81f, 0xf81f, 0xf81f, 0xf81f,
    0xf81f, 0xf81f, 0xf81f, 0xf81f, 0xf81f, 0xf81f, 0x3104, 0xe684, 0xe684, 0xe684, 0xe684, 0xe684,
    0xe684, 0xe684, 0xe684, 0xe684, 0xf480, 0xe684, 0x3104, 0xf81f, 0xf81f, 0xf81f, 0xf81f, 0xf81f,
    0xf81f, 0xf81f, 0xf81f, 0xf81f, 0xf81f, 0xf81f, 0xf81f, 0xf81f, 0xf81f, 0xf81f, 0xf81f, 0xf81f,
    0xf81f, 0x3104, 0xe684, 0xf480, 0xe684, 0xe684, 0xe684, 0xe684, 0xe684, 0xe684, 0xe684, 0xe684,
    0xe684, 0x3104, 0xf81f, 0xf81f, 0xf81f, 0xf81f, 0xf81f, 0xf81f, 0xf81f, 0xf81f, 0xf81f, 0xf81f,
    0xf81f, 0xf81f, 0xf81f, 0xf81f, 0xf81f, 0xf81f, 0xf81f, 0xf81f, 0xf81f, 0x3104, 0xe684, 0xf480,
    0xe684, 0xf480, 0x3104, 0x3104, 0x3104, 0x3104, 0x3104, 0x3104, 0x3104, 0x3104, 0xf81f, 0xf81f,
    0xf81f, 0xf81f, 0xf81f, 0xf81f, 0xf81f, 0xf81f, 0xf81f, 0xf81f, 0xf81f, 0xf81f, 0xf81f, 0xf81f,
    0xf81f, 0xf81f, 0xf81f, 0xf81f, 0xf81f, 0x3104, 0xe684, 0xf480, 0xe684, 0xe684, 0xe684, 0x9510,
    0xf592, 0xf592, 0xf592, 0xf592, 0xf592, 0x3104, 0xf81f, 0xf81f, 0xf81f, 0xf81f, 0xf81f, 0xf81f,
    0xf81f, 0xf81f, 0xf81f, 0xf81f, 0xf81f, 0xf81f, 0xf81f, 0xf81f, 0xf81f, 0xf81f, 0xf81f, 0xf81f,
    0xf81f, 0x3104, 0xf592, 0xe684, 0xf480, 0xe684, 0xf480, 0xf480, 0xe684, 0xe684, 0xe684, 0xe684,
    0xf480, 0xe684, 0xf592, 0x3104, 0xf81f, 0xf81f, 0xf81f, 0xf81f, 0xf81f, 0xf81f, 0xf81f, 0xf81f,
    0xf81f, 0xf81f, 0xf81f, 0xf81f, 0xf81f, 0xf81f, 0xf81f, 0xf81f, 0x3104, 0xf592, 0xe684, 0xf480,
    0xe684, 0xe684, 0xe684, 0xe684, 0xf480, 0xf480, 0xe684, 0xf480, 0xe684, 0xf592, 0x3104, 0xf81f,
    0xf81f, 0xf81f, 0xf81f, 0xf81f, 0xf81f, 0xf81f, 0xf81f, 0xf81f, 0xf81f, 0xf81f, 0xf81f, 0xf81f,
    0xf81f, 0xf81f, 0xf81f, 0xf81f, 0x3104, 0xe684, 0xf480, 0xf480, 0xe684, 0xf480, 0x3104, 0xf592,
    0xcccf, 0xcccf, 0xcccf, 0x3104, 0x3104, 0x3104, 0xf81f, 0xf81f, 0xf81f, 0xf81f, 0xf81f, 0xf81f,
    0xf81f, 0xf81f, 0xf81f, 0xf81f, 0xf81f, 0xf81f, 0xf81f, 0xf81f, 0xf81f, 0xf81f, 0xf81f, 0xf81f,
    0xf81f, 0x3104, 0xe684, 0xf480, 0xe684, 0xf480, 0x3104, 0x3104, 0x3104, 0x3104, 0x3104, 0x3104,
    0x3104, 0x3104, 0xf81f, 0xf81f, 0xf81f, 0xf81f, 0xf81f, 0xf81f, 0xf81f, 0xf81f, 0xf81f, 0xf81f,
    0xf81f, 0xf81f, 0xf81f, 0xf81f, 0xf81f, 0xf81f, 0xf81f, 0xf81f, 0xf81f, 0x3104, 0xcccf, 0xf480,
    0xf480, 0xe684, 0xf480, 0xe684, 0xe684, 0xe684, 0xf480, 0xe684, 0xf480, 0xcccf, 0xcccf, 0x3104,
    0xf81f, 0xf81f, 0xf81f, 0xf81f, 0xf81f, 0xf81f, 0xf81f, 0xf81f, 0xf81f, 0xf81f, 0xf81f, 0xf81f,
    0xf81f, 0xf81f, 0xf81f, 0xf81f, 0x3104, 0xcccf, 0xcccf, 0xf480, 0xe684, 0xf480, 0xe684, 0xe684,
    0xe684, 0xf480, 0xe684, 0xf480, 0xf480, 0xcccf, 0x3104, 0xf81f, 0xf81f, 0xf81f, 0xf81f, 0xf81f,
    0xf81f, 0xf81f, 0xf81f, 0xf81f, 0xf81f, 0xf81f, 0xf81f, 0xf81f, 0xf81f, 0xf81f, 0xf81f, 0xf81f,
    0x3104, 0xe684, 0xf480, 0xe684, 0xe684, 0x9510, 0x3104, 0x3104, 0xf592, 0xf592, 0xf592, 0xcccf,
    0x3104, 0xcccf, 0x3104, 0xf81f, 0xf81f, 0xf81f, 0xf81f, 0xf81f, 0xf81f, 0xf81f, 0xf81f, 0xf81f,
    0xf81f, 0xf81f, 0xf81f, 0xf81f, 0xf81f, 0xf81f, 0xf81f, 0xf81f, 0x3104, 0xe684, 0xf480, 0xf480,
    0xe684, 0xf480, 0x3104, 0xf592, 0xcccf, 0xcccf, 0xcccf, 0x3104, 0x3104, 0x3104, 0xf81f, 0xf81f,
    0xf81f, 0xf81f, 0xf81f, 0xf81f, 0xf81f, 0xf81f, 0xf81f, 0xf81f, 0xf81f, 0xf81f, 0xf81f, 0xf81f,
    0xf81f, 0xf81f, 0xf81f, 0xf81f, 0xf81f, 0xf81f, 0x3104, 0xf480, 0xf480, 0xe684, 0xf480, 0xe684,
    0xe684, 0xe684, 0xe684, 0xe684, 0xf480, 0xf592, 0x3104, 0xf81f, 0xf81f, 0xf81f, 0xf81f, 0xf81f,
    0xf81f, 0xf81f, 0xf81f, 0xf81f, 0xf81f, 0xf81f, 0xf81f, 0xf81f, 0xf81f, 0xf81f, 0xf81f, 0xf81f,
    0xf81f, 0x3104, 0xf592, 0xf480, 0xe684, 0xe684, 0xe684, 0xe684, 0xe684, 0xf480, 0xe684, 0xf480,
    0xf480, 0x3104, 0xf81f, 0xf81f, 0xf81f, 0xf81f, 0xf81f, 0xf81f, 0xf81f, 0xf81f, 0xf81f, 0xf81f,
    0xf81f, 0xf81f, 0xf81f, 0xf81f, 0xf81f, 0xf81f, 0xf81f, 0xf81f, 0xf81f, 0x3104, 0xf480, 0xe684,
    0xf480, 0x9510, 0xcccf, 0xf592, 0xf592, 0xf592, 0xf592, 0xf592, 0xf592, 0xf592, 0x3104, 0xf81f,
    0xf81f, 0xf81f, 0xf81f, 0xf81f, 0xf81f, 0xf81f, 0xf81f, 0xf81f, 0xf81f, 0xf81f, 0xf81f, 0xf81f,
    0xf81f, 0xf81f, 0xf81f, 0xf81f, 0x3104, 0xe684, 0xf480, 0xe684, 0xe684, 0x9510, 0x3104, 0x3104,
    0xf592, 0xf592, 0xf592, 0xcccf, 0x3104, 0xcccf, 0x3104, 0xf81f, 0xf81f, 0xf81f, 0xf81f, 0xf81f,
    0xf81f, 0xf81f, 0xf81f, 0xf81f, 0xf81f, 0xf81f, 0xf81f, 0xf81f, 0xf81f, 0xf81f, 0xf81f, 0xf81f,
    0xf81f, 0xf81f, 0x3104, 0xe684, 0xf480, 0xe684, 0xe684, 0xe684, 0xe684, 0xe684, 0xe684, 0xf480,
    0xf592, 0xf592, 0x3104, 0xf81f, 0xf81f, 0xf81f, 0xf81f, 0xf81f, 0xf81f, 0xf81f, 0xf81f, 0xf81f,
    0xf81f, 0xf81f, 0xf81f, 0xf81f, 0xf81f, 0xf81f, 0xf81f, 0xf81f, 0xf81f, 0x3104, 0xf592, 0xf592,
    0xf480, 0xe684, 0xe684, 0xe684, 0xe684, 0xe684, 0xe684, 0xf480, 0xe684, 0x3104, 0xf81f, 0xf81f,
    0xf81f, 0xf81f, 0xf81f, 0xf81f, 0xf81f, 0xf81f, 0xf81f, 0xf81f, 0xf81f, 0xf81f, 0xf81f, 0xf81f,
    0xf81f, 0xf81f, 0xf81f, 0xf81f, 0xf81f, 0x3104, 0xe684, 0xe684, 0x9510, 0x3104, 0xf592, 0xf592,
    0x538c, 0xf592, 0xf592, 0xf592, 0xcccf, 0x3104, 0xf81f, 0xf81f, 0xf81f, 0xf81f, 0xf81f, 0xf81f,
    0xf81f, 0xf81f, 0xf81f, 0xf81f, 0xf81f, 0xf81f, 0xf81f, 0xf81f, 0xf81f, 0xf81f, 0xf81f, 0xf81f,
    0xf81f, 0x3104, 0xf480, 0xe684, 0xf480, 0x9510, 0xcccf, 0xf592, 0xf592, 0xf592, 0xf592, 0xf592,
    0xf592, 0xf592, 0x3104, 0xf81f, 0xf81f, 0xf81f, 0xf81f, 0xf81f, 0xf81f, 0xf81f, 0xf81f, 0xf81f,
    0xf81f, 0xf81f, 0xf81f, 0xf81f, 0xf81f, 0xf81f, 0xf81f, 0xf81f, 0xf81f, 0xf81f, 0xf81f, 0x3104,
    0xe684, 0xe684, 0xf480, 0xf480, 0xe684, 0xe684, 0xf480, 0xf592, 0xf592, 0x3104, 0xf81f, 0xf81f,
    0xf81f, 0xf81f, 0xf81f, 0xf81f, 0xf81f, 0xf81f, 0xf81f, 0xf81f, 0xf81f, 0xf81f, 0xf81f, 0xf81f,
    0xf81f, 0xf81f, 0xf81f, 0xf81f, 0xf81f, 0xf81f, 0x3104, 0xf592, 0xf592, 0xf480, 0xe684, 0xe684,
    0xf480, 0xf480, 0xe684, 0xe684, 0x3104, 0xf81f, 0xf81f, 0xf81f, 0xf81f, 0xf81f, 0xf81f, 0xf81f,
    0xf81f, 0xf81f, 0xf81f, 0xf81f, 0xf81f, 0xf81f, 0xf81f, 0xf81f, 0xf81f, 0xf81f, 0xf81f, 0xf81f,
    0x3104, 0xe684, 0xf480, 0xe684, 0xf480, 0x3104, 0xf592, 0xf592, 0x9510, 0x538c, 0xf592, 0x9006,
    0xcccf, 0x3104, 0xf81f, 0xf81f, 0xf81f, 0xf81f, 0xf81f, 0xf81f, 0xf81f, 0xf81f, 0xf81f, 0xf81f,
    0xf81f, 0xf81f, 0xf81f, 0xf81f, 0xf81f, 0xf81f, 0xf81f, 0xf81f, 0xf81f, 0x3104, 0xe684, 0xe684,
    0x9510, 0x3104, 0xf592, 0xf592, 0x538c, 0xf592, 0xf592, 0xf592, 0xcccf, 0x3104, 0xf81f, 0xf81f,
    0xf81f, 0xf81f, 0xf81f, 0xf81f, 0xf81f, 0xf81f, 0xf81f, 0xf81f, 0xf81f, 0xf81f, 0xf81f, 0xf81f,
    0xf81f, 0xf81f, 0xf81f, 0xf81f, 0xf81f, 0x3104, 0x3104, 0x3104, 0x3104, 0xe684, 0xe684, 0xf480,
    0xe684, 0xf480, 0x3104, 0xf592, 0x3104, 0x9006, 0x3104, 0xf81f, 0xf81f, 0xf81f, 0xf81f, 0xf81f,
    0xf81f, 0xf81f, 0xf81f, 0xf81f, 0xf81f, 0xf81f, 0xf81f, 0xf81f, 0xf81f, 0xf81f, 0xf81f, 0xf81f,
    0xf81f, 0x3104, 0x9006, 0x3104, 0xf592, 0x3104, 0xf480, 0xe684, 0xf480, 0xe684, 0xe684, 0x3104,
    0x3104, 0x3104, 0x3104, 0xf81f, 0xf81f, 0xf81f, 0xf81f, 0xf81f, 0xf81f, 0xf81f, 0xf81f, 0xf81f,
    0xf81f, 0xf81f, 0xf81f, 0xf81f, 0xf81f, 0xf81f, 0xf81f, 0xf81f, 0x3104, 0xe684, 0xf480, 0xe684,
    0xf480, 0xf480, 0x3104, 0xf592, 0xf592, 0x538c, 0xf592, 0xf592, 0x9006, 0x3104, 0xf81f, 0xf81f,
    0xf81f, 0xf81f, 0xf81f, 0xf81f, 0xf81f, 0xf81f, 0xf81f, 0xf81f, 0xf81f, 0xf81f, 0xf81f, 0xf81f,
    0xf81f, 0xf81f, 0xf81f, 0xf81f, 0x3104, 0xe684, 0xf480, 0xe684, 0xf480, 0x3104, 0xf592, 0xf592,
    0x9510, 0x538c, 0xf592, 0x9006, 0xcccf, 0x3104, 0xf81f, 0xf81f, 0xf81f, 0xf81f, 0xf81f, 0xf81f,
    0xf81f, 0xf81f, 0xf81f, 0xf81f, 0xf81f, 0xf81f, 0xf81f, 0xf81f, 0xf81f, 0xf81f, 0xf81f, 0xf81f,
    0x3104, 0xf592, 0x3104, 0xf00c, 0x3104, 0xe684, 0xf480, 0xf480, 0xe684, 0xf480, 0x3104, 0x3104,
    0x9006, 0x9006, 0x3104, 0xf81f, 0xf81f, 0xf81f, 0xf81f, 0xf81f, 0xf81f, 0xf81f, 0xf81f, 0xf81f,
    0xf81f, 0xf81f, 0xf81f, 0xf81f, 0xf81f, 0xf81f, 0xf81f, 0xf81f, 0xf81f, 0x3104, 0x9006, 0x9006,
    0x3104, 0x3104, 0xf480, 0xe684, 0xf480, 0xf480, 0xe684, 0x3104, 0xf00c, 0x3104, 0xf592, 0x3104,
    0xf81f, 0xf81f, 0xf81f, 0xf81f, 0xf81f, 0xf81f, 0xf81f, 0xf81f, 0xf81f, 0xf81f, 0xf81f, 0xf81f,
    0xf81f, 0xf81f, 0xf81f, 0xf81f, 0x3104, 0xf480, 0xe684, 0xf480, 0xf480, 0xf480, 0x3104, 0x3104,
    0xf592, 0x9510, 0xcccf, 0xcccf, 0x3104, 0xf81f, 0xf81f, 0xf81f, 0xf81f, 0xf81f, 0xf81f, 0xf81f,
    0xf81f, 0xf81f, 0xf81f, 0xf81f, 0xf81f, 0xf81f, 0xf81f, 0xf81f, 0xf81f, 0xf81f, 0xf81f, 0xf81f,
    0x3104, 0xe684, 0xf480, 0xe684, 0xf480, 0xf480, 0x3104, 0xf592, 0xf592, 0x538c, 0xf592, 0xf592,
    0x9006, 0x3104, 0xf81f, 0xf81f, 0xf81f, 0xf81f, 0xf81f, 0xf81f, 0xf81f, 0xf81f, 0xf81f, 0xf81f,
    0xf81f, 0xf81f, 0xf81f, 0xf81f, 0xf81f, 0xf81f, 0xf81f, 0xf81f, 0x3104, 0xf592, 0x3104, 0xf00c,
    0x3104, 0xe684, 0xe684, 0xe684, 0xe684, 0xf480, 0x3104, 0x9006, 0x9006, 0xf00c, 0xf00c, 0x3104,
    0xf81f, 0xf81f, 0xf81f, 0xf81f, 0xf81f, 0xf81f, 0xf81f, 0xf81f, 0xf81f, 0xf81f, 0xf81f, 0xf81f,
    0xf81f, 0xf81f, 0xf81f, 0xf81f, 0x3104, 0xf00c, 0xf00c, 0x9006, 0x9006, 0x3104, 0xf480, 0xe684,
    0xe684, 0xe684, 0xe684, 0x3104, 0xf00c, 0x3104, 0xf592, 0x3104, 0xf81f, 0xf81f, 0xf81f, 0xf81f,
    0xf81f, 0xf81f, 0xf81f, 0xf81f, 0xf81f, 0xf81f, 0xf81f, 0xf81f, 0xf81f, 0xf81f, 0xf81f, 0xf81f,
    0xf81f, 0x3104, 0xe684, 0xf480, 0xf480, 0x3104, 0xf00c, 0xf00c, 0x3104, 0x3104, 0x3104, 0x3104,
    0xf81f, 0xf81f, 0xf81f, 0xf81f, 0xf81f, 0xf81f, 0xf81f, 0xf81f, 0xf81f, 0xf81f, 0xf81f, 0xf81f,
    0xf81f, 0xf81f, 0xf81f, 0xf81f, 0xf81f, 0xf81f, 0xf81f, 0xf81f, 0x3104, 0xf480, 0xe684, 0xf480,
    0xf480, 0xf480, 0x3104, 0x3104, 0xf592, 0x9510, 0xcccf, 0xcccf, 0x3104, 0xf81f, 0xf81f, 0xf81f,
    0xf81f, 0xf81f, 0xf81f, 0xf81f, 0xf81f, 0xf81f, 0xf81f, 0xf81f, 0xf81f, 0xf81f, 0xf81f, 0xf81f,
    0xf81f, 0xf81f, 0xf81f, 0xf81f, 0x3104, 0x3104, 0x9006, 0x3104, 0x9006, 0x3104, 0xf480, 0x3104,
    0xf480, 0x3104, 0x9006, 0x9006, 0xf00c, 0x3104, 0xf00c, 0x3104, 0xf81f, 0xf81f, 0xf81f, 0xf81f,
    0xf81f, 0xf81f, 0xf81f, 0xf81f, 0xf81f, 0xf81f, 0xf81f, 0xf81f, 0xf81f, 0xf81f, 0xf81f, 0xf81f,
    0x3104, 0xf00c, 0x3104, 0xf00c, 0x9006, 0x9006, 0x3104, 0xf480, 0x3104, 0xf480, 0x3104, 0x9006,
    0x3104, 0x9006, 0x3104, 0x3104, 0xf81f, 0xf81f, 0xf81f, 0xf81f, 0xf81f, 0xf81f, 0xf81f, 0xf81f,
    0xf81f, 0xf81f, 0xf81f, 0xf81f, 0xf81f, 0xf81f, 0xf81f, 0xf81f, 0xf81f, 0x3104, 0xe684, 0xf480,
    0x3104, 0xf00c, 0x9006, 0x3104, 0xf00c, 0x3104, 0xce59, 0x3104, 0xf81f, 0xf81f, 0xf81f, 0xf81f,
    0xf81f, 0xf81f, 0xf81f, 0xf81f, 0xf81f, 0xf81f, 0xf81f, 0xf81f, 0xf81f, 0xf81f, 0xf81f, 0xf81f,
    0xf81f, 0xf81f, 0xf81f, 0xf81f, 0xf81f, 0x3104, 0xe684, 0xf480, 0xf480, 0x3104, 0xf00c, 0xf00c,
    0x3104, 0x3104, 0x3104, 0x3104, 0xf81f, 0xf81f, 0xf81f, 0xf81f, 0xf81f, 0xf81f, 0xf81f, 0xf81f,
    0xf81f, 0xf81f, 0xf81f, 0xf81f, 0xf81f, 0xf81f, 0xf81f, 0xf81f, 0xf81f, 0xf81f, 0xf81f, 0xf81f,
    0x3104, 0xf00c, 0x9006, 0x3104, 0xf00c, 0x9006, 0x3104, 0x9006, 0x3104, 0x9006, 0xf00c, 0x9006,
    0xf00c, 0x3104, 0xf00c, 0x3104, 0xf81f, 0xf81f, 0xf81f, 0xf81f, 0xf81f, 0xf81f, 0xf81f, 0xf81f,
    0xf81f, 0xf81f, 0xf81f, 0xf81f, 0xf81f, 0xf81f, 0xf81f, 0xf81f, 0x3104, 0xf00c, 0x3104, 0xf00c,
    0x9006, 0xf00c, 0x9006, 0x3104, 0x9006, 0x3104, 0x9006, 0xf00c, 0x3104, 0x9006, 0xf00c, 0x3104,
    0xf81f, 0xf81f, 0xf81f, 0xf81f, 0xf81f, 0xf81f, 0xf81f, 0xf81f, 0xf81f, 0xf81f, 0xf81f, 0xf81f,
    0xf81f, 0xf81f, 0xf81f, 0xf81f, 0xf81f, 0xf81f, 0x3104, 0x3104, 0x9006, 0xf00c, 0x9006, 0xf00c,
    0x9006, 0xf00c, 0xf79e, 0x9006, 0x3104, 0xf81f, 0xf81f, 0xf81f, 0xf81f, 0xf81f, 0xf81f, 0xf81f,
    0xf81f, 0xf81f, 0xf81f, 0xf81f, 0xf81f, 0xf81f, 0xf81f, 0xf81f, 0xf81f, 0xf81f, 0xf81f, 0xf81f,
    0xf81f, 0x3104, 0xe684, 0xf480, 0xf480, 0x3104, 0x9006, 0xf00c, 0x9006, 0x3104, 0xce59, 0x3104,
    0xf81f, 0xf81f, 0xf81f, 0xf81f, 0xf81f, 0xf81f, 0xf81f, 0xf81f, 0xf81f, 0xf81f, 0xf81f, 0xf81f,
    0xf81f, 0xf81f, 0xf81f, 0xf81f, 0xf81f, 0xf81f, 0xf81f, 0xf81f, 0xf81f, 0x3104, 0x3104, 0x9006,
    0xf00c, 0x9006, 0xf00c, 0x9006, 0xf00c, 0x9006, 0xf00c, 0x9006, 0xf00c, 0x9006, 0x3104, 0xf81f,
    0xf81f, 0xf81f, 0xf81f, 0xf81f, 0xf81f, 0xf81f, 0xf81f, 0xf81f, 0xf81f, 0xf81f, 0xf81f, 0xf81f,
    0xf81f, 0xf81f, 0xf81f, 0xf81f, 0xf81f, 0x3104, 0x9006, 0xf00c, 0x9006, 0xf00c, 0x9006, 0xf00c,
    0x9006, 0xf00c, 0x9006, 0xf00c, 0x9006, 0x3104, 0x3104, 0xf81f, 0xf81f, 0xf81f, 0xf81f, 0xf81f,
    0xf81f, 0xf81f, 0xf81f, 0xf81f, 0xf81f, 0xf81f, 0xf81f, 0xf81f, 0xf81f, 0xf81f, 0xf81f, 0xf81f,
    0xf81f, 0xf81f, 0xf81f, 0x3104, 0x9006, 0xf00c, 0x9006, 0xf00c, 0x9006, 0xf00c, 0x9006, 0xce59,
    0x3104, 0xf81f, 0xf81f, 0xf81f, 0xf81f, 0xf81f, 0xf81f, 0xf81f, 0xf81f, 0xf81f, 0xf81f, 0xf81f,
    0xf81f, 0xf81f, 0xf81f, 0xf81f, 0xf81f, 0xf81f, 0xf81f, 0xf81f, 0xf81f, 0xf81f, 0x3104, 0x3104,
    0x3104, 0xf00c, 0x9006, 0xf00c, 0x9006, 0xf00c, 0xf79e, 0x9006, 0x3104, 0xf81f, 0xf81f, 0xf81f,
    0xf81f, 0xf81f, 0xf81f, 0xf81f, 0xf81f, 0xf81f, 0xf81f, 0xf81f, 0xf81f, 0xf81f, 0xf81f, 0xf81f,
    0xf81f, 0xf81f, 0xf81f, 0xf81f, 0xf81f, 0xf81f, 0x3104, 0x9006, 0xf00c, 0x9006, 0xf00c, 0x3104,
    0x3104, 0x3104, 0x3104, 0x3104, 0x3104, 0x9006, 0x3104, 0xf81f, 0xf81f, 0xf81f, 0xf81f, 0xf81f,
    0xf81f, 0xf81f, 0xf81f, 0xf81f, 0xf81f, 0xf81f, 0xf81f, 0xf81f, 0xf81f, 0xf81f, 0xf81f, 0xf81f,
    0xf81f, 0x3104, 0x9006, 0x3104, 0x3104, 0x3104, 0x3104, 0x3104, 0x3104, 0xf00c, 0x9006, 0xf00c,
    0x9006, 0x3104, 0xf81f, 0xf81f, 0xf81f, 0xf81f, 0xf81f, 0xf81f, 0xf81f, 0xf81f, 0xf81f, 0xf81f,
    0xf81f, 0xf81f, 0xf81f, 0xf81f, 0xf81f, 0xf81f, 0xf81f, 0xf81f, 0xf81f, 0xf81f, 0xf81f, 0x3104,
    0x9006, 0xf592, 0xf79e, 0xf00c, 0x9006, 0xf00c, 0x9006, 0x9006, 0x3104, 0xf81f, 0xf81f, 0xf81f,
    0xf81f, 0xf81f, 0xf81f, 0xf81f, 0xf81f, 0xf81f, 0xf81f, 0xf81f, 0xf81f, 0xf81f, 0xf81f, 0xf81f,
    0xf81f, 0xf81f, 0xf81f, 0xf81f, 0xf81f, 0xf81f, 0xf81f, 0xf81f, 0x3104, 0xf00c, 0x3104, 0xf00c,
    0x9006, 0xf592, 0xf79e, 0xce59, 0x3104, 0xf81f, 0xf81f, 0xf81f, 0xf81f, 0xf81f, 0xf81f, 0xf81f,
    0xf81f, 0xf81f, 0xf81f, 0xf81f, 0xf81f, 0xf81f, 0xf81f, 0xf81f, 0xf81f, 0xf81f, 0xf81f, 0xf81f,
    0xf81f, 0xf81f, 0xf81f, 0x3104, 0x3104, 0x3104, 0x3104, 0x9006, 0x9006, 0x9006, 0x9006, 0x9006,
    0x9006, 0x3104, 0xf81f, 0xf81f, 0xf81f, 0xf81f, 0xf81f, 0xf81f, 0xf81f, 0xf81f, 0xf81f, 0xf81f,
    0xf81f, 0xf81f, 0xf81f, 0xf81f, 0xf81f, 0xf81f, 0xf81f, 0xf81f, 0xf81f, 0xf81f, 0x3104, 0x9006,
    0x9006, 0x9006, 0x9006, 0x9006, 0x9006, 0x3104, 0x3104, 0x3104, 0x3104, 0xf81f, 0xf81f, 0xf81f,
    0xf81f, 0xf81f, 0xf81f, 0xf81f, 0xf81f, 0xf81f, 0xf81f, 0xf81f, 0xf81f, 0xf81f, 0xf81f, 0xf81f,
    0xf81f, 0xf81f, 0xf81f, 0xf81f, 0xf81f, 0xf81f, 0xf81f, 0xf81f, 0x3104, 0xcccf, 0xf592, 0x9006,
    0x9006, 0x3104, 0x3104, 0x3104, 0xf81f, 0xf81f, 0xf81f, 0xf81f, 0xf81f, 0xf81f, 0xf81f, 0xf81f,
    0xf81f, 0xf81f, 0xf81f, 0xf81f, 0xf81f, 0xf81f, 0xf81f, 0xf81f, 0xf81f, 0xf81f, 0xf81f, 0xf81f,
    0xf81f, 0xf81f, 0xf81f, 0x3104, 0x3104, 0x9006, 0x9006, 0x3104, 0x3104, 0xcccf, 0xf592, 0x9006,
    0x3104, 0xf81f, 0xf81f, 0xf81f, 0xf81f, 0xf81f, 0xf81f, 0xf81f, 0xf81f, 0xf81f, 0xf81f, 0xf81f,
    0xf81f, 0xf81f, 0xf81f, 0xf81f, 0xf81f, 0xf81f, 0xf81f, 0xf81f, 0xf81f, 0xf81f, 0xf81f, 0x3104,
    0x9006, 0x9006, 0x9006, 0x3104, 0x9006, 0x3104, 0x9510, 0x9510, 0x3104, 0x3104, 0xf81f, 0xf81f,
    0xf81f, 0xf81f, 0xf81f, 0xf81f, 0xf81f, 0xf81f, 0xf81f, 0xf81f, 0xf81f, 0xf81f, 0xf81f, 0xf81f,
    0xf81f, 0xf81f, 0xf81f, 0xf81f, 0xf81f, 0xf81f, 0x3104, 0x3104, 0x9510, 0x9510, 0x3104, 0x9006,
    0x3104, 0x9006, 0x9006, 0x9006, 0x3104, 0xf81f, 0xf81f, 0xf81f, 0xf81f, 0xf81f, 0xf81f, 0xf81f,
    0xf81f, 0xf81f, 0xf81f, 0xf81f, 0xf81f, 0xf81f, 0xf81f, 0xf81f, 0xf81f, 0xf81f, 0xf81f, 0xf81f,
    0xf81f, 0xf81f, 0xf81f, 0xf81f, 0x3104, 0x9006, 0x3104, 0x9006, 0x9006, 0x9006, 0x3104, 0xf81f,
    0xf81f, 0xf81f, 0xf81f, 0xf81f, 0xf81f, 0xf81f, 0xf81f, 0xf81f, 0xf81f, 0xf81f, 0xf81f, 0xf81f,
    0xf81f, 0xf81f, 0xf81f, 0xf81f, 0xf81f, 0xf81f, 0xf81f, 0xf81f, 0xf81f, 0xf81f, 0x3104, 0x9006,
    0x9006, 0x9006, 0x9006, 0x9006, 0x9006, 0x9006, 0x9006, 0x9006, 0x9006, 0x3104, 0x3104, 0xf81f,
    0xf81f, 0xf81f, 0xf81f, 0xf81f, 0xf81f, 0xf81f, 0xf81f, 0xf81f, 0xf81f, 0xf81f, 0xf81f, 0xf81f,
    0xf81f, 0xf81f, 0xf81f, 0xf81f, 0xf81f, 0x538c, 0x3104, 0x538c, 0x3104, 0x3104, 0x3104, 0x3104,
    0x3104, 0x9510, 0x538c, 0x538c, 0x538c, 0x3104, 0xf81f, 0xf81f, 0xf81f, 0xf81f, 0xf81f, 0xf81f,
    0xf81f, 0xf81f, 0xf81f, 0xf81f, 0xf81f, 0xf81f, 0xf81f, 0xf81f, 0xf81f, 0xf81f, 0xf81f, 0xf81f,
    0xf81f, 0xf81f, 0x3104, 0x538c, 0x538c, 0x538c, 0x9510, 0x3104, 0x3104, 0x3104, 0x3104, 0x3104,
    0x538c, 0x3104, 0x538c, 0xf81f, 0xf81f, 0xf81f, 0xf81f, 0xf81f, 0xf81f, 0xf81f, 0xf81f, 0xf81f,
    0xf81f, 0xf81f, 0xf81f, 0xf81f, 0xf81f, 0xf81f, 0xf81f, 0xf81f, 0xf81f, 0xf81f, 0xf81f, 0xf81f,
    0xf81f, 0x3104, 0x9006, 0x9006, 0x9006, 0x3104, 0xf81f, 0xf81f, 0xf81f, 0xf81f, 0xf81f, 0xf81f,
    0xf81f, 0xf81f, 0xf81f, 0xf81f, 0xf81f, 0xf81f, 0xf81f, 0xf81f, 0xf81f, 0xf81f, 0xf81f, 0xf81f,
    0xf81f, 0xf81f, 0xf81f, 0xf81f, 0xf81f, 0xf81f, 0x3104, 0x538c, 0x9006, 0x9006, 0x9006, 0x3104,
    0x3104, 0x3104, 0x9006, 0x9006, 0x9006, 0x9510, 0x3104, 0xf81f, 0xf81f, 0xf81f, 0xf81f, 0xf81f,
    0xf81f, 0xf81f, 0xf81f, 0xf81f, 0xf81f, 0xf81f, 0xf81f, 0xf81f, 0xf81f, 0xf81f, 0xf81f, 0xf81f,
    0x538c, 0x538c, 0x538c, 0x3104, 0x3104, 0x3104, 0x3104, 0x538c, 0x538c, 0x3104, 0x538c, 0x538c,
    0x538c, 0x3104, 0x538c, 0x538c, 0xf81f, 0xf81f, 0xf81f, 0xf81f, 0xf81f, 0xf81f, 0xf81f, 0xf81f,
    0xf81f, 0xf81f, 0xf81f, 0xf81f, 0xf81f, 0xf81f, 0xf81f, 0xf81f, 0x538c, 0x538c, 0x3104, 0x538c,
    0x538c, 0x538c, 0x3104, 0x538c, 0x538c, 0x3104, 0x3104, 0x3104, 0x3104, 0x538c, 0x538c, 0x538c,
    0xf81f, 0xf81f, 0xf81f, 0xf81f, 0xf81f, 0xf81f, 0xf81f, 0xf81f, 0xf81f, 0xf81f, 0xf81f, 0xf81f,
    0xf81f, 0xf81f, 0xf81f, 0xf81f, 0xf81f, 0x538c, 0x538c, 0x538c, 0x538c, 0x3104, 0x9006, 0x9006,
    0x9006, 0x538c, 0x3104, 0x3104, 0x538c, 0x538c, 0x538c, 0x538c, 0xf81f, 0xf81f, 0xf81f, 0xf81f,
    0xf81f, 0xf81f, 0xf81f, 0xf81f, 0xf81f, 0xf81f, 0xf81f, 0xf81f, 0xf81f, 0xf81f, 0xf81f, 0xf81f,
    0xf81f, 0x538c, 0x3104, 0x9510, 0x3104, 0x3104, 0x3104, 0x538c, 0x538c, 0x538c, 0x3104, 0x9006,
    0x538c, 0x3104, 0x538c, 0xf81f, 0xf81f, 0xf81f, 0xf81f, 0xf81f, 0xf81f, 0xf81f, 0xf81f, 0xf81f,
    0xf81f, 0xf81f, 0xf81f, 0xf81f, 0xf81f, 0xf81f, 0xf81f, 0xf81f, 0xf81f, 0x538c, 0x538c, 0x538c,
    0x538c, 0x538c, 0x538c, 0x538c, 0x538c, 0x538c, 0x3104, 0x3104, 0x3104, 0x538c, 0x538c, 0xf81f,
    0xf81f, 0xf81f, 0xf81f, 0xf81f, 0xf81f, 0xf81f, 0xf81f, 0xf81f, 0xf81f, 0xf81f, 0xf81f, 0xf81f,
    0xf81f, 0xf81f, 0xf81f, 0xf81f, 0xf81f, 0x538c, 0x538c, 0x3104, 0x3104, 0x3104, 0x538c, 0x538c,
    0x538c, 0x538c, 0x538c, 0x538c, 0x538c, 0x538c, 0x538c, 0xf81f, 0xf81f, 0xf81f, 0xf81f, 0xf81f,
    0xf81f, 0xf81f, 0xf81f, 0xf81f, 0xf81f, 0xf81f, 0xf81f, 0xf81f, 0xf81f, 0xf81f, 0xf81f, 0xf81f,
    0xf81f, 0xf81f, 0x538c, 0x538c, 0x538c, 0x538c, 0x3104, 0x3104, 0x3104, 0x3104, 0x3104, 0x538c,
    0x538c, 0x538c, 0x538c, 0xf81f, 0xf81f, 0xf81f, 0xf81f, 0xf81f, 0xf81f, 0xf81f, 0xf81f, 0xf81f,
    0xf81f, 0xf81f, 0xf81f, 0xf81f, 0xf81f, 0xf81f, 0xf81f, 0xf81f, 0x538c, 0x538c, 0x3104, 0x3104,
    0x538c, 0x538c, 0x538c, 0x538c, 0x538c, 0x538c, 0x538c, 0x3104, 0x3104, 0x538c, 0x538c, 0x538c,
    0xf81f, 0xf81f, 0xf81f, 0xf81f, 0xf81f, 0xf81f, 0xf81f, 0xf81f, 0xf81f, 0xf81f, 0xf81f, 0xf81f,
    0xf81f, 0xf81f, 0xf81f, 0xf81f, 0xf81f, 0xf81f, 0xf81f, 0xf81f, 0xf81f, 0xf81f, 0xf81f, 0xf81f,
    0xf81f, 0xf81f, 0xf81f, 0xf81f, 0xf81f, 0xf81f, 0xf81f, 0xf81f, 0xf81f, 0xf81f, 0xf81f, 0xf81f,
    0xf81f, 0xf81f, 0xf81f, 0xf81f, 0xf81f, 0xf81f, 0xf81f, 0xf81f, 0xf81f, 0xf81f, 0xf81f, 0xf81f,
    0xf81f, 0xf81f, 0xf81f, 0xf81f, 0xf81f, 0xf81f, 0xf81f, 0xf81f, 0xf81f, 0xf81f, 0xf81f, 0xf81f,
    0xf81f, 0xf81f, 0xf81f, 0xf81f, 0xf81f, 0xf81f, 0xf81f, 0xf81f, 0xf81f, 0xf81f, 0xf81f, 0xf81f,
    0xf81f, 0xf81f, 0xf81f, 0xf81f, 0xf81f, 0xf81f, 0xf81f, 0xf81f, 0xf81f, 0xf81f, 0xf81f, 0xf81f,
    0xf81f, 0xf81f, 0xf81f, 0xf81f, 0xf81f, 0xf81f, 0xf81f, 0xf81f, 0xf81f, 0xf81f, 0xf81f, 0xf81f,
    0xf81f, 0xf81f, 0xf81f, 0xf81f, 0xf81f, 0xf81f, 0xf81f, 0xf81f, 0xf81f, 0xf81f, 0xf81f, 0xf81f,
    0xf81f, 0xf81f, 0xf81f, 0xf81f, 0xf81f, 0xf81f, 0xf81f, 0xf81f, 0xf81f, 0xf81f, 0xf81f, 0xf81f,
    0xf81f, 0xf81f, 0xf81f, 0xf81f, 0xf81f, 0xf81f, 0xf81f, 0xf81f, 0xf81f, 0xf81f, 0xf81f, 0xf81f,
    0xf81f, 0xf81f, 0xf81f, 0xf81f, 0xf81f, 0xf81f, 0xf81f, 0xf81f, 0xf81f, 0xf81f, 0xf81f, 0xf81f,
    0xf81f, 0xf81f, 0xf81f, 0xf81f, 0xf81f, 0xf81f, 0xf81f, 0xf81f, 0xf81f, 0xf81f, 0xf81f, 0xf81f,
    0xf81f, 0xf81f, 0xf81f, 0xf81f, 0xf81f, 0xf81f, 0xf81f, 0xf81f, 0xf81f, 0xf81f, 0xf81f, 0xf81f,
    0xf81f, 0xf81f, 0xf81f, 0xf81f, 0xf81f, 0xf81f, 0xf81f, 0xf81f, 0xf81f, 0xf81f, 0xf81f, 0xf81f,
    0xf81f, 0xf81f, 0xf81f, 0xf81f, 0xf81f, 0xf81f, 0xf81f, 0xf81f, 0xf81f, 0xf81f, 0xf81f, 0xf81f,
    0xf81f, 0xf81f, 0xf81f, 0xf81f, 0xf81f, 0xf81f, 0xf81f, 0xf81f, 0xf81f, 0xf81f, 0xf81f, 0xf81f,
    0xf81f, 0xf81f, 0xf81f, 0xf81f, 0xf81f, 0xf81f, 0xf81f, 0xf81f, 0xf81f, 0xf81f, 0xf81f, 0xf81f,
    0xf81f, 0xf81f, 0xf81f, 0xf81f, 0xf81f, 0xf81f, 0xf81f, 0xf81f, 0xf81f, 0xf81f, 0xf81f, 0xf81f,
    0xf81f, 0xf81f, 0xf81f, 0xf81f, 0xf81f, 0xf81f, 0xf81f, 0xf81f, 0xf81f, 0xf81f, 0xf81f, 0xf81f,
    0xf81f, 0xf81f, 0xf81f, 0xf81f, 0xf81f, 0xf81f, 0xf81f, 0xf81f, 0xf81f, 0xf81f, 0xf81f, 0xf81f,
    0xf81f, 0xf81f, 0xf81f, 0xf81f, 0xf81f, 0xf81f, 0xf81f, 0xf81f, 0xf81f, 0xf81f, 0xf81f, 0xf81f,
    0xf81f, 0xf81f, 0xf81f, 0xf81f, 0xf81f, 0xf81f, 0xf81f, 0xf81f, 0xf81f, 0xf81f, 0xf81f, 0xf81f,
    0xf81f, 0xf81f, 0xf81f, 0xf81f, 0xf81f, 0xf81f, 0xf81f, 0xf81f, 0xf81f, 0xf81f, 0xf81f, 0xf81f,
    0xf81f, 0xf81f, 0xf81f, 0xf81f, 0xf81f, 0xf81f, 0xf81f, 0xf81f, 0xf81f, 0xf81f, 0xf81f, 0xf81f,
    0xf81f, 0xf81f, 0xf81f, 0xf81f, 0xf81f, 0xf81f, 0xf81f, 0xf81f, 0xf81f, 0xf81f, 0xf81f, 0xf81f,
    0xf81f, 0xf81f, 0xf81f, 0xf81f, 0xf81f, 0xf81f, 0xf81f, 0xf81f, 0xf81f, 0xf81f, 0xf81f, 0xf81f,
    0xf81f, 0xf81f, 0xf81f, 0xf81f, 0xf81f, 0xf81f, 0xf81f, 0xf81f, 0xf81f, 0xf81f, 0xf81f, 0xf81f,
    0xf81f, 0xf81f, 0xf81f, 0xf81f, 0xf81f, 0xf81f, 0xf81f, 0xf81f, 0xf81f, 0xf81f, 0xf81f, 0xf81f,
    0xf81f, 0xf81f, 0xf81f, 0xf81f, 0xf81f, 0xf81f, 0xf81f, 0xf81f, 0xf81f, 0xf81f, 0xf81f, 0xf81f,
    0xf81f, 0xf81f, 0xf81f, 0xf81f, 0xf81f, 0xf81f, 0xf81f, 0xf81f, 0xf81f, 0xf81f, 0xf81f, 0xf81f,
    0xf81f, 0xf81f, 0xf81f, 0xf81f, 0xf81f, 0xf81f, 0xf81f, 0xf81f, 0xf81f, 0xf81f, 0xf81f, 0xf81f,
    0xf81f, 0xf81f, 0xf81f, 0xf81f, 0xf81f, 0xf81f, 0xf81f, 0xf81f, 0xf81f, 0xf81f, 0xf81f, 0xf81f,
    0xf81f, 0xf81f, 0xf81f, 0xf81f, 0xf81f, 0xf81f, 0xf81f, 0xf81f, 0xf81f, 0xf81f, 0xf81f, 0xf81f,
    0xf81f, 0xf81f, 0xf81f, 0xf81f, 0xf81f, 0xf81f, 0xf81f, 0xf81f, 0xf81f, 0xf81f, 0xf81f, 0xf81f,
    0xf81f, 0xf81f, 0xf81f, 0xf81f, 0xf81f, 0xf81f, 0xf81f, 0xf81f, 0xf81f, 0xf81f, 0xf81f, 0xf81f,
    0xf81f, 0xf81f, 0xf81f, 0xf81f, 0xf81f, 0xf81f, 0xf81f, 0xf81f, 0xf81f, 0xf81f, 0xf81f, 0xf81f,
    0xf81f, 0xf81f, 0xf81f, 0xf81f, 0xf81f, 0xf81f, 0xf81f, 0xf81f, 0xf81f, 0xf81f, 0xf81f, 0xf81f,
    0xf81f, 0xf81f, 0xf81f, 0xf81f, 0xf81f, 0xf81f, 0xf81f, 0xf81f, 0xf81f, 0xf81f, 0xf81f, 0xf81f,
    0xf81f, 0xf81f, 0xf81f, 0xf81f, 0xf81f, 0xf81f, 0xf81f, 0xf81f, 0xf81f, 0xf81f, 0xf81f, 0xf81f,
    0xf81f, 0xf81f, 0xf81f, 0xf81f, 0xf81f, 0xf81f, 0xf81f, 0xf81f, 0xf81f, 0xf81f, 0xf81f, 0xf81f,
    0xf81f, 0xf81f, 0xf81f, 0xf81f, 0xf81f, 0xf81f, 0xf81f, 0xf81f, 0xf81f, 0xf81f, 0xf81f, 0xf81f,
    0xf81f, 0xf81f, 0xf81f, 0xf81f, 0xf81f, 0xf81f, 0xf81f, 0xf81f, 0xf81f, 0xf81f, 0xf81f, 0xf81f,
    0xf81f, 0xf81f, 0xf81f, 0xf81f, 0xf81f, 0xf81f, 0xf81f, 0xf81f, 0xf81f, 0xf81f, 0xf81f, 0xf81f,
    0xf81f, 0xf81f, 0xf81f, 0xf81f, 0xf81f, 0xf81f, 0xf81f, 0xf81f, 0xf81f, 0xf81f, 0xf81f, 0xf81f,
    0xf81f, 0xf81f, 0xf81f, 0xf81f, 0xf81f, 0xf81f, 0xf81f, 0xf81f, 0xf81f, 0xf81f, 0xf81f, 0xf81f,
    0xf81f, 0xf81f, 0xf81f, 0xf81f, 0xf81f, 0xf81f, 0xf81f, 0xf81f, 0xf81f, 0xf81f, 0xf81f, 0xf81f,
    0xf81f, 0xf81f, 0xf81f, 0xf81f, 0xf81f, 0xf81f, 0xf81f, 0xf81f, 0xf81f, 0xf81f, 0xf81f, 0xf81f,
    0xf81f, 0xf81f, 0xf81f, 0xf81f, 0xf81f, 0xf81f, 0xf81f, 0xf81f, 0xf81f, 0xf81f, 0xf81f, 0xf81f,
    0xf81f, 0xf81f, 0xf81f, 0xf81f, 0xf81f, 0xf81f, 0xf81f, 0xf81f, 0xf81f, 0xf81f, 0xf81f, 0xf81f,
    0xf81f, 0xf81f, 0xf81f, 0xf81f, 0xf81f, 0xf81f, 0xf81f, 0xf81f, 0xf81f, 0xf81f, 0xf81f, 0xf81f,
    0xf81f, 0xf81f, 0xf81f, 0xf81f, 0xf81f, 0xf81f, 0xf81f, 0xf81f, 0xf81f, 0xf81f, 0xf81f, 0xf81f,
    0xf81f, 0xf81f, 0xf81f, 0xf81f, 0xf81f, 0xf81f, 0xf81f, 0xf81f, 0xf81f, 0xf81f, 0xf81f, 0xf81f,
    0xf81f, 0xf81f, 0xf81f, 0xf81f, 0xf81f, 0xf81f, 0xf81f, 0xf81f, 0xf81f, 0xf81f, 0xf81f, 0xf81f,
    0xf81f, 0xf81f, 0xf81f, 0xf81f, 0xf81f, 0xf81f, 0xf81f, 0xf81f, 0xf81f, 0xf81f, 0xf81f, 0xf81f,
    0xf81f, 0xf81f, 0xf81f, 0xf81f, 0xf81f, 0xf81f, 0xf81f, 0xf81f, 0xf81f, 0xf81f, 0xf81f, 0xf81f,
    0xf81f, 0xf81f, 0xf81f, 0xf81f, 0xf81f, 0xf81f, 0xf81f, 0xf81f, 0xf81f, 0xf81f, 0xf81f, 0xf81f,
    0xf81f, 0xf81f, 0xf81f, 0xf81f, 0xf81f, 0xf81f, 0xf81f, 0xf81f, 0xf81f, 0xf81f, 0xf81f, 0xf81f,
    0xf81f, 0xf81f, 0xf81f, 0xf81f, 0xf81f, 0xf81f, 0xf81f, 0xf81f, 0xf81f, 0xf81f, 0xf81f, 0xf81f,
    0xf81f, 0xf81f, 0xf81f, 0xf81f, 0xf81f, 0xf81f, 0xf81f, 0xf81f, 0xf81f, 0xf81f, 0xf81f, 0xf81f,
    0xf81f, 0xf81f, 0xf81f, 0xf81f, 0xf81f, 0xf81f, 0xf81f, 0xf81f, 0xf81f, 0xf81f, 0xf81f, 0xf81f,
    0xf81f, 0xf81f, 0xf81f, 0xf81f, 0xf81f, 0xf81f, 0xf81f, 0xf81f, 0xf81f, 0xf81f, 0xf81f, 0xf81f,
    0xf81f, 0xf81f, 0xf81f, 0xf81f, 0xf81f, 0xf81f, 0xf81f, 0xf81f, 0xf81f, 0xf81f, 0xf81f, 0xf81f,
    0xf81f, 0xf81f, 0xf81f, 0xf81f, 0xf81f, 0xf81f, 0xf81f, 0xf81f, 0xf81f, 0xf81f, 0xf81f, 0xf81f,
    0xf81f, 0xf81f, 0xf81f, 0xf81f, 0xf81f, 0xf81f, 0xf81f, 0xf81f, 0xf81f, 0xf81f, 0xf81f, 0xf81f,
    0xf81f, 0xf81f, 0xf81f, 0xf81f, 0xf81f, 0xf81f, 0xf81f, 0xf81f, 0xf81f, 0xf81f, 0xf81f, 0xf81f,
    0xf81f, 0xf81f, 0xf81f, 0xf81f, 0xf81f, 0xf81f, 0xf81f, 0xf81f, 0xf81f, 0xf81f, 0xf81f, 0xf81f,
    0xf81f, 0xf81f, 0xf81f, 0xf81f, 0xf81f, 0xf81f, 0xf81f, 0xf81f, 0xf81f, 0xf81f, 0xf81f, 0xf81f,
    0xf81f, 0xf81f, 0xf81f, 0xf81f, 0xf81f, 0xf81f, 0xf81f, 0xf81f, 0xf81f, 0xf81f, 0xf81f, 0xf81f,
    0xf81f, 0xf81f, 0xf81f, 0xf81f, 0xf81f, 0xf81f, 0xf81f, 0xf81f, 0xf81f, 0xf81f, 0xf81f, 0xf81f,
    0xf81f, 0xf81f, 0xf81f, 0xf81f, 0xf81f, 0xf81f, 0xf81f, 0xf81f, 0xf81f, 0xf81f, 0xf81f, 0xf81f,
    0xf81f, 0xf81f, 0xf81f, 0xf81f, 0xf81f, 0xf81f, 0xf81f, 0xf81f, 0xf81f, 0xf81f, 0xf81f, 0xf81f,
    0xf81f, 0xf81f, 0xf81f, 0xf81f, 0xf81f, 0xf81f, 0xf81f, 0xf81f, 0xf81f, 0xf81f, 0xf81f, 0xf81f,
    0xf81f, 0xf81f, 0xf81f, 0xf81f, 0xf81f, 0xf81f, 0xf81f, 0xf81f, 0xf81f, 0xf81f, 0xf81f, 0xf81f,
    0xf81f, 0xf81f, 0xf81f, 0xf81f, 0xf81f, 0xf81f, 0xf81f, 0xf81f, 0xf81f, 0xf81f, 0xf81f, 0xf81f,
    0xf81f, 0xf81f, 0xf81f, 0xf81f, 0xf81f, 0xf81f, 0xf81f, 0xf81f, 0xf81f, 0xf81f, 0xf81f, 0xf81f,
    0xf81f, 0xf81f, 0xf81f, 0xf81f, 0xf81f, 0xf81f, 0xf81f, 0xf81f, 0xf81f, 0xf81f, 0xf81f, 0xf81f,
    0xf81f, 0xf81f, 0xf81f, 0xf81f, 0xf81f, 0xf81f, 0xf81f, 0xf81f, 0xf81f, 0xf81f, 0xf81f, 0xf81f,
    0xf81f, 0xf81f, 0xf81f, 0xf81f, 0xf81f, 0xf81f, 0xf81f, 0xf81f, 0xf81f, 0xf81f, 0xf81f, 0xf81f,
    0xf81f, 0xf81f, 0xf81f, 0xf81f, 0xf81f, 0xf81f, 0xf81f, 0xf81f, 0xf81f, 0xf81f, 0xf81f, 0xf81f,
    0xf81f, 0xf81f, 0xf81f, 0xf81f, 0xf81f, 0xf81f, 0xf81f, 0xf81f, 0xf81f, 0xf81f, 0xf81f, 0xf81f,
    0xf81f, 0xf81f, 0xf81f, 0xf81f, 0xf81f, 0xf81f, 0xf81f, 0xf81f, 0xf81f, 0xf81f, 0xf81f, 0xf81f,
    0xf81f, 0xf81f, 0xf81f, 0xf81f, 0xf81f, 0xf81f, 0xf81f, 0xf81f, 0xf81f, 0xf81f, 0xf81f, 0xf81f,
    0xf81f, 0xf81f, 0xf81f, 0xf81f, 0xf81f, 0xf81f, 0xf81f, 0xf81f, 0xf81f, 0xf81f, 0xf81f, 0xf81f,
    0xf81f, 0xf81f, 0xf81f, 0xf81f, 0xf81f, 0xf81f, 0xf81f, 0xf81f, 0xf81f, 0xf81f, 0xf81f, 0xf81f,
    0xf81f, 0xf81f, 0xf81f, 0xf81f, 0xf81f, 0xf81f, 0xf81f, 0xf81f, 0xf81f, 0xf81f, 0xf81f, 0xf81f,
    0xf81f, 0xf81f, 0xf81f, 0xf81f, 0xf81f, 0xf81f, 0xf81f, 0xf81f, 0xf81f, 0xf81f, 0xf81f, 0xf81f,
    0xf81f, 0xf81f, 0xf81f, 0x3104, 0x3104, 0x3104, 0x3104, 0x3104, 0xf81f, 0xf81f, 0xf81f, 0xf81f,
    0xf81f, 0xf81f, 0xf81f, 0xf81f, 0xf81f, 0xf81f, 0xf81f, 0xf81f, 0xf81f, 0xf81f, 0xf81f, 0xf81f,
    0xf81f, 0xf81f, 0xf81f, 0xf81f, 0xf81f, 0xf81f, 0xf81f, 0xf81f, 0x3104, 0x3104, 0x3104, 0x3104,
    0x3104, 0xf81f, 0xf81f, 0xf81f, 0xf81f, 0xf81f, 0xf81f, 0xf81f, 0xf81f, 0xf81f, 0xf81f, 0xf81f,
    0xf81f, 0xf81f, 0xf81f, 0xf81f, 0xf81f, 0xf81f, 0xf81f, 0xf81f, 0xf81f, 0xf81f, 0xf81f, 0xf81f,
    0xf81f, 0xf81f, 0xf81f, 0xf81f, 0xf81f, 0xf81f, 0xf81f, 0x3104, 0x3104, 0x3104, 0x3104, 0x3104,
    0xf81f, 0xf81f, 0xf81f, 0xf81f, 0xf81f, 0xf81f, 0xf81f, 0xf81f, 0xf81f, 0xf81f, 0xf81f, 0xf81f,
    0xf81f, 0xf81f, 0xf81f, 0xf81f, 0xf81f, 0xf81f, 0xf81f, 0xf81f, 0xf81f, 0xf81f, 0xf81f, 0xf81f,
    0xf81f, 0xf81f, 0xf81f, 0xf81f, 0xf81f, 0xf81f, 0xf81f, 0xf81f, 0xf81f, 0xf81f, 0xf81f, 0xf81f,
    0xf81f, 0xf81f, 0xf81f, 0xf81f, 0xf81f, 0xf81f, 0xf81f, 0xf81f, 0xf81f, 0xf81f, 0xf81f, 0xf81f,
    0xf81f, 0xf81f, 0xf81f, 0xf81f, 0xf81f, 0xf81f, 0xf81f, 0xf81f, 0xf81f, 0xf81f, 0x3104, 0xe684,
    0xe684, 0xe684, 0xe684, 0x3104, 0xf81f, 0xf81f, 0xf81f, 0xf81f, 0xf81f, 0xf81f, 0xf81f, 0xf81f,
    0xf81f, 0xf81f, 0xf81f, 0xf81f, 0xf81f, 0xf81f, 0xf81f, 0xf81f, 0xf81f, 0xf81f, 0xf81f, 0xf81f,
    0xf81f, 0xf81f, 0xf81f, 0xf81f, 0x3104, 0xe684, 0xe684, 0xe684, 0xe684, 0x3104, 0xf81f, 0xf81f,
    0xf81f, 0xf81f, 0xf81f, 0xf81f, 0xf81f, 0xf81f, 0xf81f, 0xf81f, 0xf81f, 0xf81f, 0xf81f, 0xf81f,
    0xf81f, 0xf81f, 0xf81f, 0xf81f, 0xf81f, 0xf81f, 0xf81f, 0xf81f, 0xf81f, 0xf81f, 0xf81f, 0xf81f,
    0xf81f, 0xf81f, 0x3104, 0xe684, 0xe684, 0xe684, 0xe684, 0x3104, 0xf81f, 0xf81f, 0xf81f, 0xf81f,
    0xf81f, 0xf81f, 0xf81f, 0xf81f, 0xf81f, 0xf81f, 0xf81f, 0xf81f, 0xf81f, 0xf81f, 0xf81f, 0xf81f,
    0xf81f, 0xf81f, 0xf81f, 0xf81f, 0xf81f, 0xf81f, 0xf81f, 0xf81f, 0xf81f, 0xf81f, 0xf81f, 0x3104,
    0x3104, 0x3104, 0x3104, 0x3104, 0xf81f, 0xf81f, 0xf81f, 0xf81f, 0xf81f, 0xf81f, 0xf81f, 0xf81f,
    0xf81f, 0xf81f, 0xf81f, 0xf81f, 0xf81f, 0xf81f, 0xf81f, 0xf81f, 0xf81f, 0xf81f, 0xf81f, 0xf81f,
    0xf81f, 0xf81f, 0xf81f, 0xf81f, 0xf81f, 0x3104, 0xe684, 0xe684, 0xe684, 0xe684, 0x3104, 0x3104,
    0xf81f, 0xf81f, 0xf81f, 0xf81f, 0xf81f, 0xf81f, 0xf81f, 0xf81f, 0xf81f, 0xf81f, 0xf81f, 0xf81f,
    0xf81f, 0xf81f, 0xf81f, 0xf81f, 0xf81f, 0xf81f, 0xf81f, 0xf81f, 0xf81f, 0xf81f, 0xf81f, 0xf81f,
    0x3104, 0x3104, 0xe684, 0xe684, 0xe684, 0xe684, 0x3104, 0xf81f, 0xf81f, 0xf81f, 0xf81f, 0xf81f,
    0xf81f, 0xf81f, 0xf81f, 0xf81f, 0xf81f, 0xf81f, 0xf81f, 0xf81f, 0xf81f, 0xf81f, 0xf81f, 0xf81f,
    0xf81f, 0xf81f, 0xf81f, 0xf81f, 0xf81f, 0xf81f, 0xf81f, 0xf81f, 0xf81f, 0x3104, 0xe684, 0xe684,
    0xe684, 0xe684, 0x3104, 0x3104, 0xf81f, 0xf81f, 0xf81f, 0xf81f, 0xf81f, 0xf81f, 0xf81f, 0xf81f,
    0xf81f, 0xf81f, 0xf81f, 0xf81f, 0xf81f, 0xf81f, 0xf81f, 0xf81f, 0xf81f, 0xf81f, 0xf81f, 0xf81f,
    0xf81f, 0xf81f, 0xf81f, 0xf81f, 0xf81f, 0xf81f, 0x3104, 0xe684, 0xe684, 0xe684, 0xe684, 0x3104,
    0xf81f, 0xf81f, 0xf81f, 0xf81f, 0xf81f, 0xf81f, 0xf81f, 0xf81f, 0xf81f, 0xf81f, 0xf81f, 0xf81f,
    0xf81f, 0xf81f, 0xf81f, 0xf81f, 0xf81f, 0xf81f, 0xf81f, 0xf81f, 0xf81f, 0xf81f, 0xf81f, 0xf81f,
    0x3104, 0x3104, 0xe684, 0xf480, 0xe684, 0xf480, 0xf480, 0x3104, 0x3104, 0xf81f, 0xf81f, 0xf81f,
    0xf81f, 0xf81f, 0xf81f, 0xf81f, 0xf81f, 0xf81f, 0xf81f, 0xf81f, 0xf81f, 0xf81f, 0xf81f, 0xf81f,
    0xf81f, 0xf81f, 0xf81f, 0xf81f, 0xf81f, 0xf81f, 0xf81f, 0x3104, 0x3104, 0xf480, 0xf480, 0xe684,
    0xf480, 0xe684, 0x3104, 0x3104, 0xf81f, 0xf81f, 0xf81f, 0xf81f, 0xf81f, 0xf81f, 0xf81f, 0xf81f,
    0xf81f, 0xf81f, 0xf81f, 0xf81f, 0xf81f, 0xf81f, 0xf81f, 0xf81f, 0xf81f, 0xf81f, 0xf81f, 0xf81f,
    0xf81f, 0xf81f, 0xf81f, 0xf81f, 0x3104, 0x3104, 0x9510, 0xf480, 0xe684, 0xf480, 0xf480, 0x3104,
    0x3104, 0xf81f, 0xf81f, 0xf81f, 0xf81f, 0xf81f, 0xf81f, 0xf81f, 0xf81f, 0xf81f, 0xf81f, 0xf81f,
    0xf81f, 0xf81f, 0xf81f, 0xf81f, 0xf81f, 0xf81f, 0xf81f, 0xf81f, 0xf81f, 0xf81f, 0xf81f, 0xf81f,
    0xf81f, 0x3104, 0xe684, 0xe684, 0xe684, 0xe684, 0x3104, 0x3104, 0xf81f, 0xf81f, 0xf81f, 0xf81f,
    0xf81f, 0xf81f, 0xf81f, 0xf81f, 0xf81f, 0xf81f, 0xf81f, 0xf81f, 0xf81f, 0xf81f, 0xf81f, 0xf81f,
    0xf81f, 0xf81f, 0xf81f, 0xf81f, 0xf81f, 0xf81f, 0xf81f, 0x3104, 0xf592, 0xf592, 0xf592, 0xf480,
    0xe684, 0xe684, 0xf592, 0xcccf, 0xcccf, 0x3104, 0xf81f, 0xf81f, 0xf81f, 0xf81f, 0xf81f, 0xf81f,
    0xf81f, 0xf81f, 0xf81f, 0xf81f, 0xf81f, 0xf81f, 0xf81f, 0xf81f, 0xf81f, 0xf81f, 0xf81f, 0xf81f,
    0xf81f, 0xf81f, 0x3104, 0xcccf, 0xcccf, 0xf592, 0xe684, 0xe684, 0xf480, 0xf592, 0xf592, 0xf592,
    0x3104, 0xf81f, 0xf81f, 0xf81f, 0xf81f, 0xf81f, 0xf81f, 0xf81f, 0xf81f, 0xf81f, 0xf81f, 0xf81f,
    0xf81f, 0xf81f, 0xf81f, 0xf81f, 0xf81f, 0xf81f, 0xf81f, 0xf81f, 0xf81f, 0xf81f, 0xf81f, 0x3104,
    0xf592, 0xf592, 0xf592, 0x9510, 0xf480, 0xf480, 0xe684, 0xe684, 0xe684, 0x3104, 0xf81f, 0xf81f,
    0xf81f, 0xf81f, 0xf81f, 0xf81f, 0xf81f, 0xf81f, 0xf81f, 0xf81f, 0xf81f, 0xf81f, 0xf81f, 0xf81f,
    0xf81f, 0xf81f, 0xf81f, 0xf81f, 0xf81f, 0xf81f, 0xf81f, 0xf81f, 0x3104, 0x3104, 0x9510, 0xf480,
    0xe684, 0xf480, 0xf480, 0x3104, 0x3104, 0xf81f, 0xf81f, 0xf81f, 0xf81f, 0xf81f, 0xf81f, 0xf81f,
    0xf81f, 0xf81f, 0xf81f, 0xf81f, 0xf81f, 0xf81f, 0xf81f, 0xf81f, 0xf81f, 0xf81f, 0xf81f, 0xf81f,
    0xf81f, 0xf81f, 0x3104, 0xf592, 0xf592, 0xf592, 0xf592, 0xf592, 0xe684, 0xf592, 0xf592, 0xf592,
    0xcccf, 0xcccf, 0x3104, 0xf81f, 0xf81f, 0xf81f, 0xf81f, 0xf81f, 0xf81f, 0xf81f, 0xf81f, 0xf81f,
    0xf81f, 0xf81f, 0xf81f, 0xf81f, 0xf81f, 0xf81f, 0xf81f, 0xf81f, 0xf81f, 0x3104, 0xcccf, 0xcccf,
    0xf592, 0xf592, 0xf592, 0xe684, 0xf592, 0xf592, 0xf592, 0xf592, 0xf592, 0x3104, 0xf81f, 0xf81f,
    0xf81f, 0xf81f, 0xf81f, 0xf81f, 0xf81f, 0xf81f, 0xf81f, 0xf81f, 0xf81f, 0xf81f, 0xf81f, 0xf81f,
    0xf81f, 0xf81f, 0xf81f, 0xf81f, 0xf81f, 0xf81f, 0x3104, 0xf592, 0xf592, 0xf592, 0xf592, 0xf592,
    0x9510, 0xe684, 0xe684, 0xe684, 0xf480, 0xe684, 0x3104, 0xf81f, 0xf81f, 0xf81f, 0xf81f, 0xf81f,
    0xf81f, 0xf81f, 0xf81f, 0xf81f, 0xf81f, 0xf81f, 0xf81f, 0xf81f, 0xf81f, 0xf81f, 0xf81f, 0xf81f,
    0xf81f, 0xf81f, 0xf81f, 0x3104, 0xf592, 0xf592, 0xf592, 0x9510, 0xf480, 0xf480, 0xe684, 0xe684,
    0xe684, 0x3104, 0xf81f, 0xf81f, 0xf81f, 0xf81f, 0xf81f, 0xf81f, 0xf81f, 0xf81f, 0xf81f, 0xf81f,
    0xf81f, 0xf81f, 0xf81f, 0xf81f, 0xf81f, 0xf81f, 0xf81f, 0xf81f, 0xf81f, 0xf81f, 0x3104, 0x3104,
    0x3104, 0x3104, 0x3104, 0x3104, 0x3104, 0x3104, 0x3104, 0x3104, 0xcccf, 0x3104, 0x3104, 0xf81f,
    0xf81f, 0xf81f, 0xf81f, 0xf81f, 0xf81f, 0xf81f, 0xf81f, 0xf81f, 0xf81f, 0xf81f, 0xf81f, 0xf81f,
    0xf81f, 0xf81f, 0xf81f, 0xf81f, 0xf81f, 0x3104, 0x3104, 0xcccf, 0x3104, 0x3104, 0x3104, 0x3104,
    0x3104, 0x3104, 0x3104, 0x3104, 0x3104, 0x3104, 0xf81f, 0xf81f, 0xf81f, 0xf81f, 0xf81f, 0xf81f,
    0xf81f, 0xf81f, 0xf81f, 0xf81f, 0xf81f, 0xf81f, 0xf81f, 0xf81f, 0xf81f, 0xf81f, 0xf81f, 0xf81f,
    0xf81f, 0xf81f, 0x3104, 0x3104, 0x3104, 0x3104, 0x3104, 0x3104, 0x3104, 0x3104, 0xf480, 0xe684,
    0xf480, 0xe684, 0x3104, 0xf81f, 0xf81f, 0xf81f, 0xf81f, 0xf81f, 0xf81f, 0xf81f, 0xf81f, 0xf81f,
    0xf81f, 0xf81f, 0xf81f, 0xf81f, 0xf81f, 0xf81f, 0xf81f, 0xf81f, 0xf81f, 0xf81f, 0x3104, 0xf592,
    0xf592, 0xf592, 0xf592, 0xf592, 0x9510, 0xe684, 0xe684, 0xe684, 0xf480, 0xe684, 0x3104, 0xf81f,
    0xf81f, 0xf81f, 0xf81f, 0xf81f, 0xf81f, 0xf81f, 0xf81f, 0xf81f, 0xf81f, 0xf81f, 0xf81f, 0xf81f,
    0xf81f, 0xf81f, 0xf81f, 0xf81f, 0xf81f, 0x3104, 0xf592, 0x3104, 0x3104, 0x3104, 0x3104, 0x3104,
    0x3104, 0x3104, 0x3104, 0x3104, 0x3104, 0xcccf, 0xf592, 0x3104, 0xf81f, 0xf81f, 0xf81f, 0xf81f,
    0xf81f, 0xf81f, 0xf81f, 0xf81f, 0xf81f, 0xf81f, 0xf81f, 0xf81f, 0xf81f, 0xf81f, 0xf81f, 0xf81f,
    0x3104, 0xf592, 0xcccf, 0x3104, 0x3104, 0x3104, 0x3104, 0x3104, 0x3104, 0x3104, 0x3104, 0x3104,
    0x3104, 0xf592, 0x3104, 0xf81f, 0xf81f, 0xf81f, 0xf81f, 0xf81f, 0xf81f, 0xf81f, 0xf81f, 0xf81f,
    0xf81f, 0xf81f, 0xf81f, 0xf81f, 0xf81f, 0xf81f, 0xf81f, 0xf81f, 0xf81f, 0xf81f, 0x3104, 0x3104,
    0x3104, 0xcccf, 0xcccf, 0xcccf, 0xf592, 0x3104, 0xf480, 0xe684, 0xf480, 0xf480, 0xe684, 0x3104,
    0xf81f, 0xf81f, 0xf81f, 0xf81f, 0xf81f, 0xf81f, 0xf81f, 0xf81f, 0xf81f, 0xf81f, 0xf81f, 0xf81f,
    0xf81f, 0xf81f, 0xf81f, 0xf81f, 0xf81f, 0xf81f, 0x3104, 0x3104, 0x3104, 0x3104, 0x3104, 0x3104,
    0x3104, 0x3104, 0xf480, 0xe684, 0xf480, 0xe684, 0x3104, 0xf81f, 0xf81f, 0xf81f, 0xf81f, 0xf81f,
    0xf81f, 0xf81f, 0xf81f, 0xf81f, 0xf81f, 0xf81f, 0xf81f, 0xf81f, 0xf81f, 0xf81f, 0xf81f, 0xf81f,
    0xf81f, 0x3104, 0xcccf, 0xf592, 0x3104, 0x3104, 0x3104, 0xf592, 0x3104, 0x3104, 0x3104, 0x3104,
    0xf592, 0xcccf, 0xcccf, 0x3104, 0xf81f, 0xf81f, 0xf81f, 0xf81f, 0xf81f, 0xf81f, 0xf81f, 0xf81f,
    0xf81f, 0xf81f, 0xf81f, 0xf81f, 0xf81f, 0xf81f, 0xf81f, 0xf81f, 0x3104, 0xcccf, 0xcccf, 0xf592,
    0x3104, 0x3104, 0x3104, 0x3104, 0xf592, 0x3104, 0x3104, 0x3104, 0xf592, 0xcccf, 0x3104, 0xf81f,
    0xf81f, 0xf81f, 0xf81f, 0xf81f, 0xf81f, 0xf81f, 0xf81f, 0xf81f, 0xf81f, 0xf81f, 0xf81f, 0xf81f,
    0xf81f, 0xf81f, 0xf81f, 0xf81f, 0xf81f, 0x3104, 0xcccf, 0x3104, 0xcccf, 0xf592, 0xf592, 0xf592,
    0x3104, 0x3104, 0x9510, 0xe684, 0xe684, 0xf480, 0xe684, 0x3104, 0xf81f, 0xf81f, 0xf81f, 0xf81f,
    0xf81f, 0xf81f, 0xf81f, 0xf81f, 0xf81f, 0xf81f, 0xf81f, 0xf81f, 0xf81f, 0xf81f, 0xf81f, 0xf81f,
    0xf81f, 0xf81f, 0x3104, 0x3104, 0x3104, 0xcccf, 0xcccf, 0xcccf, 0xf592, 0x3104, 0xf480, 0xe684,
    0xf480, 0xf480, 0xe684, 0x3104, 0xf81f, 0xf81f, 0xf81f, 0xf81f, 0xf81f, 0xf81f, 0xf81f, 0xf81f,
    0xf81f, 0xf81f, 0xf81f, 0xf81f, 0xf81f, 0xf81f, 0xf81f, 0xf81f, 0xf81f, 0xf81f, 0x3104, 0xf592,
    0xf592, 0xf592, 0x538c, 0xf592, 0xf592, 0xf592, 0xf592, 0xf592, 0xf592, 0xcccf, 0x3104, 0xf81f,
    0xf81f, 0xf81f, 0xf81f, 0xf81f, 0xf81f, 0xf81f, 0xf81f, 0xf81f, 0xf81f, 0xf81f, 0xf81f, 0xf81f,
    0xf81f, 0xf81f, 0xf81f, 0xf81f, 0xf81f, 0x3104, 0xcccf, 0xf592, 0xf592, 0xf592, 0xf592, 0xf592,
    0xf592, 0x538c, 0xf592, 0xf592, 0xf592, 0x3104, 0xf81f, 0xf81f, 0xf81f, 0xf81f, 0xf81f, 0xf81f,
    0xf81f, 0xf81f, 0xf81f, 0xf81f, 0xf81f, 0xf81f, 0xf81f, 0xf81f, 0xf81f, 0xf81f, 0xf81f, 0xf81f,
    0xf81f, 0x3104, 0xf592, 0xf592, 0xf592, 0xf592, 0xf592, 0xf592, 0xf592, 0xcccf, 0x9510, 0xf480,
    0xe684, 0xf480, 0x3104, 0xf81f, 0xf81f, 0xf81f, 0xf81f, 0xf81f, 0xf81f, 0xf81f, 0xf81f, 0xf81f,
    0xf81f, 0xf81f, 0xf81f, 0xf81f, 0xf81f, 0xf81f, 0xf81f, 0xf81f, 0xf81f, 0x3104, 0xcccf, 0x3104,
    0xcccf, 0xf592, 0xf592, 0xf592, 0x3104, 0x3104, 0x9510, 0xe684, 0xe684, 0xf480, 0xe684, 0x3104,
    0xf81f, 0xf81f, 0xf81f, 0xf81f, 0xf81f, 0xf81f, 0xf81f, 0xf81f, 0xf81f, 0xf81f, 0xf81f, 0xf81f,
    0xf81f, 0xf81f, 0xf81f, 0xf81f, 0xf81f, 0xf81f, 0x3104, 0x538c, 0xf492, 0xf592, 0x538c, 0x538c,
    0xf592, 0xf592, 0xf592, 0x538c, 0xcccf, 0xcccf, 0x3104, 0xf81f, 0xf81f, 0xf81f, 0xf81f, 0xf81f,
    0xf81f, 0xf81f, 0xf81f, 0xf81f, 0xf81f, 0xf81f, 0xf81f, 0xf81f, 0xf81f, 0xf81f, 0xf81f, 0xf81f,
    0xf81f, 0x3104, 0xcccf, 0xcccf, 0x538c, 0xf592, 0xf592, 0xf592, 0x538c, 0x538c, 0xf592, 0xf492,
    0x538c, 0x3104, 0xf81f, 0xf81f, 0xf81f, 0xf81f, 0xf81f, 0xf81f, 0xf81f, 0xf81f, 0xf81f, 0xf81f,
    0xf81f, 0xf81f, 0xf81f, 0xf81f, 0xf81f, 0xf81f, 0xf81f, 0xf81f, 0xf81f, 0xf81f, 0x3104, 0xcccf,
    0xf592, 0xf592, 0xf592, 0x538c, 0xf592, 0xf592, 0x3104, 0x9510, 0xe684, 0xe684, 0x3104, 0xf81f,
    0xf81f, 0xf81f, 0xf81f, 0xf81f, 0xf81f, 0xf81f, 0xf81f, 0xf81f, 0xf81f, 0xf81f, 0xf81f, 0xf81f,
    0xf81f, 0xf81f, 0xf81f, 0xf81f, 0xf81f, 0x3104, 0xf592, 0xf592, 0xf592, 0xf592, 0xf592, 0xf592,
    0xf592, 0xcccf, 0x9510, 0xf480, 0xe684, 0xf480, 0x3104, 0xf81f, 0xf81f, 0xf81f, 0xf81f, 0xf81f,
    0xf81f, 0xf81f, 0xf81f, 0xf81f, 0xf81f, 0xf81f, 0xf81f, 0xf81f, 0xf81f, 0xf81f, 0xf81f, 0xf81f,
    0xf81f, 0xf81f, 0x3104, 0xcccf, 0x538c, 0xf592, 0xf592, 0xf592, 0xf592, 0xf592, 0x538c, 0xf592,
    0xcccf, 0x3104, 0xe684, 0x3104, 0xf81f, 0xf81f, 0xf81f, 0xf81f, 0xf81f, 0xf81f, 0xf81f, 0xf81f,
    0xf81f, 0xf81f, 0xf81f, 0xf81f, 0xf81f, 0xf81f, 0xf81f, 0xf81f, 0x3104, 0xe684, 0x3104, 0xcccf,
    0xf592, 0x538c, 0xf592, 0xf592, 0xf592, 0xf592, 0xf592, 0x538c, 0xcccf, 0x3104, 0xf81f, 0xf81f,
    0xf81f, 0xf81f, 0xf81f, 0xf81f, 0xf81f, 0xf81f, 0xf81f, 0xf81f, 0xf81f, 0xf81f, 0xf81f, 0xf81f,
    0xf81f, 0xf81f, 0xf81f, 0xf81f, 0xf81f, 0xf81f, 0x3104, 0xcccf, 0x9006, 0xf592, 0x538c, 0x9510,
    0xf592, 0xf592, 0x3104, 0xf480, 0xe684, 0xf480, 0xe684, 0x3104, 0xf81f, 0xf81f, 0xf81f, 0xf81f,
    0xf81f, 0xf81f, 0xf81f, 0xf81f, 0xf81f, 0xf81f, 0xf81f, 0xf81f, 0xf81f, 0xf81f, 0xf81f, 0xf81f,
    0xf81f, 0xf81f, 0x3104, 0xcccf, 0xf592, 0xf592, 0xf592, 0x538c, 0xf592, 0xf592, 0x3104, 0x9510,
    0xe684, 0xe684, 0x3104, 0xf81f, 0xf81f, 0xf81f, 0xf81f, 0xf81f, 0xf81f, 0xf81f, 0xf81f, 0xf81f,
    0xf81f, 0xf81f, 0xf81f, 0xf81f, 0xf81f, 0xf81f, 0xf81f, 0xf81f, 0xf81f, 0xf81f, 0x3104, 0x3104,
    0x9510, 0xf592, 0x9006, 0x9006, 0x9006, 0xf592, 0x9510, 0xcccf, 0x3104, 0xe684, 0xe684, 0x3104,
    0xf81f, 0xf81f, 0xf81f, 0xf81f, 0xf81f, 0xf81f, 0xf81f, 0xf81f, 0xf81f, 0xf81f, 0xf81f, 0xf81f,
    0xf81f, 0xf81f, 0xf81f, 0xf81f, 0x3104, 0xe684, 0xe684, 0x3104, 0xcccf, 0x9510, 0xf592, 0x9006,
    0x9006, 0x9006, 0xf592, 0x9510, 0x3104, 0x3104, 0xf81f, 0xf81f, 0xf81f, 0xf81f, 0xf81f, 0xf81f,
    0xf81f, 0xf81f, 0xf81f, 0xf81f, 0xf81f, 0xf81f, 0xf81f, 0xf81f, 0xf81f, 0xf81f, 0xf81f, 0xf81f,
    0xf81f, 0xf81f, 0x3104, 0x9006, 0xf592, 0xf592, 0x538c, 0xf592, 0xf592, 0x3104, 0xf480, 0xf480,
    0xe684, 0xf480, 0xe684, 0x3104, 0xf81f, 0xf81f, 0xf81f, 0xf81f, 0xf81f, 0xf81f, 0xf81f, 0xf81f,
    0xf81f, 0xf81f, 0xf81f, 0xf81f, 0xf81f, 0xf81f, 0xf81f, 0xf81f, 0xf81f, 0xf81f, 0x3104, 0xcccf,
    0x9006, 0xf592, 0x538c, 0x9510, 0xf592, 0xf592, 0x3104, 0xf480, 0xe684, 0xf480, 0xe684, 0x3104,
    0xf81f, 0xf81f, 0xf81f, 0xf81f, 0xf81f, 0xf81f, 0xf81f, 0xf81f, 0xf81f, 0xf81f, 0xf81f, 0xf81f,
    0xf81f, 0xf81f, 0xf81f, 0xf81f, 0xf81f, 0x3104, 0xf592, 0x3104, 0x3104, 0xcccf, 0xf592, 0x9006,
    0xf592, 0xcccf, 0xcccf, 0x3104, 0x3104, 0xe684, 0xe684, 0x3104, 0xf81f, 0xf81f, 0xf81f, 0xf81f,
    0xf81f, 0xf81f, 0xf81f, 0xf81f, 0xf81f, 0xf81f, 0xf81f, 0xf81f, 0xf81f, 0xf81f, 0xf81f, 0xf81f,
    0x3104, 0xe684, 0xe684, 0x3104, 0x3104, 0xcccf, 0xcccf, 0xf592, 0x9006, 0xf592, 0xcccf, 0x3104,
    0x3104, 0xf592, 0x3104, 0xf81f, 0xf81f, 0xf81f, 0xf81f, 0xf81f, 0xf81f, 0xf81f, 0xf81f, 0xf81f,
    0xf81f, 0xf81f, 0xf81f, 0xf81f, 0xf81f, 0xf81f, 0xf81f, 0xf81f, 0xf81f, 0xf81f, 0xf81f, 0x3104,
    0xcccf, 0xcccf, 0x9510, 0xf592, 0x3104, 0x3104, 0xf480, 0xf480, 0xf480, 0xe684, 0xf480, 0x3104,
    0xf81f, 0xf81f, 0xf81f, 0xf81f, 0xf81f, 0xf81f, 0xf81f, 0xf81f, 0xf81f, 0xf81f, 0xf81f, 0xf81f,
    0xf81f, 0xf81f, 0xf81f, 0xf81f, 0xf81f, 0xf81f, 0x3104, 0x9006, 0xf592, 0xf592, 0x538c, 0xf592,
    0xf592, 0x3104, 0xf480, 0xf480, 0xe684, 0xf480, 0xe684, 0x3104, 0xf81f, 0xf81f, 0xf81f, 0xf81f,
    0xf81f, 0xf81f, 0xf81f, 0xf81f, 0xf81f, 0xf81f, 0xf81f, 0xf81f, 0xf81f, 0xf81f, 0xf81f, 0xf81f,
    0x3104, 0xf79e, 0xf592, 0x3104, 0xf00c, 0x3104, 0xcccf, 0xcccf, 0xf592, 0x3104, 0x3104, 0xf00c,
    0x3104, 0x3104, 0x3104, 0xf81f, 0xf81f, 0xf81f, 0xf81f, 0xf81f, 0xf81f, 0xf81f, 0xf81f, 0xf81f,
    0xf81f, 0xf81f, 0xf81f, 0xf81f, 0xf81f, 0xf81f, 0xf81f, 0xf81f, 0xf81f, 0x3104, 0x3104, 0x3104,
    0xf00c, 0x3104, 0x3104, 0xf592, 0xcccf, 0xcccf, 0x3104, 0xf00c, 0x3104, 0xf592, 0xf79e, 0x3104,
    0xf81f, 0xf81f, 0xf81f, 0xf81f, 0xf81f, 0xf81f, 0xf81f, 0xf81f, 0xf81f, 0xf81f, 0xf81f, 0xf81f,
    0xf81f, 0xf81f, 0xf81f, 0xf81f, 0xf81f, 0xf81f, 0xf81f, 0xf81f, 0x3104, 0x3104, 0x3104, 0x3104,
    0xf00c, 0xf00c, 0x3104, 0xf480, 0xf480, 0xe684, 0x3104, 0xf81f, 0xf81f, 0xf81f, 0xf81f, 0xf81f,
    0xf81f, 0xf81f, 0xf81f, 0xf81f, 0xf81f, 0xf81f, 0xf81f, 0xf81f, 0xf81f, 0xf81f, 0xf81f, 0xf81f,
    0xf81f, 0xf81f, 0xf81f, 0x3104, 0xcccf, 0xcccf, 0x9510, 0xf592, 0x3104, 0x3104, 0xf480, 0xf480,
    0xf480, 0xe684, 0xf480, 0x3104, 0xf81f, 0xf81f, 0xf81f, 0xf81f, 0xf81f, 0xf81f, 0xf81f, 0xf81f,
    0xf81f, 0xf81f, 0xf81f, 0xf81f, 0xf81f, 0xf81f, 0xf81f, 0xf81f, 0x3104, 0xf592, 0xf592, 0xf00c,
    0x3104, 0xf00c, 0x3104, 0x3104, 0x3104, 0xf79e, 0xf00c, 0x3104, 0xf00c, 0x9006, 0x3104, 0xf81f,
    0xf81f, 0xf81f, 0xf81f, 0xf81f, 0xf81f, 0xf81f, 0xf81f, 0xf81f, 0xf81f, 0xf81f, 0xf81f, 0xf81f,
    0xf81f, 0xf81f, 0xf81f, 0xf81f, 0xf81f, 0x3104, 0x9006, 0xf00c, 0x3104, 0xf00c, 0xf79e, 0x3104,
    0x3104, 0x3104, 0xf00c, 0x3104, 0xf00c, 0xf592, 0xf592, 0x3104, 0xf81f, 0xf81f, 0xf81f, 0xf81f,
    0xf81f, 0xf81f, 0xf81f, 0xf81f, 0xf81f, 0xf81f, 0xf81f, 0xf81f, 0xf81f, 0xf81f, 0xf81f, 0xf81f,
    0xf81f, 0xf81f, 0xf81f, 0xf81f, 0x3104, 0xce59, 0x3104, 0xf00c, 0x3104, 0x9006, 0xf00c, 0x3104,
    0xf480, 0xe684, 0x3104, 0xf81f, 0xf81f, 0xf81f, 0xf81f, 0xf81f, 0xf81f, 0xf81f, 0xf81f, 0xf81f,
    0xf81f, 0xf81f, 0xf81f, 0xf81f, 0xf81f, 0xf81f, 0xf81f, 0xf81f, 0xf81f, 0xf81f, 0xf81f, 0xf81f,
    0x3104, 0x3104, 0x3104, 0x3104, 0xf00c, 0xf00c, 0x3104, 0xf480, 0xf480, 0xe684, 0x3104, 0xf81f,
    0xf81f, 0xf81f, 0xf81f, 0xf81f, 0xf81f, 0xf81f, 0xf81f, 0xf81f, 0xf81f, 0xf81f, 0xf81f, 0xf81f,
    0xf81f, 0xf81f, 0xf81f, 0xf81f, 0xf81f, 0x3104, 0xf00c, 0xf00c, 0x9006, 0x3104, 0xce59, 0xf79e,
    0xf00c, 0xf79e, 0x3104, 0x9006, 0xf00c, 0xf79e, 0xf592, 0x3104, 0xf81f, 0xf81f, 0xf81f, 0xf81f,
    0xf81f, 0xf81f, 0xf81f, 0xf81f, 0xf81f, 0xf81f, 0xf81f, 0xf81f, 0xf81f, 0xf81f, 0xf81f, 0xf81f,
    0x3104, 0xf592, 0xf79e, 0xf00c, 0x9006, 0x3104, 0xf79e, 0xf00c, 0xf79e, 0xce59, 0x3104, 0x9006,
    0xf00c, 0xf00c, 0x3104, 0xf81f, 0xf81f, 0xf81f, 0xf81f, 0xf81f, 0xf81f, 0xf81f, 0xf81f, 0xf81f,
    0xf81f, 0xf81f, 0xf81f, 0xf81f, 0xf81f, 0xf81f, 0xf81f, 0xf81f, 0xf81f, 0xf81f, 0xf81f, 0x3104,
    0x9006, 0xf79e, 0xf00c, 0x9006, 0xf00c, 0x9006, 0xf00c, 0x9006, 0x3104, 0x3104, 0xf81f, 0xf81f,
    0xf81f, 0xf81f, 0xf81f, 0xf81f, 0xf81f, 0xf81f, 0xf81f, 0xf81f, 0xf81f, 0xf81f, 0xf81f, 0xf81f,
    0xf81f, 0xf81f, 0xf81f, 0xf81f, 0xf81f, 0xf81f, 0xf81f, 0xf81f, 0x3104, 0xce59, 0x3104, 0x9006,
    0xf00c, 0x9006, 0x3104, 0xf480, 0xf480, 0xe684, 0x3104, 0xf81f, 0xf81f, 0xf81f, 0xf81f, 0xf81f,
    0xf81f, 0xf81f, 0xf81f, 0xf81f, 0xf81f, 0xf81f, 0xf81f, 0xf81f, 0xf81f, 0xf81f, 0xf81f, 0xf81f,
    0xf81f, 0xf81f, 0x3104, 0xf00c, 0x9006, 0x3104, 0xf00c, 0xf79e, 0xf79e, 0xf00c, 0x3104, 0x9006,
    0xf00c, 0xf592, 0xf592, 0x3104, 0xf81f, 0xf81f, 0xf81f, 0xf81f, 0xf81f, 0xf81f, 0xf81f, 0xf81f,
    0xf81f, 0xf81f, 0xf81f, 0xf81f, 0xf81f, 0xf81f, 0xf81f, 0xf81f, 0x3104, 0xf592, 0xf592, 0xf00c,
    0x9006, 0x3104, 0xf00c, 0xf79e, 0xf79e, 0xf00c, 0x3104, 0x9006, 0xf00c, 0x3104, 0xf81f, 0xf81f,
    0xf81f, 0xf81f, 0xf81f, 0xf81f, 0xf81f, 0xf81f, 0xf81f, 0xf81f, 0xf81f, 0xf81f, 0xf81f, 0xf81f,
    0xf81f, 0xf81f, 0xf81f, 0xf81f, 0xf81f, 0xf81f, 0xf81f, 0x3104, 0xce59, 0x9006, 0xf00c, 0x9006,
    0xf00c, 0x9006, 0xf00c, 0x9006, 0x3104, 0xf81f, 0xf81f, 0xf81f, 0xf81f, 0xf81f, 0xf81f, 0xf81f,
    0xf81f, 0xf81f, 0xf81f, 0xf81f, 0xf81f, 0xf81f, 0xf81f, 0xf81f, 0xf81f, 0xf81f, 0xf81f, 0xf81f,
    0xf81f, 0xf81f, 0xf81f, 0x3104, 0x9006, 0xf79e, 0xf00c, 0x9006, 0xf00c, 0x9006, 0xf00c, 0x3104,
    0x3104, 0x3104, 0xf81f, 0xf81f, 0xf81f, 0xf81f, 0xf81f, 0xf81f, 0xf81f, 0xf81f, 0xf81f, 0xf81f,
    0xf81f, 0xf81f, 0xf81f, 0xf81f, 0xf81f, 0xf81f, 0xf81f, 0xf81f, 0xf81f, 0xf81f, 0x3104, 0xf00c,
    0x9006, 0xf00c, 0x3104, 0xce59, 0x3104, 0x3104, 0xf00c, 0x9006, 0xf00c, 0x9006, 0x3104, 0xf81f,
    0xf81f, 0xf81f, 0xf81f, 0xf81f, 0xf81f, 0xf81f, 0xf81f, 0xf81f, 0xf81f, 0xf81f, 0xf81f, 0xf81f,
    0xf81f, 0xf81f, 0xf81f, 0xf81f, 0xf81f, 0x3104, 0x9006, 0xf00c, 0x9006, 0xf00c, 0x3104, 0x3104,
    0xce59, 0x3104, 0xf00c, 0x9006, 0xf00c, 0x3104, 0xf81f, 0xf81f, 0xf81f, 0xf81f, 0xf81f, 0xf81f,
    0xf81f, 0xf81f, 0xf81f, 0xf81f, 0xf81f, 0xf81f, 0xf81f, 0xf81f, 0xf81f, 0xf81f, 0xf81f, 0xf81f,
    0xf81f, 0xf81f, 0xf81f, 0x3104, 0x9006, 0x9006, 0xf00c, 0x9006, 0xf00c, 0xf79e, 0xf592, 0x9006,
    0x3104, 0xf81f, 0xf81f, 0xf81f, 0xf81f, 0xf81f, 0xf81f, 0xf81f, 0xf81f, 0xf81f, 0xf81f, 0xf81f,
    0xf81f, 0xf81f, 0xf81f, 0xf81f, 0xf81f, 0xf81f, 0xf81f, 0xf81f, 0xf81f, 0xf81f, 0xf81f, 0x3104,
    0xce59, 0xf79e, 0xf592, 0x9006, 0xf00c, 0x3104, 0xf00c, 0x3104, 0xf81f, 0xf81f, 0xf81f, 0xf81f,
    0xf81f, 0xf81f, 0xf81f, 0xf81f, 0xf81f, 0xf81f, 0xf81f, 0xf81f, 0xf81f, 0xf81f, 0xf81f, 0xf81f,
    0xf81f, 0xf81f, 0xf81f, 0xf81f, 0xf81f, 0xf81f, 0xf81f, 0x3104, 0x3104, 0x3104, 0x9006, 0x9006,
    0xf00c, 0x9006, 0xf79e, 0x9510, 0x538c, 0x3104, 0xf81f, 0xf81f, 0xf81f, 0xf81f, 0xf81f, 0xf81f,
    0xf81f, 0xf81f, 0xf81f, 0xf81f, 0xf81f, 0xf81f, 0xf81f, 0xf81f, 0xf81f, 0xf81f, 0xf81f, 0xf81f,
    0xf81f, 0xf81f, 0x3104, 0x538c, 0x9510, 0xf79e, 0x9006, 0xf00c, 0x9006, 0x9006, 0x3104, 0x3104,
    0x3104, 0xf81f, 0xf81f, 0xf81f, 0xf81f, 0xf81f, 0xf81f, 0xf81f, 0xf81f, 0xf81f, 0xf81f, 0xf81f,
    0xf81f, 0xf81f, 0xf81f, 0xf81f, 0xf81f, 0xf81f, 0xf81f, 0xf81f, 0xf81f, 0xf81f, 0xf81f, 0xf81f,
    0x3104, 0x3104, 0x3104, 0x9006, 0x9006, 0xf592, 0xcccf, 0x3104, 0xf81f, 0xf81f, 0xf81f, 0xf81f,
    0xf81f, 0xf81f, 0xf81f, 0xf81f, 0xf81f, 0xf81f, 0xf81f, 0xf81f, 0xf81f, 0xf81f, 0xf81f, 0xf81f,
    0xf81f, 0xf81f, 0xf81f, 0xf81f, 0xf81f, 0xf81f, 0xf81f, 0x3104, 0x9006, 0xf592, 0xcccf, 0x3104,
    0x3104, 0x9006, 0x9006, 0x3104, 0x3104, 0xf81f, 0xf81f, 0xf81f, 0xf81f, 0xf81f, 0xf81f, 0xf81f,
    0xf81f, 0xf81f, 0xf81f, 0xf81f, 0xf81f, 0xf81f, 0xf81f, 0xf81f, 0xf81f, 0xf81f, 0xf81f, 0xf81f,
    0xf81f, 0xf81f, 0xf81f, 0x3104, 0x9006, 0x9006, 0x9006, 0x3104, 0x9006, 0x9510, 0x3104, 0x3104,
    0x3104, 0x3104, 0x3104, 0xf81f, 0xf81f, 0xf81f, 0xf81f, 0xf81f, 0xf81f, 0xf81f, 0xf81f, 0xf81f,
    0xf81f, 0xf81f, 0xf81f, 0xf81f, 0xf81f, 0xf81f, 0xf81f, 0xf81f, 0xf81f, 0x3104, 0x3104, 0x3104,
    0x3104, 0x3104, 0x9510, 0x9006, 0x3104, 0x9006, 0x9006, 0x9006, 0x3104, 0xf81f, 0xf81f, 0xf81f,
    0xf81f, 0xf81f, 0xf81f, 0xf81f, 0xf81f, 0xf81f, 0xf81f, 0xf81f, 0xf81f, 0xf81f, 0xf81f, 0xf81f,
    0xf81f, 0xf81f, 0xf81f, 0xf81f, 0xf81f, 0xf81f, 0xf81f, 0xf81f, 0xf81f, 0x3104, 0x9006, 0x9006,
    0x9006, 0x3104, 0x9006, 0x3104, 0xf81f, 0xf81f, 0xf81f, 0xf81f, 0xf81f, 0xf81f, 0xf81f, 0xf81f,
    0xf81f, 0xf81f, 0xf81f, 0xf81f, 0xf81f, 0xf81f, 0xf81f, 0xf81f, 0xf81f, 0xf81f, 0xf81f, 0xf81f,
    0xf81f, 0x3104, 0x3104, 0x9006, 0x9006, 0x9006, 0x9006, 0x9006, 0x9006, 0x9006, 0x9006, 0x9006,
    0x9006, 0x3104, 0xf81f, 0xf81f, 0xf81f, 0xf81f, 0xf81f, 0xf81f, 0xf81f, 0xf81f, 0xf81f, 0xf81f,
    0xf81f, 0xf81f, 0xf81f, 0xf81f, 0xf81f, 0xf81f, 0xf81f, 0xf81f, 0xf81f, 0x538c, 0x3104, 0x538c,
    0x3104, 0x9006, 0x3104, 0x538c, 0x3104, 0x538c, 0x3104, 0x3104, 0x3104, 0x3104, 0x3104, 0xf81f,
    0xf81f, 0xf81f, 0xf81f, 0xf81f, 0xf81f, 0xf81f, 0xf81f, 0xf81f, 0xf81f, 0xf81f, 0xf81f, 0xf81f,
    0xf81f, 0xf81f, 0xf81f, 0xf81f, 0xf81f, 0x3104, 0x3104, 0x3104, 0x3104, 0x3104, 0x538c, 0x3104,
    0x538c, 0x3104, 0x9006, 0x3104, 0x538c, 0x3104, 0x538c, 0xf81f, 0xf81f, 0xf81f, 0xf81f, 0xf81f,
    0xf81f, 0xf81f, 0xf81f, 0xf81f, 0xf81f, 0xf81f, 0xf81f, 0xf81f, 0xf81f, 0xf81f, 0xf81f, 0xf81f,
    0xf81f, 0xf81f, 0xf81f, 0xf81f, 0xf81f, 0xf81f, 0x3104, 0x9006, 0x9006, 0x9006, 0x3104, 0xf81f,
    0xf81f, 0xf81f, 0xf81f, 0xf81f, 0xf81f, 0xf81f, 0xf81f, 0xf81f, 0xf81f, 0xf81f, 0xf81f, 0xf81f,
    0xf81f, 0xf81f, 0xf81f, 0xf81f, 0xf81f, 0xf81f, 0xf81f, 0xf81f, 0xf81f, 0x3104, 0x9510, 0x9006,
    0x9006, 0x9006, 0x3104, 0x3104, 0x3104, 0x9006, 0x9006, 0x9006, 0x538c, 0x3104, 0xf81f, 0xf81f,
    0xf81f, 0xf81f, 0xf81f, 0xf81f, 0xf81f, 0xf81f, 0xf81f, 0xf81f, 0xf81f, 0xf81f, 0xf81f, 0xf81f,
    0xf81f, 0xf81f, 0xf81f, 0xf81f, 0x538c, 0x538c, 0x538c, 0x3104, 0x3104, 0x3104, 0x3104, 0x538c,
    0x538c, 0x3104, 0x3104, 0x3104, 0x3104, 0x3104, 0x538c, 0x538c, 0xf81f, 0xf81f, 0xf81f, 0xf81f,
    0xf81f, 0xf81f, 0xf81f, 0xf81f, 0xf81f, 0xf81f, 0xf81f, 0xf81f, 0xf81f, 0xf81f, 0xf81f, 0xf81f,
    0x538c, 0x538c, 0x3104, 0x3104, 0x3104, 0x3104, 0x3104, 0x538c, 0x538c, 0x3104, 0x3104, 0x3104,
    0x3104, 0x538c, 0x538c, 0x538c, 0xf81f, 0xf81f, 0xf81f, 0xf81f, 0xf81f, 0xf81f, 0xf81f, 0xf81f,
    0xf81f, 0xf81f, 0xf81f, 0xf81f, 0xf81f, 0xf81f, 0xf81f, 0xf81f, 0x538c, 0x538c, 0x538c, 0x538c,
    0x3104, 0x3104, 0x538c, 0x9006, 0x9006, 0x9006, 0x3104, 0x538c, 0x538c, 0x538c, 0x538c, 0xf81f,
    0xf81f, 0xf81f, 0xf81f, 0xf81f, 0xf81f, 0xf81f, 0xf81f, 0xf81f, 0xf81f, 0xf81f, 0xf81f, 0xf81f,
    0xf81f, 0xf81f, 0xf81f, 0xf81f, 0xf81f, 0x538c, 0x3104, 0x538c, 0x9006, 0x3104, 0x538c, 0x538c,
    0x538c, 0x3104, 0x3104, 0x3104, 0x9510, 0x3104, 0x538c, 0xf81f, 0xf81f, 0xf81f, 0xf81f, 0xf81f,
    0xf81f, 0xf81f, 0xf81f, 0xf81f, 0xf81f, 0xf81f, 0xf81f, 0xf81f, 0xf81f, 0xf81f, 0xf81f, 0xf81f,
    0xf81f, 0x538c, 0x538c, 0x538c, 0x538c, 0x538c, 0x538c, 0x538c, 0x538c, 0x538c, 0x3104, 0x3104,
    0x3104, 0x538c, 0x538c, 0xf81f, 0xf81f, 0xf81f, 0xf81f, 0xf81f, 0xf81f, 0xf81f, 0xf81f, 0xf81f,
    0xf81f, 0xf81f, 0xf81f, 0xf81f, 0xf81f, 0xf81f, 0xf81f, 0xf81f, 0xf81f, 0x538c, 0x538c, 0x3104,
    0x3104, 0x3104, 0x538c, 0x538c, 0x538c, 0x538c, 0x538c, 0x538c, 0x538c, 0x538c, 0x538c, 0xf81f,
    0xf81f, 0xf81f, 0xf81f, 0xf81f, 0xf81f, 0xf81f, 0xf81f, 0xf81f, 0xf81f, 0xf81f, 0xf81f, 0xf81f,
    0xf81f, 0xf81f, 0xf81f, 0xf81f, 0xf81f, 0x538c, 0x538c, 0x538c, 0x538c, 0x3104, 0x3104, 0x3104,
    0x3104, 0x3104, 0x538c, 0x538c, 0x538c, 0x538c, 0xf81f, 0xf81f, 0xf81f, 0xf81f, 0xf81f, 0xf81f,
    0xf81f, 0xf81f, 0xf81f, 0xf81f, 0xf81f, 0xf81f, 0xf81f, 0xf81f, 0xf81f, 0xf81f, 0xf81f, 0xf81f,
    0x538c, 0x538c, 0x538c, 0x3104, 0x3104, 0x538c, 0x538c, 0x538c, 0x538c, 0x538c, 0x538c, 0x538c,
    0x3104, 0x3104, 0x538c, 0x538c, 0xf81f, 0xf81f, 0xf81f, 0xf81f, 0xf81f, 0xf81f, 0xf81f, 0xf81f,
    0xf81f, 0xf81f, 0xf81f, 0xf81f, 0xf81f, 0xf81f, 0xf81f, 0xf81f, 0xf81f, 0xf81f, 0xf81f, 0xf81f,
    0xf81f, 0xf81f, 0xf81f, 0xf81f, 0xf81f, 0xf81f, 0xf81f, 0xf81f, 0xf81f, 0xf81f, 0xf81f, 0xf81f,
    0xf81f, 0xf81f, 0xf81f, 0xf81f, 0xf81f, 0xf81f, 0xf81f, 0xf81f, 0xf81f, 0xf81f, 0xf81f, 0xf81f,
    0xf81f, 0xf81f, 0xf81f, 0xf81f, 0xf81f, 0xf81f, 0xf81f, 0xf81f, 0xf81f, 0xf81f, 0xf81f, 0xf81f,
    0xf81f, 0xf81f, 0xf81f, 0xf81f, 0xf81f, 0xf81f, 0xf81f, 0xf81f, 0xf81f, 0xf81f, 0xf81f, 0xf81f,
    0xf81f, 0xf81f, 0xf81f, 0xf81f, 0xf81f, 0xf81f, 0xf81f, 0xf81f, 0xf81f, 0xf81f, 0xf81f, 0xf81f,
    0xf81f, 0xf81f, 0xf81f, 0xf81f, 0xf81f, 0xf81f, 0xf81f, 0xf81f, 0xf81f, 0xf81f, 0xf81f, 0xf81f,
    0xf81f, 0xf81f, 0xf81f, 0xf81f, 0xf81f, 0xf81f, 0xf81f, 0xf81f, 0xf81f, 0xf81f, 0xf81f, 0xf81f,
    0xf81f, 0xf81f, 0xf81f, 0xf81f, 0xf81f, 0xf81f, 0xf81f, 0xf81f, 0xf81f, 0xf81f, 0xf81f, 0xf81f,
    0xf81f, 0xf81f, 0xf81f, 0xf81f, 0xf81f, 0xf81f, 0xf81f, 0xf81f, 0xf81f, 0xf81f, 0xf81f, 0xf81f,
    0xf81f, 0xf81f, 0xf81f, 0xf81f, 0xf81f, 0xf81f, 0xf81f, 0xf81f, 0xf81f, 0xf81f, 0xf81f, 0xf81f,
    0xf81f, 0xf81f, 0xf81f, 0xf81f, 0xf81f, 0xf81f, 0xf81f, 0xf81f, 0xf81f, 0xf81f, 0xf81f, 0xf81f,
    0xf81f, 0xf81f, 0xf81f, 0xf81f, 0xf81f, 0xf81f, 0xf81f, 0xf81f, 0xf81f, 0xf81f, 0xf81f, 0xf81f,
    0xf81f, 0xf81f, 0xf81f, 0xf81f, 0xf81f, 0xf81f, 0xf81f, 0xf81f, 0xf81f, 0xf81f, 0xf81f, 0xf81f,
    0xf81f, 0xf81f, 0xf81f, 0xf81f, 0xf81f, 0xf81f, 0xf81f, 0xf81f, 0xf81f, 0xf81f, 0xf81f, 0xf81f,
    0xf81f, 0xf81f, 0xf81f, 0xf81f, 0xf81f, 0xf81f, 0xf81f, 0xf81f, 0xf81f, 0xf81f, 0xf81f, 0xf81f,
    0xf81f, 0xf81f, 0xf81f, 0xf81f, 0xf81f, 0xf81f, 0xf81f, 0xf81f, 0xf81f, 0xf81f, 0xf81f, 0xf81f,
    0xf81f, 0xf81f, 0xf81f, 0xf81f, 0xf81f, 0xf81f, 0xf81f, 0xf81f, 0xf81f, 0xf81f, 0xf81f, 0xf81f,
    0xf81f, 0xf81f, 0xf81f, 0xf81f, 0xf81f, 0xf81f, 0xf81f, 0xf81f, 0xf81f, 0xf81f, 0xf81f, 0xf81f,
    0xf81f, 0xf81f, 0xf81f, 0xf81f, 0xf81f, 0xf81f, 0xf81f, 0xf81f, 0xf81f, 0xf81f, 0xf81f, 0xf81f,
    0xf81f, 0xf81f, 0xf81f, 0xf81f, 0xf81f, 0xf81f, 0xf81f, 0xf81f, 0xf81f, 0xf81f, 0xf81f, 0xf81f,
    0xf81f, 0xf81f, 0xf81f, 0xf81f, 0xf81f, 0xf81f, 0xf81f, 0xf81f, 0xf81f, 0xf81f, 0xf81f, 0xf81f,
    0xf81f, 0xf81f, 0xf81f, 0xf81f, 0xf81f, 0xf81f, 0xf81f, 0xf81f, 0xf81f, 0xf81f, 0xf81f, 0xf81f,
    0xf81f, 0xf81f, 0xf81f, 0xf81f, 0xf81f, 0xf81f, 0xf81f, 0xf81f, 0xf81f, 0xf81f, 0xf81f, 0xf81f,
    0xf81f, 0xf81f, 0xf81f, 0xf81f, 0xf81f, 0xf81f, 0xf81f, 0xf81f, 0xf81f, 0xf81f, 0xf81f, 0xf81f,
    0xf81f, 0xf81f, 0xf81f, 0xf81f, 0xf81f, 0xf81f, 0xf81f, 0xf81f, 0xf81f, 0xf81f, 0xf81f, 0xf81f,
    0xf81f, 0xf81f, 0xf81f, 0xf81f, 0xf81f, 0xf81f, 0xf81f, 0xf81f, 0xf81f, 0xf81f, 0xf81f, 0xf81f,
    0xf81f, 0xf81f, 0xf81f, 0xf81f, 0xf81f, 0xf81f, 0xf81f, 0xf81f, 0xf81f, 0xf81f, 0xf81f, 0xf81f,
    0xf81f, 0xf81f, 0xf81f, 0xf81f, 0xf81f, 0xf81f, 0xf81f, 0xf81f, 0xf81f, 0xf81f, 0xf81f, 0xf81f,
    0xf81f, 0xf81f, 0xf81f, 0xf81f, 0xf81f, 0xf81f, 0xf81f, 0xf81f, 0xf81f, 0xf81f, 0xf81f, 0xf81f,
    0xf81f, 0xf81f, 0xf81f, 0xf81f, 0xf81f, 0xf81f, 0xf81f, 0xf81f, 0xf81f, 0xf81f, 0xf81f, 0xf81f,
    0xf81f, 0xf81f, 0xf81f, 0xf81f, 0xf81f, 0xf81f, 0xf81f, 0xf81f, 0xf81f, 0xf81f, 0xf81f, 0xf81f,
    0xf81f, 0xf81f, 0xf81f, 0xf81f, 0xf81f, 0xf81f, 0xf81f, 0xf81f, 0xf81f, 0xf81f, 0xf81f, 0xf81f,
    0xf81f, 0xf81f, 0xf81f, 0xf81f, 0xf81f, 0xf81f, 0xf81f, 0xf81f, 0xf81f, 0xf81f, 0xf81f, 0xf81f,
    0xf81f, 0xf81f, 0xf81f, 0xf81f, 0xf81f, 0xf81f, 0xf81f, 0xf81f, 0xf81f, 0xf81f, 0xf81f, 0xf81f,
    0xf81f, 0xf81f, 0xf81f, 0xf81f, 0xf81f, 0xf81f, 0xf81f, 0xf81f, 0xf81f, 0xf81f, 0xf81f, 0xf81f,
    0xf81f, 0xf81f, 0xf81f, 0xf81f, 0xf81f, 0xf81f, 0xf81f, 0xf81f, 0xf81f, 0xf81f, 0xf81f, 0xf81f,
    0xf81f, 0xf81f, 0xf81f, 0xf81f, 0xf81f, 0xf81f, 0xf81f, 0xf81f, 0xf81f, 0xf81f, 0xf81f, 0xf81f,
    0xf81f, 0xf81f, 0xf81f, 0xf81f, 0xf81f, 0xf81f, 0xf81f, 0xf81f, 0xf81f, 0xf81f, 0xf81f, 0xf81f,
    0xf81f, 0xf81f, 0xf81f, 0xf81f, 0xf81f, 0xf81f, 0xf81f, 0xf81f, 0xf81f, 0xf81f, 0xf81f, 0xf81f,
    0xf81f, 0xf81f, 0xf81f, 0xf81f, 0xf81f, 0xf81f, 0xf81f, 0xf81f, 0xf81f, 0xf81f, 0xf81f, 0xf81f,
    0xf81f, 0xf81f, 0xf81f, 0xf81f, 0xf81f, 0xf81f, 0xf81f, 0xf81f, 0xf81f, 0xf81f, 0xf81f, 0xf81f,
    0xf81f, 0xf81f, 0xf81f, 0xf81f, 0xf81f, 0xf81f, 0xf81f, 0xf81f, 0xf81f, 0xf81f, 0xf81f, 0xf81f,
    0xf81f, 0xf81f, 0xf81f, 0xf81f, 0xf81f, 0xf81f, 0xf81f, 0xf81f, 0xf81f, 0xf81f, 0xf81f, 0xf81f,
    0xf81f, 0xf81f, 0xf81f, 0xf81f, 0xf81f, 0xf81f, 0xf81f, 0xf81f, 0xf81f, 0xf81f, 0xf81f, 0xf81f,
    0xf81f, 0xf81f, 0xf81f, 0xf81f, 0xf81f, 0xf81f, 0xf81f, 0xf81f, 0xf81f, 0xf81f, 0xf81f, 0xf81f,
    0xf81f, 0xf81f, 0xf81f, 0xf81f, 0xf81f, 0xf81f, 0xf81f, 0xf81f, 0xf81f, 0xf81f, 0xf81f, 0xf81f,
    0xf81f, 0xf81f, 0xf81f, 0xf81f, 0xf81f, 0xf81f, 0xf81f, 0xf81f, 0xf81f, 0xf81f, 0xf81f, 0xf81f,
    0xf81f, 0xf81f, 0xf81f, 0xf81f, 0xf81f, 0xf81f, 0xf81f, 0xf81f, 0xf81f, 0xf81f, 0xf81f, 0xf81f,
    0xf81f, 0xf81f, 0xf81f, 0xf81f, 0xf81f, 0xf81f, 0xf81f, 0xf81f, 0xf81f, 0xf81f, 0xf81f, 0xf81f,
    0xf81f, 0xf81f, 0xf81f, 0xf81f, 0xf81f, 0xf81f, 0xf81f, 0xf81f, 0xf81f, 0xf81f, 0xf81f, 0xf81f,
    0xf81f, 0xf81f, 0xf81f, 0xf81f, 0xf81f, 0xf81f, 0xf81f, 0xf81f, 0xf81f, 0xf81f, 0xf81f, 0xf81f,
    0xf81f, 0xf81f, 0xf81f, 0xf81f, 0xf81f, 0xf81f, 0xf81f, 0xf81f, 0xf81f, 0xf81f, 0xf81f, 0xf81f,
    0xf81f, 0xf81f, 0xf81f, 0xf81f, 0xf81f, 0xf81f, 0xf81f, 0xf81f, 0xf81f, 0xf81f, 0xf81f, 0xf81f,
    0xf81f, 0xf81f, 0xf81f, 0xf81f, 0xf81f, 0xf81f, 0xf81f, 0xf81f, 0xf81f, 0xf81f, 0xf81f, 0xf81f,
    0xf81f, 0xf81f, 0xf81f, 0xf81f, 0xf81f, 0xf81f, 0xf81f, 0xf81f, 0xf81f, 0xf81f, 0xf81f, 0xf81f,
    0xf81f, 0xf81f, 0xf81f, 0xf81f, 0xf81f, 0xf81f, 0xf81f, 0xf81f, 0xf81f, 0xf81f, 0xf81f, 0xf81f,
    0xf81f, 0xf81f, 0xf81f, 0xf81f, 0xf81f, 0xf81f, 0xf81f, 0xf81f, 0xf81f, 0xf81f, 0xf81f, 0xf81f,
    0xf81f, 0xf81f, 0xf81f, 0xf81f, 0xf81f, 0xf81f, 0xf81f, 0xf81f, 0xf81f, 0xf81f, 0xf81f, 0xf81f,
    0xf81f, 0xf81f, 0xf81f, 0xf81f, 0xf81f, 0xf81f, 0xf81f, 0xf81f, 0xf81f, 0xf81f, 0xf81f, 0xf81f,
    0xf81f, 0xf81f, 0xf81f, 0xf81f, 0xf81f, 0xf81f, 0xf81f, 0xf81f, 0xf81f, 0xf81f, 0xf81f, 0xf81f,
    0xf81f, 0xf81f, 0xf81f, 0xf81f, 0xf81f, 0xf81f, 0xf81f, 0xf81f, 0xf81f, 0xf81f, 0xf81f, 0xf81f,
    0xf81f, 0xf81f, 0xf81f, 0xf81f, 0xf81f, 0xf81f, 0xf81f, 0xf81f, 0xf81f, 0xf81f, 0xf81f, 0xf81f,
    0xf81f, 0xf81f, 0xf81f, 0xf81f, 0xf81f, 0xf81f, 0xf81f, 0xf81f, 0xf81f, 0xf81f, 0xf81f, 0xf81f,
    0xf81f, 0xf81f, 0xf81f, 0xf81f, 0xf81f, 0xf81f, 0xf81f, 0xf81f, 0xf81f, 0xf81f, 0xf81f, 0xf81f,
    0xf81f, 0xf81f, 0xf81f, 0xf81f, 0xf81f, 0xf81f, 0xf81f, 0xf81f, 0xf81f, 0xf81f, 0xf81f, 0xf81f,
    0xf81f, 0xf81f, 0xf81f, 0xf81f, 0xf81f, 0xf81f, 0xf81f, 0xf81f, 0xf81f, 0xf81f, 0xf81f, 0xf81f,
    0xf81f, 0xf81f, 0xf81f, 0xf81f, 0xf81f, 0xf81f, 0xf81f, 0xf81f, 0xf81f, 0xf81f, 0xf81f, 0xf81f,
    0xf81f, 0xf81f, 0xf81f, 0xf81f, 0xf81f, 0xf81f, 0xf81f, 0xf81f, 0xf81f, 0xf81f, 0xf81f, 0xf81f,
    0xf81f, 0xf81f, 0xf81f, 0xf81f, 0xf81f, 0xf81f, 0xf81f, 0xf81f, 0xf81f, 0xf81f, 0xf81f, 0xf81f,
    0xf81f, 0xf81f, 0xf81f, 0xf81f, 0xf81f, 0xf81f, 0xf81f, 0xf81f, 0xf81f, 0xf81f, 0xf81f, 0xf81f,
    0xf81f, 0xf81f, 0xf81f, 0xf81f, 0xf81f, 0xf81f, 0xf81f, 0xf81f, 0xf81f, 0xf81f, 0xf81f, 0xf81f,
    0xf81f, 0xf81f, 0xf81f, 0xf81f, 0xf81f, 0xf81f, 0xf81f, 0xf81f, 0xf81f, 0xf81f, 0xf81f, 0xf81f,
    0xf81f, 0xf81f, 0xf81f, 0xf81f, 0xf81f, 0xf81f, 0xf81f, 0xf81f, 0xf81f, 0xf81f, 0xf81f, 0xf81f,
    0xf81f, 0xf81f, 0xf81f, 0xf81f, 0xf81f, 0xf81f, 0xf81f, 0xf81f, 0xf81f, 0xf81f, 0xf81f, 0xf81f,
    0xf81f, 0xf81f, 0xf81f, 0xf81f, 0xf81f, 0xf81f, 0xf81f, 0xf81f, 0xf81f, 0xf81f, 0xf81f, 0xf81f,
    0xf81f, 0xf81f, 0xf81f, 0xf81f, 0xf81f, 0xf81f, 0xf81f, 0xf81f, 0xf81f, 0xf81f, 0xf81f, 0xf81f,
    0xf81f, 0xf81f, 0xf81f, 0xf81f, 0xf81f, 0xf81f, 0xf81f, 0xf81f, 0xf81f, 0xf81f, 0xf81f, 0xf81f,
    0xf81f, 0xf81f, 0xf81f, 0xf81f, 0xf81f, 0xf81f, 0xf81f, 0xf81f, 0xf81f, 0xf81f, 0xf81f, 0xf81f,
    0xf81f, 0xf81f, 0xf81f, 0xf81f, 0xf81f, 0xf81f, 0xf81f, 0xf81f, 0xf81f, 0xf81f, 0xf81f, 0xf81f,
    0xf81f, 0xf81f, 0xf81f, 0xf81f, 0xf81f, 0xf81f, 0xf81f, 0xf81f, 0xf81f, 0xf81f, 0xf81f, 0xf81f,
    0xf81f, 0xf81f, 0xf81f, 0xf81f, 0xf81f, 0xf81f, 0xf81f, 0xf81f, 0xf81f, 0xf81f, 0xf81f, 0xf81f,
    0xf81f, 0xf81f, 0xf81f, 0xf81f, 0xf81f, 0xf81f, 0xf81f, 0xf81f, 0xf81f, 0xf81f, 0xf81f, 0xf81f,
    0xf81f, 0xf81f, 0xf81f, 0xf81f, 0xf81f, 0xf81f, 0xf81f, 0xf81f, 0xf81f, 0xf81f, 0xf81f, 0xf81f,
    0xf81f, 0xf81f, 0xf81f, 0xf81f, 0xf81f, 0xf81f, 0xf81f, 0xf81f, 0xf81f, 0xf81f, 0xf81f, 0xf81f,
    0xf81f, 0xf81f, 0xf81f, 0xf81f, 0xf81f, 0xf81f, 0xf81f, 0xf81f, 0xf81f, 0xf81f, 0xf81f, 0xf81f,
    0xf81f, 0xf81f, 0xf81f, 0xf81f, 0xf81f, 0xf81f, 0xf81f, 0xf81f, 0xf81f, 0xf81f, 0xf81f, 0xf81f,
    0xf81f, 0xf81f, 0xf81f, 0xf81f, 0xf81f, 0xf81f, 0xf81f, 0xf81f, 0xf81f, 0xf81f, 0xf81f, 0xf81f,
    0xf81f, 0xf81f, 0xf81f, 0xf81f, 0xf81f, 0xf81f, 0xf81f, 0xf81f, 0xf81f, 0xf81f, 0xf81f, 0xf81f,
    0xf81f, 0xf81f, 0xf81f, 0xf81f, 0xf81f, 0xf81f, 0xf81f, 0xf81f, 0xf81f, 0xf81f, 0xf81f, 0xf81f,
    0xf81f, 0xf81f, 0xf81f, 0xf81f, 0xf81f, 0xf81f, 0xf81f, 0xf81f, 0xf81f, 0xf81f, 0xf81f, 0xf81f,
    0xf81f, 0xf81f, 0xf81f, 0xf81f, 0xf81f, 0xf81f, 0xf81f, 0xf81f, 0xf81f, 0xf81f, 0xf81f, 0xf81f,
    0xf81f, 0xf81f, 0xf81f, 0xf81f, 0xf81f, 0xf81f, 0xf81f, 0xf81f, 0xf81f, 0xf81f, 0xf81f, 0xf81f,
    0xf81f, 0xf81f, 0xf81f, 0xf81f, 0xf81f, 0xf81f, 0xf81f, 0xf81f, 0xf81f, 0xf81f, 0xf81f, 0xf81f,
    0xf81f, 0xf81f, 0xf81f, 0xf81f, 0xf81f, 0xf81f, 0xf81f, 0xf81f, 0xf81f, 0xf81f, 0xf81f, 0xf81f,
    0xf81f, 0xf81f, 0xf81f, 0xf81f, 0xf81f, 0xf81f, 0xf81f, 0xf81f, 0xf81f, 0xf81f, 0xf81f, 0xf81f,
    0xf81f, 0xf81f, 0xf81f, 0xf81f, 0xf81f, 0xf81f, 0xf81f, 0xf81f, 0xf81f, 0xf81f, 0xf81f, 0xf81f,
    0xf81f, 0xf81f, 0xf81f, 0xf81f, 0xf81f, 0xf81f, 0xf81f, 0xf81f, 0xf81f, 0xf81f, 0xf81f, 0xf81f,
    0xf81f, 0xf81f, 0xf81f, 0xf81f, 0xf81f, 0xf81f, 0xf81f, 0xf81f, 0xf81f, 0xf81f, 0xf81f, 0xf81f,
    0xf81f, 0xf81f, 0xf81f, 0xf81f, 0xf81f, 0xf81f, 0xf81f, 0xf81f, 0xf81f, 0xf81f, 0xf81f, 0xf81f,
    0xf81f, 0xf81f, 0xf81f, 0xf81f, 0xf81f, 0xf81f, 0xf81f, 0xf81f, 0xf81f, 0xf81f, 0xf81f, 0xf81f,
    0xf81f, 0xf81f, 0xf81f, 0xf81f, 0xf81f, 0xf81f, 0xf81f, 0xf81f, 0xf81f, 0xf81f, 0xf81f, 0xf81f,
    0xf81f, 0xf81f, 0xf81f, 0xf81f, 0xf81f, 0xf81f, 0xf81f, 0xf81f, 0xf81f, 0xf81f, 0xf81f, 0xf81f,
    0xf81f, 0xf81f, 0xf81f, 0xf81f, 0xf81f, 0xf81f, 0xf81f, 0xf81f, 0xf81f, 0xf81f, 0xf81f, 0xf81f,
    0xf81f, 0xf81f, 0xf81f, 0xf81f, 0xf81f, 0xf81f, 0xf81f, 0xf81f, 0xf81f, 0xf81f, 0xf81f, 0xf81f,
    0xf81f, 0xf81f, 0xf81f, 0xf81f, 0xf81f, 0xf81f, 0xf81f, 0xf81f, 0xf81f, 0xf81f, 0xf81f, 0xf81f,
    0xf81f, 0xf81f, 0xf81f, 0xf81f, 0xf81f, 0xf81f, 0xf81f, 0xf81f, 0xf81f, 0xf81f, 0xf81f, 0xf81f,
    0xf81f, 0xf81f, 0xf81f, 0xf81f, 0xf81f, 0xf81f, 0xf81f, 0xf81f, 0xf81f, 0xf81f, 0xf81f, 0xf81f,
    0xf81f, 0xf81f, 0xf81f, 0xf81f, 0xf81f, 0xf81f, 0xf81f, 0xf81f, 0xf81f, 0xf81f, 0xf81f, 0xf81f,
    0xf81f, 0xf81f, 0xf81f, 0xf81f, 0xf81f, 0xf81f, 0xf81f, 0xf81f, 0xf81f, 0xf81f, 0xf81f, 0xf81f,
    0xf81f, 0xf81f, 0xf81f, 0xf81f, 0xf81f, 0xf81f, 0xf81f, 0xf81f, 0xf81f, 0xf81f, 0xf81f, 0xf81f,
    0xf81f, 0xf81f, 0xf81f, 0xf81f, 0xf81f, 0xf81f, 0xf81f, 0xf81f, 0xf81f, 0xf81f, 0xf81f, 0xf81f,
    0xf81f, 0xf81f, 0xf81f, 0xf81f, 0xf81f, 0xf81f, 0xf81f, 0xf81f, 0xf81f, 0xf81f, 0xf81f, 0xf81f,
    0xf81f, 0xf81f, 0xf81f, 0xf81f, 0xf81f, 0xf81f, 0xf81f, 0xf81f, 0xf81f, 0xf81f, 0xf81f, 0xf81f,
    0xf81f, 0xf81f, 0xf81f, 0xf81f, 0xf81f, 0xf81f, 0xf81f, 0xf81f, 0xf81f, 0xf81f, 0xf81f, 0xf81f,
    0xf81f, 0xf81f, 0xf81f, 0xf81f, 0xf81f, 0xf81f, 0xf81f, 0xf81f, 0xf81f, 0xf81f, 0xf81f, 0xf81f,
    0xf81f, 0xf81f, 0xf81f, 0xf81f, 0xf81f, 0xf81f, 0xf81f, 0xf81f, 0xf81f, 0xf81f, 0xf81f, 0xf81f,
    0xf81f, 0xf81f, 0xf81f, 0xf81f, 0xf81f, 0xf81f, 0xf81f, 0xf81f, 0xf81f, 0xf81f, 0xf81f, 0xf81f,
    0xf81f, 0xf81f, 0xf81f, 0xf81f, 0xf81f, 0xf81f, 0xf81f, 0xf81f, 0xf81f, 0xf81f, 0xf81f, 0xf81f,
    0xf81f, 0xf81f, 0xf81f, 0xf81f, 0xf81f, 0xf81f, 0xf81f, 0xf81f, 0xf81f, 0xf81f, 0xf81f, 0xf81f,
    0xf81f, 0xf81f, 0xf81f, 0xf81f, 0xf81f, 0xf81f, 0xf81f, 0xf81f, 0xf81f, 0xf81f, 0xf81f, 0xf81f,
    0xf81f, 0xf81f, 0xf81f, 0xf81f, 0xf81f, 0xf81f, 0xf81f, 0xf81f, 0xf81f, 0xf81f, 0xf81f, 0xf81f,
    0xf81f, 0xf81f, 0xf81f, 0xf81f, 0xf81f, 0xf81f, 0xf81f, 0xf81f, 0xf81f, 0xf81f, 0xf81f, 0xf81f,
    0xf81f, 0xf81f, 0xf81f, 0xf81f, 0xf81f, 0xf81f, 0xf81f, 0xf81f, 0xf81f, 0xf81f, 0xf81f, 0xf81f,
    0xf81f, 0xf81f, 0xf81f, 0xf81f, 0xf81f, 0xf81f, 0xf81f, 0xf81f, 0xf81f, 0xf81f, 0xf81f, 0xf81f,
    0xf81f, 0xf81f, 0xf81f, 0xf81f, 0xf81f, 0xf81f, 0xf81f, 0xf81f, 0xf81f, 0xf81f, 0xf81f, 0xf81f,
    0xf81f, 0xf81f, 0xf81f, 0xf81f, 0xf81f, 0xf81f, 0xf81f, 0xf81f, 0xf81f, 0xf81f, 0xf81f, 0xf81f,
    0xf81f, 0xf81f, 0xf81f, 0xf81f, 0xf81f, 0xf81f, 0xf81f, 0xf81f, 0xf81f, 0xf81f, 0xf81f, 0xf81f,
    0xf81f, 0xf81f, 0xf81f, 0xf81f, 0xf81f, 0xf81f, 0xf81f, 0xf81f, 0xf81f, 0xf81f, 0xf81f, 0xf81f,
    0xf81f, 0xf81f, 0xf81f, 0xf81f, 0xf81f, 0xf81f, 0xf81f, 0xf81f, 0xf81f, 0xf81f, 0xf81f, 0xf81f,
    0xf81f, 0xf81f, 0xf81f, 0xf81f, 0xf81f, 0xf81f, 0xf81f, 0xf81f, 0xf81f, 0xf81f, 0xf81f, 0xf81f,
    0xf81f, 0xf81f, 0xf81f, 0xf81f, 0xf81f, 0xf81f, 0xf81f, 0xf81f, 0xf81f, 0xf81f, 0xf81f, 0xf81f,
    0xf81f, 0xf81f, 0xf81f, 0xf81f, 0xf81f, 0xf81f, 0xf81f, 0xf81f, 0xf81f, 0xf81f, 0xf81f, 0xf81f,
    0xf81f, 0xf81f, 0xf81f, 0xf81f, 0xf81f, 0xf81f, 0xf81f, 0xf81f, 0xf81f, 0xf81f, 0xf81f, 0xf81f,
    0xf81f, 0xf81f, 0xf81f, 0xf81f, 0xf81f, 0xf81f, 0xf81f, 0xf81f, 0xf81f, 0xf81f, 0xf81f, 0xf81f,
    0xf81f, 0xf81f, 0xf81f, 0xf81f, 0xf81f, 0xf81f, 0xf81f, 0xf81f, 0xf81f, 0xf81f, 0xf81f, 0xf81f,
    0xf81f, 0xf81f, 0xf81f, 0xf81f, 0xf81f, 0xf81f, 0xf81f, 0xf81f, 0xf81f, 0xf81f, 0xf81f, 0xf81f,
    0xf81f, 0xf81f, 0xf81f, 0xf81f, 0xf81f, 0xf81f, 0xf81f, 0xf81f, 0xf81f, 0xf81f, 0xf81f, 0xf81f,
    0xf81f, 0xf81f, 0xf81f, 0xf81f, 0xf81f, 0xf81f, 0xf81f, 0xf81f, 0xf81f, 0xf81f, 0xf81f, 0xf81f,
    0xf81f, 0xf81f, 0xf81f, 0xf81f, 0xf81f, 0xf81f, 0xf81f, 0xf81f, 0xf81f, 0xf81f, 0xf81f, 0xf81f,
    0xf81f, 0xf81f, 0xf81f, 0xf81f, 0xf81f, 0xf81f, 0xf81f, 0xf81f, 0xf81f, 0xf81f, 0xf81f, 0xf81f,
    0xf81f, 0xf81f, 0xf81f, 0xf81f, 0xf81f, 0xf81f, 0xf81f, 0xf81f, 0xf81f, 0xf81f, 0xf81f, 0xf81f,
    0xf81f, 0xf81f, 0xf81f, 0xf81f, 0xf81f, 0xf81f, 0xf81f, 0xf81f, 0xf81f, 0xf81f, 0xf81f, 0xf81f,
    0xf81f, 0xf81f, 0xf81f, 0xf81f, 0xf81f, 0xf81f, 0xf81f, 0xf81f, 0xf81f, 0xf81f, 0xf81f, 0xf81f,
    0xf81f, 0xf81f, 0xf81f, 0xf81f, 0xf81f, 0xf81f, 0xf81f, 0xf81f, 0xf81f, 0xf81f, 0xf81f, 0xf81f,
    0xf81f, 0xf81f, 0xf81f, 0xf81f, 0xf81f, 0xf81f, 0xf81f, 0xf81f, 0xf81f, 0xf81f, 0xf81f, 0xf81f,
    0xf81f, 0xf81f, 0xf81f, 0xf81f, 0xf81f, 0xf81f, 0xf81f, 0xf81f, 0xf81f, 0xf81f, 0xf81f, 0xf81f,
    0xf81f, 0xf81f, 0xf81f, 0xf81f, 0xf81f, 0xf81f, 0xf81f, 0xf81f, 0xf81f, 0xf81f, 0xf81f, 0xf81f,
    0xf81f, 0xf81f, 0xf81f, 0xf81f, 0xf81f, 0xf81f, 0xf81f, 0xf81f, 0xf81f, 0xf81f, 0xf81f, 0xf81f,
    0xf81f, 0xf81f, 0xf81f, 0xf81f, 0xf81f, 0xf81f, 0xf81f, 0xf81f, 0xf81f, 0xf81f, 0xf81f, 0xf81f,
    0xf81f, 0xf81f, 0xf81f, 0xf81f, 0xf81f, 0xf81f, 0xf81f, 0xf81f, 0xf81f, 0xf81f, 0xf81f, 0xf81f,
    0xf81f, 0xf81f, 0xf81f, 0xf81f, 0xf81f, 0xf81f, 0xf81f, 0xf81f, 0xf81f, 0xf81f, 0xf81f, 0xf81f,
    0xf81f, 0xf81f, 0xf81f, 0xf81f, 0xf81f, 0xf81f, 0xf81f, 0xf81f, 0xf81f, 0xf81f, 0xf81f, 0xf81f,
    0xf81f, 0xf81f, 0xf81f, 0xf81f, 0xf81f, 0xf81f, 0xf81f, 0xf81f, 0xf81f, 0xf81f, 0xf81f, 0xf81f,
    0xf81f, 0xf81f, 0xf81f, 0xf81f, 0xf81f, 0xf81f, 0xf81f, 0xf81f, 0xf81f, 0xf81f, 0xf81f, 0xf81f,
    0xf81f, 0xf81f, 0xf81f, 0xf81f, 0xf81f, 0xf81f, 0xf81f, 0xf81f, 0xf81f, 0xf81f, 0xf81f, 0xf81f,
    0xf81f, 0xf81f, 0xf81f, 0xf81f, 0xf81f, 0xf81f, 0xf81f, 0xf81f, 0xf81f, 0xf81f, 0xf81f, 0xf81f,
    0xf81f, 0xf81f, 0xf81f, 0xf81f, 0xf81f, 0xf81f, 0xf81f, 0xf81f, 0xf81f, 0xf81f, 0xf81f, 0xf81f,
    0xf81f, 0xf81f, 0xf81f, 0xf81f, 0xf81f, 0xf81f, 0xf81f, 0xf81f, 0xf81f, 0xf81f, 0xf81f, 0xf81f,
    0xf81f, 0xf81f, 0xf81f, 0xf81f, 0xf81f, 0xf81f, 0xf81f, 0xf81f, 0xf81f, 0xf81f, 0xf81f, 0xf81f,
    0xf81f, 0xf81f, 0xf81f, 0xf81f, 0xf81f, 0xf81f, 0xf81f, 0xf81f, 0xf81f, 0xf81f, 0xf81f, 0xf81f,
    0xf81f, 0xf81f, 0xf81f, 0xf81f, 0xf81f, 0xf81f, 0xf81f, 0xf81f, 0xf81f, 0xf81f, 0xf81f, 0xf81f,
    0xf81f, 0xf81f, 0xf81f, 0xf81f, 0xf81f, 0xf81f, 0xf81f, 0xf81f, 0xf81f, 0xf81f, 0xf81f, 0xf81f,
    0xf81f, 0xf81f, 0xf81f, 0xf81f, 0xf81f, 0xf81f, 0xf81f, 0xf81f, 0xf81f, 0xf81f, 0xf81f, 0xf81f,
    0xf81f, 0xf81f, 0xf81f, 0xf81f, 0xf81f, 0xf81f, 0xf81f, 0xf81f, 0xf81f, 0xf81f, 0xf81f, 0xf81f,
    0xf81f, 0xf81f, 0xf81f, 0xf81f, 0xf81f, 0xf81f, 0xf81f, 0xf81f, 0xf81f, 0xf81f, 0xf81f, 0xf81f,
    0xf81f, 0xf81f, 0xf81f, 0xf81f, 0xf81f, 0xf81f, 0xf81f, 0xf81f, 0xf81f, 0xf81f, 0xf81f, 0xf81f,
    0xf81f, 0xf81f, 0xf81f, 0xf81f, 0xf81f, 0xf81f, 0xf81f, 0xf81f, 0xf81f, 0xf81f, 0xf81f, 0xf81f,
    0xf81f, 0xf81f, 0xf81f, 0xf81f, 0xf81f, 0xf81f, 0xf81f, 0xf81f, 0xf81f, 0xf81f, 0xf81f, 0xf81f,
    0xf81f, 0xf81f, 0xf81f, 0xf81f, 0xf81f, 0xf81f, 0xf81f, 0xf81f, 0xf81f, 0xf81f, 0xf81f, 0xf81f,
    0xf81f, 0xf81f, 0xf81f, 0xf81f, 0xf81f, 0xf81f, 0xf81f, 0xf81f, 0xf81f, 0xf81f, 0xf81f, 0xf81f,
    0xf81f, 0xf81f, 0xf81f, 0xf81f, 0xf81f, 0xf81f, 0xf81f, 0xf81f, 0xf81f, 0xf81f, 0xf81f, 0xf81f,
    0xf81f, 0xf81f, 0xf81f, 0xf81f, 0xf81f, 0xf81f, 0xf81f, 0xf81f, 0xf81f, 0xf81f, 0xf81f, 0xf81f,
    0xf81f, 0xf81f, 0xf81f, 0xf81f, 0xf81f, 0xf81f, 0xf81f, 0xf81f, 0xf81f, 0xf81f, 0xf81f, 0xf81f,
    0xf81f, 0xf81f, 0xf81f, 0xf81f, 0xf81f, 0xf81f, 0xf81f, 0xf81f, 0xf81f, 0xf81f, 0xf81f, 0xf81f,
    0xf81f, 0xf81f, 0xf81f, 0xf81f, 0xf81f, 0xf81f, 0xf81f, 0xf81f, 0xf81f, 0xf81f, 0xf81f, 0xf81f,
    0xf81f, 0xf81f, 0xf81f, 0xf81f, 0xf81f, 0xf81f, 0xf81f, 0xf81f, 0xf81f, 0xf81f, 0xf81f, 0xf81f,
    0xf81f, 0xf81f, 0xf81f, 0xf81f, 0xf81f, 0xf81f, 0xf81f, 0xf81f, 0xf81f, 0xf81f, 0xf81f, 0xf81f,
    0xf81f, 0xf81f, 0xf81f, 0xf81f, 0xf81f, 0xf81f, 0xf81f, 0xf81f, 0xf81f, 0xf81f, 0xf81f, 0xf81f,
    0xf81f, 0xf81f, 0xf81f, 0xf81f, 0xf81f, 0xf81f, 0xf81f, 0xf81f, 0xf81f, 0xf81f, 0xf81f, 0xf81f,
    0xf81f, 0xf81f, 0xf81f, 0xf81f, 0xf81f, 0xf81f, 0xf81f, 0xf81f, 0xf81f, 0xf81f, 0xf81f, 0xf81f,
    0xf81f, 0xf81f, 0xf81f, 0xf81f, 0xf81f, 0xf81f, 0xf81f, 0xf81f, 0xf81f, 0xf81f, 0xf81f, 0xf81f,
    0xf81f, 0xf81f, 0xf81f, 0xf81f, 0xf81f, 0xf81f, 0xf81f, 0xf81f, 0xf81f, 0xf81f, 0xf81f, 0xf81f,
    0xf81f, 0xf81f, 0xf81f, 0xf81f, 0xf81f, 0xf81f, 0xf81f, 0xf81f, 0xf81f, 0xf81f, 0xf81f, 0xf81f,
    0xf81f, 0xf81f, 0xf81f, 0xf81f, 0xf81f, 0xf81f, 0xf81f, 0xf81f, 0xf81f, 0xf81f, 0xf81f, 0xf81f,
    0xf81f, 0xf81f, 0xf81f, 0xf81f, 0xf81f, 0xf81f, 0xf81f, 0xf81f, 0xf81f, 0xf81f, 0xf81f, 0xf81f,
    0xf81f, 0xf81f, 0xf81f, 0xf81f, 0xf81f, 0xf81f, 0xf81f, 0xf81f, 0xf81f, 0xf81f, 0xf81f, 0xf81f,
    0xf81f, 0xf81f, 0xf81f, 0xf81f, 0xf81f, 0xf81f, 0xf81f, 0xf81f, 0xf81f, 0xf81f, 0xf81f, 0xf81f,
    0xf81f, 0xf81f, 0xf81f, 0xf81f, 0xf81f, 0xf81f, 0xf81f, 0xf81f, 0xf81f, 0xf81f, 0xf81f, 0xf81f,
    0xf81f, 0xf81f, 0xf81f, 0xf81f, 0xf81f, 0xf81f, 0xf81f, 0xf81f, 0xf81f, 0xf81f, 0xf81f, 0xf81f,
    0xf81f, 0xf81f, 0xf81f, 0xf81f, 0xf81f, 0xf81f, 0xf81f, 0xf81f, 0xf81f, 0xf81f, 0xf81f, 0xf81f,
    0xf81f, 0xf81f, 0xf81f, 0xf81f, 0xf81f, 0xf81f, 0xf81f, 0xf81f, 0xf81f, 0xf81f, 0xf81f, 0xf81f,
    0xf81f, 0xf81f, 0xf81f, 0xf81f, 0xf81f, 0xf81f, 0xf81f, 0xf81f, 0xf81f, 0xf81f, 0xf81f, 0xf81f,
    0xf81f, 0xf81f, 0xf81f, 0xf81f, 0xf81f, 0xf81f, 0xf81f, 0xf81f, 0xf81f, 0xf81f, 0xf81f, 0xf81f,
    0xf81f, 0xf81f, 0xf81f, 0xf81f, 0xf81f, 0xf81f, 0xf81f, 0xf81f, 0xf81f, 0xf81f, 0xf81f, 0xf81f,
    0xf81f, 0xf81f, 0xf81f, 0xf81f, 0xf81f, 0xf81f, 0xf81f, 0xf81f, 0xf81f, 0xf81f, 0xf81f, 0xf81f,
    0xf81f, 0xf81f, 0xf81f, 0xf81f, 0xf81f, 0xf81f, 0xf81f, 0xf81f, 0xf81f, 0xf81f, 0xf81f, 0xf81f,
    0xf81f, 0xf81f, 0xf81f, 0xf81f, 0xf81f, 0xf81f, 0xf81f, 0xf81f, 0xf81f, 0xf81f, 0xf81f, 0xf81f,
    0xf81f, 0xf81f, 0xf81f, 0xf81f, 0xf81f, 0xf81f, 0xf81f, 0xf81f, 0xf81f, 0xf81f, 0xf81f, 0xf81f,
    0xf81f, 0xf81f, 0xf81f, 0xf81f, 0xf81f, 0xf81f, 0xf81f, 0xf81f, 0xf81f, 0xf81f, 0xf81f, 0xf81f,
    0xf81f, 0xf81f, 0xf81f, 0xf81f, 0xf81f, 0xf81f, 0xf81f, 0xf81f, 0xf81f, 0xf81f, 0xf81f, 0xf81f,
    0xf81f, 0xf81f, 0xf81f, 0xf81f, 0xf81f, 0xf81f, 0xf81f, 0xf81f, 0xf81f, 0xf81f, 0xf81f, 0xf81f,
    0xf81f, 0xf81f, 0xf81f, 0xf81f, 0xf81f, 0xf81f, 0xf81f, 0xf81f, 0xf81f, 0xf81f, 0xf81f, 0xf81f,
    0xf81f, 0xf81f, 0xf81f, 0xf81f, 0xf81f, 0xf81f, 0xf81f, 0xf81f, 0xf81f, 0xf81f, 0xf81f, 0xf81f,
    0xf81f, 0xf81f, 0xf81f, 0xf81f, 0xf81f, 0xf81f, 0xf81f, 0xf81f, 0xf81f, 0xf81f, 0xf81f, 0xf81f,
    0xf81f, 0xf81f, 0xf81f, 0xf81f, 0xf81f, 0xf81f, 0xf81f, 0xf81f, 0xf81f, 0xf81f, 0xf81f, 0xf81f,
    0xf81f, 0xf81f, 0xf81f, 0xf81f, 0xf81f, 0xf81f, 0xf81f, 0xf81f, 0xf81f, 0xf81f, 0xf81f, 0xf81f,
    0xf81f, 0xf81f, 0xf81f, 0xf81f, 0xf81f, 0xf81f, 0xf81f, 0xf81f, 0xf81f, 0xf81f, 0xf81f, 0xf81f,
    0xf81f, 0xf81f, 0xf81f, 0xf81f, 0xf81f, 0xf81f, 0xf81f, 0xf81f, 0xf81f, 0xf81f, 0xf81f, 0xf81f,
    0xf81f, 0xf81f, 0xf81f, 0xf81f, 0xf81f, 0xf81f, 0xf81f, 0xf81f, 0xf81f, 0xf81f, 0xf81f, 0xf81f,
    0xf81f, 0xf81f, 0xf81f, 0xf81f, 0xf81f, 0xf81f, 0xf81f, 0xf81f, 0xf81f, 0xf81f, 0xf81f, 0xf81f,
    0xf81f, 0xf81f, 0xf81f, 0xf81f, 0xf81f, 0xf81f, 0xf81f, 0xf81f, 0xf81f, 0xf81f, 0xf81f, 0xf81f,
    0xf81f, 0xf81f, 0xf81f, 0xf81f, 0xf81f, 0xf81f, 0xf81f, 0xf81f, 0xf81f, 0xf81f, 0xf81f, 0xf81f,
    0xf81f, 0xf81f, 0xf81f, 0xf81f, 0xf81f, 0xf81f, 0xf81f, 0xf81f, 0xf81f, 0xf81f, 0xf81f, 0xf81f,
    0xf81f, 0xf81f, 0xf81f, 0xf81f, 0xf81f, 0xf81f, 0xf81f, 0xf81f, 0xf81f, 0xf81f, 0xf81f, 0xf81f,
    0xf81f, 0xf81f, 0xf81f, 0xf81f, 0xf81f, 0xf81f, 0xf81f, 0xf81f, 0xf81f, 0xf81f, 0xf81f, 0xf81f,
    0xf81f, 0xf81f, 0xf81f, 0xf81f, 0xf81f, 0xf81f, 0xf81f, 0xf81f, 0xf81f, 0xf81f, 0xf81f, 0xf81f,
    0xf81f, 0xf81f, 0xf81f, 0xf81f, 0xf81f, 0xf81f, 0xf81f, 0xf81f, 0xf81f, 0xf81f, 0xf81f, 0xf81f,
    0xf81f, 0xf81f, 0xf81f, 0xf81f, 0xf81f, 0xf81f, 0xf81f, 0xf81f, 0xf81f, 0xf81f, 0xf81f, 0xf81f,
    0xf81f, 0xf81f, 0xf81f, 0xf81f, 0xf81f, 0xf81f, 0xf81f, 0xf81f, 0xf81f, 0xf81f, 0xf81f, 0xf81f,
    0xf81f, 0xf81f, 0xf81f, 0xf81f, 0xf81f, 0xf81f, 0xf81f, 0xf81f, 0xf81f, 0xf81f, 0xf81f, 0xf81f,
    0xf81f, 0xf81f, 0xf81f, 0xf81f, 0xf81f, 0xf81f, 0xf81f, 0xf81f, 0xf81f, 0xf81f, 0xf81f, 0xf81f,
    0xf81f, 0xf81f, 0xf81f, 0xf81f, 0xf81f, 0xf81f, 0xf81f, 0xf81f, 0xf81f, 0xf81f, 0xf81f, 0xf81f,
    0xf81f, 0xf81f, 0xf81f, 0xf81f, 0xf81f, 0xf81f, 0xf81f, 0xf81f, 0xf81f, 0xf81f, 0xf81f, 0xf81f,
    0xf81f, 0xf81f, 0xf81f, 0xf81f, 0xf81f, 0xf81f, 0xf81f, 0xf81f, 0xf81f, 0xf81f, 0xf81f, 0xf81f,
    0xf81f, 0xf81f, 0xf81f, 0xf81f, 0xf81f, 0xf81f, 0xf81f, 0xf81f, 0xf81f, 0xf81f, 0xf81f, 0xf81f,
    0xf81f, 0xf81f, 0xf81f, 0xf81f, 0xf81f, 0xf81f, 0xf81f, 0xf81f, 0xf81f, 0xf81f, 0xf81f, 0xf81f,
    0xf81f, 0xf81f, 0xf81f, 0xf81f, 0xf81f, 0xf81f, 0xf81f, 0xf81f, 0xf81f, 0xf81f, 0xf81f, 0xf81f,
    0xf81f, 0xf81f, 0xf81f, 0xf81f, 0xf81f, 0xf81f, 0xf81f, 0xf81f, 0xf81f, 0xf81f, 0xf81f, 0xf81f,
    0xf81f, 0xf81f, 0xf81f, 0xf81f, 0xf81f, 0xf81f, 0xf81f, 0xf81f, 0xf81f, 0xf81f, 0xf81f, 0xf81f,
    0xf81f, 0xf81f, 0xf81f, 0xf81f, 0xf81f, 0xf81f, 0xf81f, 0xf81f, 0xf81f, 0xf81f, 0xf81f, 0xf81f,
    0xf81f, 0xf81f, 0xf81f, 0xf81f, 0xf81f, 0xf81f, 0xf81f, 0xf81f, 0xf81f, 0xf81f, 0xf81f, 0xf81f,
    0xf81f, 0xf81f, 0xf81f, 0xf81f, 0xf81f, 0xf81f, 0xf81f, 0xf81f, 0xf81f, 0xf81f, 0xf81f, 0xf81f,
    0xf81f, 0xf81f, 0xf81f, 0xf81f, 0xf81f, 0xf81f, 0xf81f, 0xf81f, 0xf81f, 0xf81f, 0xf81f, 0xf81f,
    0xf81f, 0xf81f, 0xf81f, 0xf81f, 0xf81f, 0xf81f, 0xf81f, 0xf81f, 0xf81f, 0xf81f, 0xf81f, 0xf81f,
    0xf81f, 0xf81f, 0xf81f, 0xf81f, 0xf81f, 0xf81f, 0xf81f, 0xf81f, 0xf81f, 0xf81f, 0xf81f, 0xf81f,
    0xf81f, 0xf81f, 0xf81f, 0xf81f, 0xf81f, 0xf81f, 0xf81f, 0xf81f, 0xf81f, 0xf81f, 0xf81f, 0xf81f,
    0xf81f, 0xf81f, 0xf81f, 0xf81f, 0xf81f, 0xf81f, 0xf81f, 0xf81f, 0xf81f, 0xf81f, 0xf81f, 0xf81f,
    0xf81f, 0xf81f, 0xf81f, 0xf81f, 0xf81f, 0xf81f, 0xf81f, 0xf81f, 0xf81f, 0xf81f, 0xf81f, 0xf81f,
    0xf81f, 0xf81f, 0xf81f, 0xf81f, 0xf81f, 0xf81f, 0xf81f, 0xf81f, 0xf81f, 0xf81f, 0xf81f, 0xf81f,
    0xf81f, 0xf81f, 0xf81f, 0xf81f, 0xf81f, 0xf81f, 0xf81f, 0xf81f, 0xf81f, 0xf81f, 0xf81f, 0xf81f,
    0xf81f, 0xf81f, 0xf81f, 0xf81f, 0xf81f, 0xf81f, 0xf81f, 0xf81f, 0xf81f, 0xf81f, 0xf81f, 0xf81f,
    0xf81f, 0xf81f, 0xf81f, 0xf81f, 0xf81f, 0xf81f, 0xf81f, 0xf81f, 0xf81f, 0xf81f, 0xf81f, 0xf81f,
    0xf81f, 0xf81f, 0xf81f, 0xf81f, 0xf81f, 0xf81f, 0xf81f, 0xf81f, 0xf81f, 0xf81f, 0xf81f, 0xf81f,
    0xf81f, 0xf81f, 0xf81f, 0xf81f, 0xf81f, 0xf81f, 0xf81f, 0xf81f, 0xf81f, 0xf81f, 0xf81f, 0xf81f,
    0xf81f, 0xf81f, 0xf81f, 0xf81f, 0xf81f, 0xf81f, 0xf81f, 0xf81f, 0xf81f, 0xf81f, 0xf81f, 0xf81f,
    0xf81f, 0xf81f, 0xf81f, 0xf81f, 0xf81f, 0xf81f, 0xf81f, 0xf81f, 0xf81f, 0xf81f, 0xf81f, 0xf81f,
    0xf81f, 0xf81f, 0xf81f, 0xf81f, 0xf81f, 0xf81f, 0xf81f, 0xf81f, 0xf81f, 0xf81f, 0xf81f, 0xf81f,
    0xf81f, 0xf81f, 0xf81f, 0xf81f, 0xf81f, 0xf81f, 0xf81f, 0xf81f, 0xf81f, 0xf81f, 0xf81f, 0xf81f,
    0xf81f, 0xf81f, 0xf81f, 0xf81f, 0xf81f, 0xf81f, 0xf81f, 0xf81f, 0xf81f, 0xf81f, 0xf81f, 0xf81f,
    0xf81f, 0xf81f, 0xf81f, 0xf81f, 0xf81f, 0xf81f, 0xf81f, 0xf81f, 0xf81f, 0xf81f, 0xf81f, 0xf81f,
    0xf81f, 0xf81f, 0xf81f, 0xf81f, 0xf81f, 0xf81f, 0xf81f, 0xf81f, 0xf81f, 0xf81f, 0xf81f, 0xf81f,
    0xf81f, 0xf81f, 0xf81f, 0xf81f, 0xf81f, 0xf81f, 0xf81f, 0xf81f, 0xf81f, 0xf81f, 0xf81f, 0xf81f,
    0xf81f, 0xf81f, 0xf81f, 0xf81f, 0xf81f, 0xf81f, 0xf81f, 0xf81f, 0xf81f, 0xf81f, 0xf81f, 0xf81f,
    0xf81f, 0xf81f, 0xf81f, 0xf81f, 0xf81f, 0xf81f, 0xf81f, 0xf81f, 0xf81f, 0xf81f, 0xf81f, 0xf81f,
    0xf81f, 0xf81f, 0xf81f, 0xf81f, 0xf81f, 0xf81f, 0xf81f, 0xf81f, 0xf81f, 0xf81f, 0xf81f, 0xf81f,
    0xf81f, 0xf81f, 0xf81f, 0xf81f, 0xf81f, 0xf81f, 0xf81f, 0xf81f, 0xf81f, 0xf81f, 0xf81f, 0xf81f,
    0xf81f, 0xf81f, 0xf81f, 0xf81f, 0xf81f, 0xf81f, 0xf81f, 0xf81f, 0xf81f, 0xf81f, 0xf81f, 0xf81f,
    0xf81f, 0xf81f, 0xf81f, 0xf81f, 0xf81f, 0xf81f, 0xf81f, 0xf81f, 0xf81f, 0xf81f, 0xf81f, 0xf81f,
    0xf81f, 0xf81f, 0xf81f, 0xf81f, 0xf81f, 0xf81f, 0xf81f, 0xf81f, 0xf81f, 0xf81f, 0xf81f, 0xf81f,
    0xf81f, 0xf81f, 0xf81f, 0xf81f, 0xf81f, 0xf81f, 0xf81f, 0xf81f, 0xf81f, 0xf81f, 0xf81f, 0xf81f,
    0xf81f, 0xf81f, 0xf81f, 0xf81f, 0xf81f, 0xf81f, 0xf81f, 0xf81f, 0xf81f, 0xf81f, 0xf81f, 0xf81f,
    0xf81f, 0xf81f, 0xf81f, 0xf81f, 0xf81f, 0xf81f, 0xf81f, 0xf81f, 0xf81f, 0xf81f, 0xf81f, 0xf81f,
    0xf81f, 0xf81f, 0xf81f, 0xf81f, 0xf81f, 0xf81f, 0xf81f, 0xf81f, 0xf81f, 0xf81f, 0xf81f, 0xf81f,
    0xf81f, 0xf81f, 0xf81f, 0xf81f, 0xf81f, 0xf81f, 0xf81f, 0xf81f, 0xf81f, 0xf81f, 0xf81f, 0xf81f,
    0xf81f, 0xf81f, 0xf81f, 0xf81f, 0xf81f, 0xf81f, 0xf81f, 0xf81f, 0xf81f, 0xf81f, 0xf81f, 0xf81f,
    0xf81f, 0xf81f, 0xf81f, 0xf81f, 0xf81f, 0xf81f, 0xf81f, 0xf81f, 0xf81f, 0xf81f, 0xf81f, 0xf81f,
    0xf81f, 0xf81f, 0xf81f, 0xf81f, 0xf81f, 0xf81f, 0xf81f, 0xf81f, 0xf81f, 0xf81f, 0xf81f, 0xf81f,
    0xf81f, 0xf81f, 0xf81f, 0xf81f, 0xf81f, 0xf81f, 0xf81f, 0xf81f, 0xf81f, 0xf81f, 0xf81f, 0xf81f,
    0xf81f, 0xf81f, 0xf81f, 0xf81f, 0xf81f, 0xf81f, 0xf81f, 0xf81f, 0xf81f, 0xf81f, 0xf81f, 0xf81f,
    0xf81f, 0xf81f, 0xf81f, 0xf81f, 0xf81f, 0xf81f, 0xf81f, 0xf81f, 0xf81f, 0xf81f, 0xf81f, 0xf81f,
    0xf81f, 0xf81f, 0xf81f, 0xf81f, 0xf81f, 0xf81f, 0xf81f, 0xf81f, 0xf81f, 0xf81f, 0xf81f, 0xf81f,
    0xf81f, 0xf81f, 0xf81f, 0xf81f, 0xf81f, 0xf81f, 0xf81f, 0xf81f, 0xf81f, 0xf81f, 0xf81f, 0xf81f,
    0xf81f, 0xf81f, 0xf81f, 0xf81f, 0xf81f, 0xf81f, 0xf81f, 0xf81f, 0xf81f, 0xf81f, 0xf81f, 0xf81f,
    0xf81f, 0xf81f, 0xf81f, 0xf81f, 0xf81f, 0xf81f, 0xf81f, 0xf81f, 0xf81f, 0xf81f, 0xf81f, 0xf81f,
    0xf81f, 0xf81f, 0xf81f, 0xf81f, 0xf81f, 0xf81f, 0xf81f, 0xf81f, 0xf81f, 0xf81f, 0xf81f, 0xf81f,
    0xf81f, 0xf81f, 0xf81f, 0xf81f, 0xf81f, 0xf81f, 0xf81f, 0xf81f, 0xf81f, 0xf81f, 0xf81f, 0xf81f,
    0xf81f, 0xf81f, 0xf81f, 0xf81f, 0xf81f, 0xf81f, 0xf81f, 0xf81f, 0xf81f, 0xf81f, 0xf81f, 0xf81f,
    0xf81f, 0xf81f, 0xf81f, 0xf81f, 0xf81f, 0xf81f, 0xf81f, 0xf81f, 0xf81f, 0xf81f, 0xf81f, 0xf81f,
    0xf81f, 0xf81f, 0xf81f, 0xf81f, 0xf81f, 0xf81f, 0xf81f, 0xf81f, 0xf81f, 0xf81f, 0xf81f, 0xf81f,
    0xf81f, 0xf81f, 0xf81f, 0xf81f, 0xf81f, 0xf81f, 0xf81f, 0xf81f, 0xf81f, 0xf81f, 0xf81f, 0xf81f,
    0xf81f, 0xf81f, 0xf81f, 0xf81f, 0xf81f, 0xf81f, 0xf81f, 0xf81f, 0xf81f, 0xf81f, 0xf81f, 0xf81f,
    0xf81f, 0xf81f, 0xf81f, 0xf81f, 0xf81f, 0xf81f, 0xf81f, 0xf81f, 0xf81f, 0xf81f, 0xf81f, 0xf81f,
    0xf81f, 0xf81f, 0xf81f, 0xf81f, 0xf81f, 0xf81f, 0xf81f, 0xf81f, 0xf81f, 0xf81f, 0xf81f, 0xf81f,
    0xf81f, 0xf81f, 0xf81f, 0xf81f, 0xf81f, 0xf81f, 0xf81f, 0xf81f, 0xf81f, 0xf81f, 0xf81f, 0xf81f,
    0xf81f, 0xf81f, 0xf81f, 0xf81f, 0xf81f, 0xf81f, 0xf81f, 0xf81f, 0xf81f, 0xf81f, 0xf81f, 0xf81f,
    0xf81f, 0xf81f, 0xf81f, 0xf81f, 0xf81f, 0xf81f, 0xf81f, 0xf81f, 0xf81f, 0xf81f, 0xf81f, 0xf81f,
    0xf81f, 0xf81f, 0xf81f, 0xf81f, 0xf81f, 0xf81f, 0xf81f, 0xf81f, 0xf81f, 0xf81f, 0xf81f, 0xf81f,
    0xf81f, 0xf81f, 0xf81f, 0xf81f, 0xf81f, 0xf81f, 0xf81f, 0xf81f, 0xf81f, 0xf81f, 0xf81f, 0xf81f,
    0xf81f, 0xf81f, 0xf81f, 0xf81f, 0xf81f, 0xf81f, 0xf81f, 0xf81f, 0xf81f, 0xf81f, 0xf81f, 0xf81f,
    0xf81f, 0xf81f, 0xf81f, 0xf81f, 0xf81f, 0xf81f, 0xf81f, 0xf81f, 0xf81f, 0xf81f, 0xf81f, 0xf81f,
    0xf81f, 0xf81f, 0xf81f, 0xf81f, 0xf81f, 0xf81f, 0xf81f, 0xf81f, 0xf81f, 0xf81f, 0xf81f, 0xf81f,
    0xf81f, 0xf81f, 0xf81f, 0xf81f, 0xf81f, 0xf81f, 0xf81f, 0xf81f, 0xf81f, 0xf81f, 0xf81f, 0xf81f,
    0xf81f, 0xf81f, 0xf81f, 0xf81f, 0xf81f, 0xf81f, 0xf81f, 0xf81f, 0xf81f, 0xf81f, 0xf81f, 0xf81f,
    0xf81f, 0xf81f, 0xf81f, 0xf81f, 0xf81f, 0xf81f, 0xf81f, 0xf81f, 0xf81f, 0xf81f, 0xf81f, 0xf81f,
    0xf81f, 0xf81f, 0xf81f, 0xf81f, 0xf81f, 0xf81f, 0xf81f, 0xf81f, 0xf81f, 0xf81f, 0xf81f, 0xf81f,
    0xf81f, 0xf81f, 0xf81f, 0xf81f, 0xf81f, 0xf81f, 0xf81f, 0xf81f, 0xf81f, 0xf81f, 0xf81f, 0xf81f,
    0xf81f, 0xf81f, 0xf81f, 0xf81f, 0xf81f, 0xf81f, 0xf81f, 0xf81f, 0xf81f, 0xf81f, 0xf81f, 0xf81f,
    0xf81f, 0xf81f, 0xf81f, 0xf81f, 0xf81f, 0xf81f, 0xf81f, 0xf81f, 0xf81f, 0xf81f, 0xf81f, 0xf81f,
    0xf81f, 0xf81f, 0xf81f, 0xf81f, 0xf81f, 0xf81f, 0xf81f, 0xf81f, 0xf81f, 0xf81f, 0xf81f, 0xf81f,
    0xf81f, 0xf81f, 0xf81f, 0xf81f, 0xf81f, 0xf81f, 0xf81f, 0xf81f, 0xf81f, 0xf81f, 0xf81f, 0xf81f,
    0xf81f, 0xf81f, 0xf81f, 0xf81f, 0xf81f, 0xf81f, 0xf81f, 0xf81f, 0xf81f, 0xf81f, 0xf81f, 0xf81f,
    0xf81f, 0xf81f, 0xf81f, 0xf81f, 0xf81f, 0xf81f, 0xf81f, 0xf81f, 0xf81f, 0xf81f, 0xf81f, 0xf81f,
    0xf81f, 0xf81f, 0xf81f, 0xf81f, 0xf81f, 0xf81f, 0xf81f, 0xf81f, 0xf81f, 0xf81f, 0xf81f, 0xf81f,
    0xf81f, 0xf81f, 0xf81f, 0xf81f, 0xf81f, 0xf81f, 0xf81f, 0xf81f, 0xf81f, 0xf81f, 0xf81f, 0xf81f,
    0xf81f, 0xf81f, 0xf81f, 0xf81f, 0xf81f, 0xf81f, 0xf81f, 0xf81f, 0xf81f, 0xf81f, 0xf81f, 0xf81f,
    0xf81f, 0xf81f, 0xf81f, 0xf81f, 0xf81f, 0xf81f, 0xf81f, 0xf81f, 0xf81f, 0xf81f, 0xf81f, 0xf81f,
    0xf81f, 0xf81f, 0xf81f, 0xf81f, 0xf81f, 0xf81f, 0xf81f, 0xf81f, 0xf81f, 0xf81f, 0xf81f, 0xf81f,
    0xf81f, 0xf81f, 0xf81f, 0xf81f, 0xf81f, 0xf81f, 0xf81f, 0xf81f, 0xf81f, 0xf81f, 0xf81f, 0xf81f,
    0xf81f, 0xf81f, 0xf81f, 0xf81f, 0xf81f, 0xf81f, 0xf81f, 0xf81f, 0xf81f, 0xf81f, 0xf81f, 0xf81f,
    0xf81f, 0xf81f, 0xf81f, 0xf81f, 0xf81f, 0xf81f, 0xf81f, 0xf81f, 0xf81f, 0xf81f, 0xf81f, 0xf81f,
    0xf81f, 0xf81f, 0xf81f, 0xf81f, 0xf81f, 0xf81f, 0xf81f, 0xf81f, 0xf81f, 0xf81f, 0xf81f, 0xf81f,
    0xf81f, 0xf81f, 0xf81f, 0xf81f, 0xf81f, 0xf81f, 0xf81f, 0xf81f, 0xf81f, 0xf81f, 0xf81f, 0xf81f,
    0xf81f, 0xf81f, 0xf81f, 0xf81f, 0xf81f, 0xf81f, 0xf81f, 0xf81f, 0xf81f, 0xf81f, 0xf81f, 0xf81f,
    0xf81f, 0xf81f, 0xf81f, 0xf81f, 0xf81f, 0xf81f, 0xf81f, 0xf81f, 0xf81f, 0xf81f, 0xf81f, 0xf81f,
    0xf81f, 0xf81f, 0xf81f, 0xf81f, 0xf81f, 0xf81f, 0xf81f, 0xf81f, 0xf81f, 0xf81f, 0xf81f, 0xf81f,
    0xf81f, 0xf81f, 0xf81f, 0xf81f, 0xf81f, 0xf81f, 0xf81f, 0xf81f, 0xf81f, 0xf81f, 0xf81f, 0xf81f,
    0xf81f, 0xf81f, 0xf81f, 0xf81f, 0xf81f, 0xf81f, 0xf81f, 0xf81f, 0xf81f, 0xf81f, 0xf81f, 0xf81f,
    0xf81f, 0xf81f, 0xf81f, 0xf81f, 0xf81f, 0xf81f, 0xf81f, 0xf81f, 0xf81f, 0xf81f, 0xf81f, 0xf81f,
    0xf81f, 0xf81f, 0xf81f, 0xf81f, 0xf81f, 0xf81f, 0xf81f, 0xf81f, 0xf81f, 0xf81f, 0xf81f, 0xf81f,
    0xf81f, 0xf81f, 0xf81f, 0xf81f, 0xf81f, 0xf81f, 0xf81f, 0xf81f, 0xf81f, 0xf81f, 0xf81f, 0xf81f,
    0xf81f, 0xf81f, 0xf81f, 0xf81f, 0xf81f, 0xf81f, 0xf81f, 0xf81f, 0xf81f, 0xf81f, 0xf81f, 0xf81f,
    0xf81f, 0xf81f, 0xf81f, 0xf81f, 0xf81f, 0xf81f, 0xf81f, 0xf81f, 0xf81f, 0xf81f, 0xf81f, 0xf81f,
    0xf81f, 0xf81f, 0xf81f, 0xf81f, 0xf81f, 0xf81f, 0xf81f, 0xf81f, 0xf81f, 0xf81f, 0xf81f, 0xf81f,
    0xf81f, 0xf81f, 0xf81f, 0xf81f, 0xf81f, 0xf81f, 0xf81f, 0xf81f, 0xf81f, 0xf81f, 0xf81f, 0xf81f,
    0xf81f, 0xf81f, 0xf81f, 0xf81f, 0xf81f, 0xf81f, 0xf81f, 0xf81f, 0xf81f, 0xf81f, 0xf81f, 0xf81f,
    0xf81f, 0xf81f, 0xf81f, 0xf81f, 0xf81f, 0xf81f, 0xf81f, 0xf81f, 0xf81f, 0xf81f, 0xf81f, 0xf81f,
    0xf81f, 0xf81f, 0xf81f, 0xf81f, 0xf81f, 0xf81f, 0xf81f, 0xf81f, 0xf81f, 0xf81f, 0xf81f, 0xf81f,
    0xf81f, 0xf81f, 0xf81f, 0xf81f, 0xf81f, 0xf81f, 0xf81f, 0xf81f, 0xf81f, 0xf81f, 0xf81f, 0xf81f,
    0xf81f, 0xf81f, 0xf81f, 0xf81f, 0xf81f, 0xf81f, 0xf81f, 0xf81f, 0xf81f, 0xf81f, 0xf81f, 0xf81f,
    0xf81f, 0xf81f, 0xf81f, 0xf81f, 0xf81f, 0xf81f, 0xf81f, 0xf81f, 0xf81f, 0xf81f, 0xf81f, 0xf81f,
    0xf81f, 0xf81f, 0xf81f, 0xf81f, 0xf81f, 0xf81f, 0xf81f, 0xf81f, 0xf81f, 0xf81f, 0xf81f, 0xf81f,
    0xf81f, 0xf81f, 0xf81f, 0xf81f, 0xf81f, 0xf81f, 0xf81f, 0xf81f, 0xf81f, 0xf81f, 0xf81f, 0xf81f,
    0xf81f, 0xf81f, 0xf81f, 0xf81f, 0xf81f, 0xf81f, 0xf81f, 0xf81f, 0xf81f, 0xf81f, 0xf81f, 0xf81f,
    0xf81f, 0xf81f, 0xf81f, 0xf81f, 0xf81f, 0xf81f, 0xf81f, 0xf81f, 0xf81f, 0xf81f, 0xf81f, 0xf81f,
    0xf81f, 0xf81f, 0xf81f, 0xf81f, 0xf81f, 0xf81f, 0xf81f, 0xf81f, 0xf81f, 0xf81f, 0xf81f, 0xf81f,
    0xf81f, 0xf81f, 0xf81f, 0xf81f, 0xf81f, 0xf81f, 0xf81f, 0xf81f, 0xf81f, 0xf81f, 0xf81f, 0xf81f,
    0xf81f, 0xf81f, 0xf81f, 0xf81f, 0xf81f, 0xf81f, 0xf81f, 0xf81f, 0xf81f, 0xf81f, 0xf81f, 0xf81f,
    0xf81f, 0xf81f, 0xf81f, 0xf81f, 0xf81f, 0xf81f, 0xf81f, 0xf81f, 0xf81f, 0xf81f, 0xf81f, 0xf81f,
    0xf81f, 0xf81f, 0xf81f, 0xf81f, 0xf81f, 0xf81f, 0xf81f, 0xf81f, 0xf81f, 0xf81f, 0xf81f, 0xf81f,
    0xf81f, 0xf81f, 0xf81f, 0xf81f, 0xf81f, 0xf81f, 0xf81f, 0xf81f, 0xf81f, 0xf81f, 0xf81f, 0xf81f,
    0xf81f, 0xf81f, 0xf81f, 0xf81f, 0xf81f, 0xf81f, 0xf81f, 0xf81f, 0xf81f, 0xf81f, 0xf81f, 0xf81f,
    0xf81f, 0xf81f, 0xf81f, 0xf81f, 0xf81f, 0xf81f, 0xf81f, 0xf81f, 0xf81f, 0xf81f, 0xf81f, 0xf81f,
    0xf81f, 0xf81f, 0xf81f, 0xf81f, 0xf81f, 0xf81f, 0xf81f, 0xf81f, 0xf81f, 0xf81f, 0xf81f, 0xf81f,
    0xf81f, 0xf81f, 0xf81f, 0xf81f, 0xf81f, 0xf81f, 0xf81f, 0xf81f, 0xf81f, 0xf81f, 0xf81f, 0xf81f,
    0xf81f, 0xf81f, 0xf81f, 0xf81f, 0xf81f, 0xf81f, 0xf81f, 0xf81f, 0xf81f, 0xf81f, 0xf81f, 0xf81f,
    0xf81f, 0xf81f, 0xf81f, 0xf81f, 0xf81f, 0xf81f, 0xf81f, 0xf81f, 0xf81f, 0xf81f, 0xf81f, 0xf81f,
    0xf81f, 0xf81f, 0xf81f, 0xf81f, 0xf81f, 0xf81f, 0xf81f, 0xf81f, 0xf81f, 0xf81f, 0xf81f, 0xf81f,
    0xf81f, 0xf81f, 0xf81f, 0xf81f, 0xf81f, 0xf81f, 0xf81f, 0xf81f, 0xf81f, 0xf81f, 0xf81f, 0xf81f,
    0xf81f, 0xf81f, 0xf81f, 0xf81f, 0xf81f, 0xf81f, 0xf81f, 0xf81f, 0xf81f, 0xf81f, 0xf81f, 0xf81f,
    0xf81f, 0xf81f, 0xf81f, 0xf81f, 0xf81f, 0xf81f, 0xf81f, 0xf81f, 0xf81f, 0xf81f, 0xf81f, 0xf81f,
    0xf81f, 0xf81f, 0xf81f, 0xf81f, 0xf81f, 0xf81f, 0xf81f, 0xf81f, 0xf81f, 0xf81f, 0xf81f, 0xf81f,
    0xf81f, 0xf81f, 0xf81f, 0xf81f, 0xf81f, 0xf81f, 0xf81f, 0xf81f, 0xf81f, 0xf81f, 0xf81f, 0xf81f,
    0xf81f, 0xf81f, 0xf81f, 0xf81f, 0xf81f, 0xf81f, 0xf81f, 0xf81f, 0xf81f, 0xf81f, 0xf81f, 0xf81f,
    0xf81f, 0xf81f, 0xf81f, 0xf81f, 0xf81f, 0xf81f, 0xf81f, 0xf81f, 0xf81f, 0xf81f, 0xf81f, 0xf81f,
    0xf81f, 0xf81f, 0xf81f, 0xf81f, 0xf81f, 0xf81f, 0xf81f, 0xf81f, 0xf81f, 0xf81f, 0xf81f, 0xf81f,
    0xf81f, 0xf81f, 0xf81f, 0xf81f, 0xf81f, 0xf81f, 0xf81f, 0xf81f, 0xf81f, 0xf81f, 0xf81f, 0xf81f,
    0xf81f, 0xf81f, 0xf81f, 0xf81f, 0xf81f, 0xf81f, 0xf81f, 0xf81f, 0xf81f, 0xf81f, 0xf81f, 0xf81f,
    0xf81f, 0xf81f, 0xf81f, 0xf81f, 0xf81f, 0xf81f, 0xf81f, 0xf81f, 0xf81f, 0xf81f, 0xf81f, 0xf81f,
    0xf81f, 0xf81f, 0xf81f, 0xf81f, 0xf81f, 0xf81f, 0xf81f, 0xf81f, 0xf81f, 0xf81f, 0xf81f, 0xf81f,
    0xf81f, 0xf81f, 0xf81f, 0xf81f, 0xf81f, 0xf81f, 0xf81f, 0xf81f, 0xf81f, 0xf81f, 0xf81f, 0xf81f,
    0xf81f, 0xf81f, 0xf81f, 0xf81f, 0xf81f, 0xf81f, 0xf81f, 0xf81f, 0xf81f, 0xf81f, 0xf81f, 0xf81f,
    0xf81f, 0xf81f, 0xf81f, 0xf81f, 0xf81f, 0xf81f, 0xf81f, 0xf81f, 0xf81f, 0xf81f, 0xf81f, 0xf81f,
    0xf81f, 0xf81f, 0xf81f, 0xf81f, 0xf81f, 0xf81f, 0xf81f, 0xf81f, 0xf81f, 0xf81f, 0xf81f, 0xf81f,
    0xf81f, 0xf81f, 0xf81f, 0xf81f, 0xf81f, 0xf81f, 0xf81f, 0xf81f, 0xf81f, 0xf81f, 0xf81f, 0xf81f,
    0xf81f, 0xf81f, 0xf81f, 0xf81f, 0xf81f, 0xf81f, 0xf81f, 0xf81f, 0xf81f, 0xf81f, 0xf81f, 0xf81f,
    0xf81f, 0xf81f, 0xf81f, 0xf81f, 0xf81f, 0xf81f, 0xf81f, 0xf81f, 0xf81f, 0xf81f, 0xf81f, 0xf81f,
    0xf81f, 0xf81f, 0xf81f, 0xf81f, 0xf81f, 0xf81f, 0xf81f, 0xf81f, 0xf81f, 0xf81f, 0xf81f, 0xf81f,
    0xf81f, 0xf81f, 0xf81f, 0xf81f, 0xf81f, 0xf81f, 0xf81f, 0xf81f, 0xf81f, 0xf81f, 0xf81f, 0xf81f,
    0xf81f, 0xf81f, 0xf81f, 0xf81f, 0xf81f, 0xf81f, 0xf81f, 0xf81f, 0xf81f, 0xf81f, 0xf81f, 0xf81f,
    0xf81f, 0xf81f, 0xf81f, 0xf81f, 0xf81f, 0xf81f, 0xf81f, 0xf81f, 0xf81f, 0xf81f, 0xf81f, 0xf81f,
    0xf81f, 0xf81f, 0xf81f, 0xf81f, 0xf81f, 0xf81f, 0xf81f, 0xf81f, 0xf81f, 0xf81f, 0xf81f, 0xf81f,
    0xf81f, 0xf81f, 0xf81f, 0xf81f, 0xf81f, 0xf81f, 0xf81f, 0xf81f, 0xf81f, 0xf81f, 0xf81f, 0xf81f,
    0xf81f, 0xf81f, 0xf81f, 0xf81f, 0xf81f, 0xf81f, 0xf81f, 0xf81f, 0xf81f, 0xf81f, 0xf81f, 0xf81f,
    0xf81f, 0xf81f, 0xf81f, 0xf81f, 0xf81f, 0xf81f, 0xf81f, 0xf81f, 0xf81f, 0xf81f, 0xf81f, 0xf81f,
    0xf81f, 0xf81f, 0xf81f, 0xf81f, 0xf81f, 0xf81f, 0xf81f, 0xf81f, 0xf81f, 0xf81f, 0xf81f, 0xf81f,
    0xf81f, 0xf81f, 0xf81f, 0xf81f, 0xf81f, 0xf81f, 0xf81f, 0xf81f, 0xf81f, 0xf81f, 0xf81f, 0xf81f,
    0xf81f, 0xf81f, 0xf81f, 0xf81f, 0xf81f, 0xf81f, 0xf81f, 0xf81f, 0xf81f, 0xf81f, 0xf81f, 0xf81f,
    0xf81f, 0xf81f, 0xf81f, 0xf81f, 0xf81f, 0xf81f, 0xf81f, 0xf81f, 0xf81f, 0xf81f, 0xf81f, 0xf81f,
    0xf81f, 0xf81f, 0xf81f, 0xf81f, 0xf81f, 0xf81f, 0xf81f, 0xf81f, 0xf81f, 0xf81f, 0xf81f, 0xf81f,
    0xf81f, 0xf81f, 0xf81f, 0xf81f, 0xf81f, 0xf81f, 0xf81f, 0xf81f, 0xf81f, 0xf81f, 0xf81f, 0xf81f,
    0xf81f, 0xf81f, 0xf81f, 0xf81f, 0xf81f, 0xf81f, 0xf81f, 0xf81f, 0xf81f, 0xf81f, 0xf81f, 0xf81f,
    0xf81f, 0xf81f, 0xf81f, 0xf81f, 0xf81f, 0xf81f, 0xf81f, 0xf81f, 0xf81f, 0xf81f, 0xf81f, 0xf81f,
    0xf81f, 0xf81f, 0xf81f, 0xf81f, 0xf81f, 0xf81f, 0xf81f, 0xf81f, 0xf81f, 0xf81f, 0xf81f, 0xf81f,
    0xf81f, 0xf81f, 0xf81f, 0xf81f, 0xf81f, 0xf81f, 0xf81f, 0xf81f, 0xf81f, 0xf81f, 0xf81f, 0xf81f,
    0xf81f, 0xf81f, 0xf81f, 0xf81f, 0xf81f, 0xf81f, 0xf81f, 0xf81f, 0xf81f, 0xf81f, 0xf81f, 0xf81f,
    0xf81f, 0xf81f, 0xf81f, 0xf81f, 0xf81f, 0xf81f, 0xf81f, 0xf81f, 0xf81f, 0xf81f, 0xf81f, 0xf81f,
    0xf81f, 0xf81f, 0xf81f, 0xf81f, 0xf81f, 0xf81f, 0xf81f, 0xf81f, 0xf81f, 0xf81f, 0xf81f, 0xf81f,
    0xf81f, 0xf81f, 0xf81f, 0xf81f, 0xf81f, 0xf81f, 0xf81f, 0xf81f, 0xf81f, 0xf81f, 0xf81f, 0xf81f,
    0xf81f, 0xf81f, 0xf81f, 0xf81f, 0xf81f, 0xf81f, 0xf81f, 0xf81f, 0xf81f, 0xf81f, 0xf81f, 0xf81f,
    0xf81f, 0xf81f, 0xf81f, 0xf81f, 0xf81f, 0xf81f, 0xf81f, 0xf81f, 0xf81f, 0xf81f, 0xf81f, 0xf81f,
    0xf81f, 0xf81f, 0xf81f, 0xf81f, 0xf81f, 0xf81f, 0xf81f, 0xf81f, 0xf81f, 0xf81f, 0xf81f, 0xf81f,
    0xf81f, 0xf81f, 0xf81f, 0xf81f, 0xf81f, 0xf81f, 0xf81f, 0xf81f, 0xf81f, 0xf81f, 0xf81f, 0xf81f,
    0xf81f, 0xf81f, 0xf81f, 0xf81f, 0xf81f, 0xf81f, 0xf81f, 0xf81f, 0xf81f, 0xf81f, 0xf81f, 0xf81f,
    0xf81f, 0xf81f, 0xf81f, 0xf81f, 0xf81f, 0xf81f, 0xf81f, 0xf81f, 0xf81f, 0xf81f, 0xf81f, 0xf81f,
    0xf81f, 0xf81f, 0xf81f, 0xf81f, 0xf81f, 0xf81f, 0xf81f, 0xf81f, 0xf81f, 0xf81f, 0xf81f, 0xf81f,
    0xf81f, 0xf81f, 0xf81f, 0xf81f, 0xf81f, 0xf81f, 0xf81f, 0xf81f, 0xf81f, 0xf81f, 0xf81f, 0xf81f,
    0xf81f, 0xf81f, 0xf81f, 0xf81f, 0xf81f, 0xf81f, 0xf81f, 0xf81f, 0xf81f, 0xf81f, 0xf81f, 0xf81f,
    0xf81f, 0xf81f, 0xf81f, 0xf81f, 0xf81f, 0xf81f, 0xf81f, 0xf81f, 0xf81f, 0xf81f, 0xf81f, 0xf81f,
    0xf81f, 0xf81f, 0xf81f, 0xf81f, 0xf81f, 0xf81f, 0xf81f, 0xf81f, 0xf81f, 0xf81f, 0xf81f, 0xf81f,
    0xf81f, 0xf81f, 0xf81f, 0xf81f, 0xf81f, 0xf81f, 0xf81f, 0xf81f, 0xf81f, 0xf81f, 0xf81f, 0xf81f,
    0xf81f, 0xf81f, 0xf81f, 0xf81f, 0xf81f, 0xf81f, 0xf81f, 0xf81f, 0xf81f, 0xf81f, 0xf81f, 0xf81f,
    0xf81f, 0xf81f, 0xf81f, 0xf81f, 0xf81f, 0xf81f, 0xf81f, 0xf81f, 0xf81f, 0xf81f, 0xf81f, 0xf81f,
    0xf81f, 0xf81f, 0xf81f, 0xf81f, 0xf81f, 0xf81f, 0xf81f, 0xf81f, 0xf81f, 0xf81f, 0xf81f, 0xf81f,
    0xf81f, 0xf81f, 0xf81f, 0xf81f, 0xf81f, 0xf81f, 0xf81f, 0xf81f, 0xf81f, 0xf81f, 0xf81f, 0xf81f,
    0xf81f, 0xf81f, 0xf81f, 0xf81f, 0xf81f, 0xf81f, 0xf81f, 0xf81f, 0xf81f, 0xf81f, 0xf81f, 0xf81f,
    0xf81f, 0xf81f, 0xf81f, 0xf81f, 0xf81f, 0xf81f, 0xf81f, 0xf81f, 0xf81f, 0xf81f, 0xf81f, 0xf81f,
    0xf81f, 0xf81f, 0xf81f, 0xf81f, 0xf81f, 0xf81f, 0xf81f, 0xf81f, 0xf81f, 0xf81f, 0xf81f, 0xf81f,
    0xf81f, 0xf81f, 0xf81f, 0xf81f, 0xf81f, 0xf81f, 0xf81f, 0xf81f, 0xf81f, 0xf81f, 0xf81f, 0xf81f,
    0xf81f, 0xf81f, 0xf81f, 0xf81f, 0xf81f, 0xf81f, 0xf81f, 0xf81f, 0xf81f, 0xf81f, 0xf81f, 0xf81f,
    0xf81f, 0xf81f, 0xf81f, 0xf81f, 0xf81f, 0xf81f, 0xf81f, 0xf81f, 0xf81f, 0xf81f, 0xf81f, 0xf81f,
    0xf81f, 0xf81f, 0xf81f, 0xf81f, 0xf81f, 0xf81f, 0xf81f, 0xf81f, 0xf81f, 0xf81f, 0xf81f, 0xf81f,
    0xf81f, 0xf81f, 0xf81f, 0xf81f, 0xf81f, 0xf81f, 0xf81f, 0xf81f, 0xf81f, 0xf81f, 0xf81f, 0xf81f,
    0xf81f, 0xf81f, 0xf81f, 0xf81f, 0xf81f, 0xf81f, 0xf81f, 0xf81f, 0xf81f, 0xf81f, 0xf81f, 0xf81f,
    0xf81f, 0xf81f, 0xf81f, 0xf81f, 0xf81f, 0xf81f, 0xf81f, 0xf81f, 0xf81f, 0xf81f, 0xf81f, 0xf81f,
    0xf81f, 0xf81f, 0xf81f, 0xf81f, 0xf81f, 0xf81f, 0xf81f, 0xf81f, 0xf81f, 0xf81f, 0xf81f, 0xf81f,
    0xf81f, 0xf81f, 0xf81f, 0xf81f, 0xf81f, 0xf81f, 0xf81f, 0xf81f, 0xf81f, 0xf81f, 0xf81f, 0xf81f,
    0xf81f, 0xf81f, 0xf81f, 0xf81f, 0xf81f, 0xf81f, 0xf81f, 0xf81f, 0xf81f, 0xf81f, 0xf81f, 0xf81f,
    0xf81f, 0xf81f, 0xf81f, 0xf81f, 0xf81f, 0xf81f, 0xf81f, 0xf81f, 0xf81f, 0xf81f, 0xf81f, 0xf81f,
    0xf81f, 0xf81f, 0xf81f, 0xf81f, 0xf81f, 0xf81f, 0xf81f, 0xf81f, 0xf81f, 0xf81f, 0xf81f, 0xf81f,
    0xf81f, 0xf81f, 0xf81f, 0xf81f, 0xf81f, 0xf81f, 0xf81f, 0xf81f, 0xf81f, 0xf81f, 0xf81f, 0xf81f,
    0xf81f, 0xf81f, 0xf81f, 0xf81f, 0xf81f, 0xf81f, 0xf81f, 0xf81f, 0xf81f, 0xf81f, 0xf81f, 0xf81f,
    0xf81f, 0xf81f, 0xf81f, 0xf81f, 0xf81f, 0xf81f, 0xf81f, 0xf81f, 0xf81f, 0xf81f, 0xf81f, 0xf81f,
    0xf81f, 0xf81f, 0xf81f, 0xf81f, 0xf81f, 0xf81f, 0xf81f, 0xf81f, 0xf81f, 0xf81f, 0xf81f, 0xf81f,
    0xf81f, 0xf81f, 0xf81f, 0xf81f, 0xf81f, 0xf81f, 0xf81f, 0xf81f, 0xf81f, 0xf81f, 0xf81f, 0xf81f,
    0xf81f, 0xf81f, 0xf81f, 0xf81f, 0xf81f, 0xf81f, 0xf81f, 0xf81f, 0xf81f, 0xf81f, 0xf81f, 0xf81f,
    0xf81f, 0xf81f, 0xf81f, 0xf81f, 0xf81f, 0xf81f, 0xf81f, 0xf81f, 0xf81f, 0xf81f, 0xf81f, 0xf81f,
    0xf81f, 0xf81f, 0xf81f, 0xf81f, 0xf81f, 0xf81f, 0xf81f, 0xf81f, 0xf81f, 0xf81f, 0xf81f, 0xf81f,
    0xf81f, 0xf81f, 0xf81f, 0xf81f, 0xf81f, 0xf81f, 0xf81f, 0xf81f, 0xf81f, 0xf81f, 0xf81f, 0xf81f,
    0xf81f, 0xf81f, 0xf81f, 0xf81f, 0xf81f, 0xf81f, 0xf81f, 0xf81f, 0xf81f, 0xf81f, 0xf81f, 0xf81f,
    0xf81f, 0xf81f, 0xf81f, 0xf81f, 0xf81f, 0xf81f, 0xf81f, 0xf81f, 0xf81f, 0xf81f, 0xf81f, 0xf81f,
    0xf81f, 0xf81f, 0xf81f, 0xf81f, 0xf81f, 0xf81f, 0xf81f, 0xf81f, 0xf81f, 0xf81f, 0xf81f, 0xf81f,
    0xf81f, 0xf81f, 0xf81f, 0xf81f, 0xf81f, 0xf81f, 0xf81f, 0xf81f, 0xf81f, 0xf81f, 0xf81f, 0xf81f,
    0xf81f, 0xf81f, 0xf81f, 0xf81f, 0xf81f, 0xf81f, 0xf81f, 0xf81f, 0xf81f, 0xf81f, 0xf81f, 0xf81f,
    0xf81f, 0xf81f, 0xf81f, 0xf81f, 0xf81f, 0xf81f, 0xf81f, 0xf81f, 0xf81f, 0xf81f, 0xf81f, 0xf81f,
    0xf81f, 0xf81f, 0xf81f, 0xf81f, 0xf81f, 0xf81f, 0xf81f, 0xf81f, 0xf81f, 0xf81f, 0xf81f, 0xf81f,
    0xf81f, 0xf81f, 0xf81f, 0xf81f, 0xf81f, 0xf81f, 0xf81f, 0xf81f, 0xf81f, 0xf81f, 0xf81f, 0xf81f,
    0xf81f, 0xf81f, 0xf81f, 0xf81f, 0xf81f, 0xf81f, 0xf81f, 0xf81f, 0xf81f, 0xf81f, 0xf81f, 0xf81f,
    0xf81f, 0xf81f, 0xf81f, 0xf81f, 0xf81f, 0xf81f, 0xf81f, 0xf81f, 0xf81f, 0xf81f, 0xf81f, 0xf81f,
    0xf81f, 0xf81f, 0xf81f, 0xf81f, 0xf81f, 0xf81f, 0xf81f, 0xf81f, 0xf81f, 0xf81f, 0xf81f, 0xf81f,
    0xf81f, 0xf81f, 0xf81f, 0xf81f, 0xf81f, 0xf81f, 0xf81f, 0xf81f, 0xf81f, 0xf81f, 0xf81f, 0xf81f,
    0xf81f, 0xf81f, 0xf81f, 0xf81f, 0xf81f, 0xf81f, 0xf81f, 0xf81f, 0xf81f, 0xf81f, 0xf81f, 0xf81f,
    0xf81f, 0xf81f, 0xf81f, 0xf81f, 0xf81f, 0xf81f, 0xf81f, 0xf81f, 0xf81f, 0xf81f, 0xf81f, 0xf81f,
    0xf81f, 0xf81f, 0xf81f, 0xf81f, 0xf81f, 0xf81f, 0xf81f, 0xf81f, 0xf81f, 0xf81f, 0xf81f, 0xf81f,
    0xf81f, 0xf81f, 0xf81f, 0xf81f, 0xf81f, 0xf81f, 0xf81f, 0xf81f, 0xf81f, 0xf81f, 0xf81f, 0xf81f,
    0xf81f, 0xf81f, 0xf81f, 0xf81f, 0xf81f, 0xf81f, 0xf81f, 0xf81f, 0xf81f, 0xf81f, 0xf81f, 0xf81f,
    0xf81f, 0xf81f, 0xf81f, 0xf81f, 0xf81f, 0xf81f, 0xf81f, 0xf81f, 0xf81f, 0xf81f, 0xf81f, 0xf81f,
    0xf81f, 0xf81f, 0xf81f, 0xf81f, 0xf81f, 0xf81f, 0xf81f, 0xf81f, 0xf81f, 0xf81f, 0xf81f, 0xf81f,
    0xf81f, 0xf81f, 0xf81f, 0xf81f, 0xf81f, 0xf81f, 0xf81f, 0xf81f, 0xf81f, 0xf81f, 0xf81f, 0xf81f,
    0xf81f, 0xf81f, 0xf81f, 0xf81f, 0xf81f, 0xf81f, 0xf81f, 0xf81f, 0xf81f, 0xf81f, 0xf81f, 0xf81f,
    0xf81f, 0xf81f, 0xf81f, 0xf81f, 0xf81f, 0xf81f, 0xf81f, 0xf81f, 0xf81f, 0xf81f, 0xf81f, 0xf81f,
    0xf81f, 0xf81f, 0xf81f, 0xf81f, 0xf81f, 0xf81f, 0xf81f, 0xf81f, 0xf81f, 0xf81f, 0xf81f, 0xf81f,
    0xf81f, 0xf81f, 0xf81f, 0xf81f, 0xf81f, 0xf81f, 0xf81f, 0xf81f, 0xf81f, 0xf81f, 0xf81f, 0xf81f,
    0xf81f, 0xf81f, 0xf81f, 0xf81f, 0xf81f, 0xf81f, 0xf81f, 0xf81f, 0xf81f, 0xf81f, 0xf81f, 0xf81f,
    0xf81f, 0xf81f, 0xf81f, 0xf81f, 0xf81f, 0xf81f, 0xf81f, 0xf81f, 0xf81f, 0xf81f, 0xf81f, 0xf81f,
    0xf81f, 0xf81f, 0xf81f, 0xf81f, 0xf81f, 0xf81f, 0xf81f, 0xf81f, 0xf81f, 0xf81f, 0xf81f, 0xf81f,
    0xf81f, 0xf81f, 0xf81f, 0xf81f, 0xf81f, 0xf81f, 0xf81f, 0xf81f, 0xf81f, 0xf81f, 0xf81f, 0xf81f,
    0xf81f, 0xf81f, 0xf81f, 0xf81f, 0xf81f, 0xf81f, 0xf81f, 0xf81f, 0xf81f, 0xf81f, 0xf81f, 0xf81f,
    0xf81f, 0xf81f, 0xf81f, 0xf81f, 0xf81f, 0xf81f, 0xf81f, 0xf81f, 0xf81f, 0xf81f, 0xf81f, 0xf81f,
    0xf81f, 0xf81f, 0xf81f, 0xf81f, 0xf81f, 0xf81f, 0xf81f, 0xf81f, 0xf81f, 0xf81f, 0xf81f, 0xf81f,
    0xf81f, 0xf81f, 0xf81f, 0xf81f, 0xf81f, 0xf81f, 0xf81f, 0xf81f, 0xf81f, 0xf81f, 0xf81f, 0xf81f,
    0xf81f, 0xf81f, 0xf81f, 0xf81f, 0xf81f, 0xf81f, 0xf81f, 0xf81f, 0xf81f, 0xf81f, 0xf81f, 0xf81f,
    0xf81f, 0xf81f, 0xf81f, 0xf81f, 0xf81f, 0xf81f, 0xf81f, 0xf81f, 0xf81f, 0xf81f, 0xf81f, 0xf81f,
    0xf81f, 0xf81f, 0xf81f, 0xf81f, 0xf81f, 0xf81f, 0xf81f, 0xf81f, 0xf81f, 0xf81f, 0xf81f, 0xf81f,
    0xf81f, 0xf81f, 0xf81f, 0xf81f, 0xf81f, 0xf81f, 0xf81f, 0xf81f, 0xf81f, 0xf81f, 0xf81f, 0xf81f,
    0xf81f, 0xf81f, 0xf81f, 0xf81f, 0xf81f, 0xf81f, 0xf81f, 0xf81f, 0xf81f, 0xf81f, 0xf81f, 0xf81f,
    0xf81f, 0xf81f, 0xf81f, 0xf81f, 0xf81f, 0xf81f, 0xf81f, 0xf81f, 0xf81f, 0xf81f, 0xf81f, 0xf81f,
    0xf81f, 0xf81f, 0xf81f, 0xf81f, 0xf81f, 0xf81f, 0xf81f, 0xf81f, 0xf81f, 0xf81f, 0xf81f, 0xf81f,
    0xf81f, 0xf81f, 0xf81f, 0xf81f, 0xf81f, 0xf81f, 0xf81f, 0xf81f, 0xf81f, 0xf81f, 0xf81f, 0xf81f,
    0xf81f, 0xf81f, 0xf81f, 0xf81f, 0xf81f, 0xf81f, 0xf81f, 0xf81f, 0xf81f, 0xf81f, 0xf81f, 0xf81f,
    0xf81f, 0xf81f, 0xf81f, 0xf81f, 0xf81f, 0xf81f, 0xf81f, 0xf81f, 0xf81f, 0xf81f, 0xf81f, 0xf81f,
    0xf81f, 0xf81f, 0xf81f, 0xf81f, 0xf81f, 0xf81f, 0xf81f, 0xf81f, 0xf81f, 0xf81f, 0xf81f, 0xf81f,
    0xf81f, 0xf81f, 0xf81f, 0xf81f, 0xf81f, 0xf81f, 0xf81f, 0xf81f, 0xf81f, 0xf81f, 0xf81f, 0xf81f,
    0xf81f, 0xf81f, 0xf81f, 0xf81f, 0xf81f, 0xf81f, 0xf81f, 0xf81f, 0xf81f, 0xf81f, 0xf81f, 0xf81f,
    0xf81f, 0xf81f, 0xf81f, 0xf81f, 0xf81f, 0xf81f, 0xf81f, 0xf81f, 0xf81f, 0xf81f, 0xf81f, 0xf81f,
    0xf81f, 0xf81f, 0xf81f, 0xf81f, 0xf81f, 0xf81f, 0xf81f, 0xf81f, 0xf81f, 0xf81f, 0xf81f, 0xf81f,
    0xf81f, 0xf81f, 0xf81f, 0xf81f, 0xf81f, 0xf81f, 0xf81f, 0xf81f, 0xf81f, 0xf81f, 0xf81f, 0xf81f,
    0xf81f, 0xf81f, 0xf81f, 0xf81f, 0xf81f, 0xf81f, 0xf81f, 0xf81f, 0xf81f, 0xf81f, 0xf81f, 0xf81f,
    0xf81f, 0xf81f, 0xf81f, 0xf81f, 0xf81f, 0xf81f, 0xf81f, 0xf81f, 0xf81f, 0xf81f, 0xf81f, 0xf81f,
    0xf81f, 0xf81f, 0xf81f, 0xf81f, 0xf81f, 0xf81f, 0xf81f, 0xf81f, 0xf81f, 0xf81f, 0xf81f, 0xf81f,
    0xf81f, 0xf81f, 0xf81f, 0xf81f, 0xf81f, 0xf81f, 0xf81f, 0xf81f, 0xf81f, 0xf81f, 0xf81f, 0xf81f,
    0xf81f, 0xf81f, 0xf81f, 0xf81f, 0xf81f, 0xf81f, 0xf81f, 0xf81f, 0xf81f, 0xf81f, 0xf81f, 0xf81f,
    0xf81f, 0xf81f, 0xf81f, 0xf81f, 0xf81f, 0xf81f, 0xf81f, 0xf81f, 0xf81f, 0xf81f, 0xf81f, 0xf81f,
    0xf81f, 0xf81f, 0xf81f, 0xf81f, 0xf81f, 0xf81f, 0xf81f, 0xf81f, 0xf81f, 0xf81f, 0xf81f, 0xf81f,
    0xf81f, 0xf81f, 0xf81f, 0xf81f, 0xf81f, 0xf81f, 0xf81f, 0xf81f, 0xf81f, 0xf81f, 0xf81f, 0xf81f,
    0xf81f, 0xf81f, 0xf81f, 0xf81f, 0xf81f, 0xf81f, 0xf81f, 0xf81f, 0xf81f, 0xf81f, 0xf81f, 0xf81f,
    0xf81f, 0xf81f, 0xf81f, 0xf81f, 0xf81f, 0xf81f, 0xf81f, 0xf81f, 0xf81f, 0xf81f, 0xf81f, 0xf81f,
    0xf81f, 0xf81f, 0xf81f, 0xf81f, 0xf81f, 0xf81f, 0xf81f, 0xf81f, 0xf81f, 0xf81f, 0xf81f, 0xf81f,
    0xf81f, 0xf81f, 0xf81f, 0xf81f, 0xf81f, 0xf81f, 0xf81f, 0xf81f, 0xf81f, 0xf81f, 0xf81f, 0xf81f,
    0xf81f, 0xf81f, 0xf81f, 0xf81f, 0xf81f, 0xf81f, 0xf81f, 0xf81f, 0xf81f, 0xf81f, 0xf81f, 0xf81f,
    0xf81f, 0xf81f, 0xf81f, 0xf81f, 0xf81f, 0xf81f, 0xf81f, 0xf81f, 0xf81f, 0xf81f, 0xf81f, 0xf81f,
    0xf81f, 0xf81f, 0xf81f, 0xf81f, 0xf81f, 0xf81f, 0xf81f, 0xf81f, 0xf81f, 0xf81f, 0xf81f, 0xf81f,
    0xf81f, 0xf81f, 0xf81f, 0xf81f, 0xf81f, 0xf81f, 0xf81f, 0xf81f, 0xf81f, 0xf81f, 0xf81f, 0xf81f,
    0xf81f, 0xf81f, 0xf81f, 0xf81f, 0xf81f, 0xf81f, 0xf81f, 0xf81f, 0xf81f, 0xf81f, 0xf81f, 0xf81f,
    0xf81f, 0xf81f, 0xf81f, 0xf81f, 0xf81f, 0xf81f, 0xf81f, 0xf81f, 0xf81f, 0xf81f, 0xf81f, 0xf81f,
    0xf81f, 0xf81f, 0xf81f, 0xf81f, 0xf81f, 0xf81f, 0xf81f, 0xf81f, 0xf81f, 0xf81f, 0xf81f, 0xf81f,
    0xf81f, 0xf81f, 0xf81f, 0xf81f, 0xf81f, 0xf81f, 0xf81f, 0xf81f, 0xf81f, 0xf81f, 0xf81f, 0xf81f,
    0xf81f, 0xf81f, 0xf81f, 0xf81f, 0xf81f, 0xf81f, 0xf81f, 0xf81f, 0xf81f, 0xf81f, 0xf81f, 0xf81f,
    0xf81f, 0xf81f, 0xf81f, 0xf81f, 0xf81f, 0xf81f, 0xf81f, 0xf81f, 0xf81f, 0xf81f, 0xf81f, 0xf81f,
    0xf81f, 0xf81f, 0xf81f, 0xf81f, 0xf81f, 0xf81f, 0xf81f, 0xf81f, 0xf81f, 0xf81f, 0xf81f, 0xf81f,
    0xf81f, 0xf81f, 0xf81f, 0xf81f, 0xf81f, 0xf81f, 0xf81f, 0xf81f, 0xf81f, 0xf81f, 0xf81f, 0xf81f,
    0xf81f, 0xf81f, 0xf81f, 0xf81f, 0xf81f, 0xf81f, 0xf81f, 0xf81f, 0xf81f, 0xf81f, 0xf81f, 0xf81f,
    0xf81f, 0xf81f, 0xf81f, 0xf81f, 0xf81f, 0xf81f, 0xf81f, 0xf81f, 0xf81f, 0xf81f, 0xf81f, 0xf81f,
    0xf81f, 0xf81f, 0xf81f, 0xf81f, 0xf81f, 0xf81f, 0xf81f, 0xf81f, 0xf81f, 0xf81f, 0xf81f, 0xf81f,
    0xf81f, 0xf81f, 0xf81f, 0xf81f, 0xf81f, 0xf81f, 0xf81f, 0xf81f, 0xf81f, 0xf81f, 0xf81f, 0xf81f,
    0xf81f, 0xf81f, 0xf81f, 0xf81f, 0xf81f, 0xf81f, 0xf81f, 0xf81f, 0xf81f, 0xf81f, 0xf81f, 0xf81f,
    0xf81f, 0xf81f, 0xf81f, 0xf81f, 0xf81f, 0xf81f, 0xf81f, 0xf81f, 0xf81f, 0xf81f, 0xf81f, 0xf81f,
    0xf81f, 0xf81f, 0xf81f, 0xf81f, 0xf81f, 0xf81f, 0xf81f, 0xf81f, 0xf81f, 0xf81f, 0xf81f, 0xf81f,
    0xf81f, 0xf81f, 0xf81f, 0xf81f, 0xf81f, 0xf81f, 0xf81f, 0xf81f, 0xf81f, 0xf81f, 0xf81f, 0xf81f,
    0xf81f, 0xf81f, 0xf81f, 0xf81f, 0xf81f, 0xf81f, 0xf81f, 0xf81f, 0xf81f, 0xf81f, 0xf81f, 0xf81f,
    0xf81f, 0xf81f, 0xf81f, 0xf81f, 0xf81f, 0xf81f, 0xf81f, 0xf81f, 0xf81f, 0xf81f, 0xf81f, 0xf81f,
    0xf81f, 0xf81f, 0xf81f, 0xf81f, 0xf81f, 0xf81f, 0xf81f, 0xf81f, 0xf81f, 0xf81f, 0xf81f, 0xf81f,
    0xf81f, 0xf81f, 0xf81f, 0xf81f, 0xf81f, 0xf81f, 0xf81f, 0xf81f, 0xf81f, 0xf81f, 0xf81f, 0xf81f,
    0xf81f, 0xf81f, 0xf81f, 0xf81f, 0xf81f, 0xf81f, 0xf81f, 0xf81f, 0xf81f, 0xf81f, 0xf81f, 0xf81f,
    0xf81f, 0xf81f, 0xf81f, 0xf81f, 0xf81f, 0xf81f, 0xf81f, 0xf81f, 0xf81f, 0xf81f, 0xf81f, 0xf81f,
    0xf81f, 0xf81f, 0xf81f, 0xf81f, 0xf81f, 0xf81f, 0xf81f, 0xf81f, 0xf81f, 0xf81f, 0xf81f, 0xf81f,
    0xf81f, 0xf81f, 0xf81f, 0xf81f, 0xf81f, 0xf81f, 0xf81f, 0xf81f, 0xf81f, 0xf81f, 0xf81f, 0xf81f,
    0xf81f, 0xf81f, 0xf81f, 0xf81f, 0xf81f, 0xf81f, 0xf81f, 0xf81f, 0xf81f, 0xf81f, 0xf81f, 0xf81f,
    0xf81f, 0xf81f, 0xf81f, 0xf81f, 0xf81f, 0xf81f, 0xf81f, 0xf81f, 0xf81f, 0xf81f, 0xf81f, 0xf81f,
    0xf81f, 0xf81f, 0xf81f, 0xf81f, 0xf81f, 0xf81f, 0xf81f, 0xf81f, 0xf81f, 0xf81f, 0xf81f, 0xf81f,
    0xf81f, 0xf81f, 0xf81f, 0xf81f, 0xf81f, 0xf81f, 0xf81f, 0xf81f, 0xf81f, 0xf81f, 0xf81f, 0xf81f,
    0xf81f, 0xf81f, 0xf81f, 0xf81f, 0xf81f, 0xf81f, 0xf81f, 0xf81f, 0xf81f, 0xf81f, 0xf81f, 0xf81f,
    0xf81f, 0xf81f, 0xf81f, 0xf81f, 0xf81f, 0xf81f, 0xf81f, 0xf81f, 0xf81f, 0xf81f, 0xf81f, 0xf81f,
    0xf81f, 0xf81f, 0xf81f, 0xf81f, 0xf81f, 0xf81f, 0xf81f, 0xf81f, 0xf81f, 0xf81f, 0xf81f, 0xf81f,
    0xf81f, 0xf81f, 0xf81f, 0xf81f, 0xf81f, 0xf81f, 0xf81f, 0xf81f, 0xf81f, 0xf81f, 0xf81f, 0xf81f,
    0xf81f, 0xf81f, 0xf81f, 0xf81f, 0xf81f, 0xf81f, 0xf81f, 0xf81f, 0xf81f, 0xf81f, 0xf81f, 0xf81f,
    0xf81f, 0xf81f, 0xf81f, 0xf81f, 0xf81f, 0xf81f, 0xf81f, 0xf81f, 0xf81f, 0xf81f, 0xf81f, 0xf81f,
    0xf81f, 0xf81f, 0xf81f, 0xf81f, 0xf81f, 0xf81f, 0xf81f, 0xf81f, 0xf81f, 0xf81f, 0xf81f, 0xf81f,
    0xf81f, 0xf81f, 0xf81f, 0xf81f, 0xf81f, 0xf81f, 0xf81f, 0xf81f, 0xf81f, 0xf81f, 0xf81f, 0xf81f,
    0xf81f, 0xf81f, 0xf81f, 0xf81f, 0xf81f, 0xf81f, 0xf81f, 0xf81f, 0xf81f, 0xf81f, 0xf81f, 0xf81f,
    0xf81f, 0xf81f, 0xf81f, 0xf81f, 0xf81f, 0xf81f, 0xf81f, 0xf81f, 0xf81f, 0xf81f, 0xf81f, 0xf81f,
    0xf81f, 0xf81f, 0xf81f, 0xf81f, 0xf81f, 0xf81f, 0xf81f, 0xf81f, 0xf81f, 0xf81f, 0xf81f, 0xf81f,
    0xf81f, 0xf81f, 0xf81f, 0xf81f, 0xf81f, 0xf81f, 0xf81f, 0xf81f, 0xf81f, 0xf81f, 0xf81f, 0xf81f,
    0xf81f, 0xf81f, 0xf81f, 0xf81f, 0xf81f, 0xf81f, 0xf81f, 0xf81f, 0xf81f, 0xf81f, 0xf81f, 0xf81f,
    0xf81f, 0xf81f, 0xf81f, 0xf81f, 0xf81f, 0xf81f, 0xf81f, 0xf81f, 0xf81f, 0xf81f, 0xf81f, 0xf81f,
    0xf81f, 0xf81f, 0xf81f, 0xf81f, 0xf81f, 0xf81f, 0xf81f, 0xf81f, 0xf81f, 0xf81f, 0xf81f, 0xf81f,
    0xf81f, 0xf81f, 0xf81f, 0xf81f, 0xf81f, 0xf81f, 0xf81f, 0xf81f, 0xf81f, 0xf81f, 0xf81f, 0xf81f,
    0xf81f, 0xf81f, 0xf81f, 0xf81f, 0xf81f, 0xf81f, 0xf81f, 0xf81f, 0xf81f, 0xf81f, 0xf81f, 0xf81f,
    0xf81f, 0xf81f, 0xf81f, 0xf81f, 0xf81f, 0xf81f, 0xf81f, 0xf81f, 0xf81f, 0xf81f, 0xf81f, 0xf81f,
    0xf81f, 0xf81f, 0xf81f, 0xf81f, 0xf81f, 0xf81f, 0xf81f, 0xf81f, 0xf81f, 0xf81f, 0xf81f, 0xf81f,
    0xf81f, 0xf81f, 0xf81f, 0xf81f, 0xf81f, 0xf81f, 0xf81f, 0xf81f, 0xf81f, 0xf81f, 0xf81f, 0xf81f,
    0xf81f, 0xf81f, 0xf81f, 0xf81f, 0xf81f, 0xf81f, 0xf81f, 0xf81f, 0xf81f, 0xf81f, 0xf81f, 0xf81f,
    0xf81f, 0xf81f, 0xf81f, 0xf81f, 0xf81f, 0xf81f, 0xf81f, 0xf81f, 0xf81f, 0xf81f, 0xf81f, 0xf81f,
    0xf81f, 0xf81f, 0xf81f, 0xf81f, 0xf81f, 0xf81f, 0xf81f, 0xf81f, 0xf81f, 0xf81f, 0xf81f, 0xf81f,
    0xf81f, 0xf81f, 0xf81f, 0xf81f, 0xf81f, 0xf81f, 0xf81f, 0xf81f, 0xf81f, 0xf81f, 0xf81f, 0xf81f,
    0xf81f, 0xf81f, 0xf81f, 0xf81f, 0xf81f, 0xf81f, 0xf81f, 0xf81f, 0xf81f, 0xf81f, 0xf81f, 0xf81f,
    0xf81f, 0xf81f, 0xf81f, 0xf81f, 0xf81f, 0xf81f, 0xf81f, 0xf81f, 0xf81f, 0xf81f, 0xf81f, 0xf81f,
    0xf81f, 0xf81f, 0xf81f, 0xf81f, 0xf81f, 0xf81f, 0xf81f, 0xf81f, 0xf81f, 0xf81f, 0xf81f, 0xf81f,
    0xf81f, 0xf81f, 0xf81f, 0xf81f, 0xf81f, 0xf81f, 0xf81f, 0xf81f, 0xf81f, 0xf81f, 0xf81f, 0xf81f,
    0xf81f, 0xf81f, 0xf81f, 0xf81f, 0xf81f, 0xf81f, 0xf81f, 0xf81f, 0xf81f, 0xf81f, 0xf81f, 0xf81f,
    0xf81f, 0xf81f, 0xf81f, 0xf81f, 0xf81f, 0xf81f, 0xf81f, 0xf81f, 0xf81f, 0xf81f, 0xf81f, 0xf81f,
    0xf81f, 0xf81f, 0xf81f, 0xf81f, 0xf81f, 0xf81f, 0xf81f, 0xf81f, 0xf81f, 0xf81f, 0xf81f, 0xf81f,
    0xf81f, 0xf81f, 0xf81f, 0xf81f, 0xf81f, 0xf81f, 0xf81f, 0xf81f, 0xf81f, 0xf81f, 0xf81f, 0xf81f,
    0xf81f, 0xf81f, 0xf81f, 0xf81f, 0xf81f, 0xf81f, 0xf81f, 0xf81f, 0xf81f, 0xf81f, 0xf81f, 0xf81f,
    0xf81f, 0xf81f, 0xf81f, 0xf81f, 0xf81f, 0xf81f, 0xf81f, 0xf81f, 0xf81f, 0xf81f, 0xf81f, 0xf81f,
    0xf81f, 0xf81f, 0xf81f, 0xf81f, 0xf81f, 0xf81f, 0xf81f, 0xf81f, 0xf81f, 0xf81f, 0xf81f, 0xf81f,
    0xf81f, 0xf81f, 0xf81f, 0xf81f, 0xf81f, 0xf81f, 0xf81f, 0xf81f, 0xf81f, 0xf81f, 0xf81f, 0xf81f,
    0xf81f, 0xf81f, 0xf81f, 0xf81f, 0xf81f, 0xf81f, 0xf81f, 0xf81f, 0xf81f, 0xf81f, 0xf81f, 0xf81f,
    0xf81f, 0xf81f, 0xf81f, 0xf81f, 0xf81f, 0xf81f, 0xf81f, 0xf81f, 0xf81f, 0xf81f, 0xf81f, 0xf81f,
    0xf81f, 0xf81f, 0xf81f, 0xf81f, 0xf81f, 0xf81f, 0xf81f, 0xf81f, 0xf81f, 0xf81f, 0xf81f, 0xf81f,
    0xf81f, 0xf81f, 0xf81f, 0xf81f, 0xf81f, 0xf81f, 0xf81f, 0xf81f, 0xf81f, 0xf81f, 0xf81f, 0xf81f,
    0xf81f, 0xf81f, 0xf81f, 0xf81f, 0xf81f, 0xf81f, 0xf81f, 0xf81f, 0xf81f, 0xf81f, 0xf81f, 0xf81f,
    0xf81f, 0xf81f, 0xf81f, 0xf81f, 0xf81f, 0xf81f, 0xf81f, 0xf81f, 0xf81f, 0xf81f, 0xf81f, 0xf81f,
    0xf81f, 0xf81f, 0xf81f, 0xf81f, 0xf81f, 0xf81f, 0xf81f, 0xf81f, 0xf81f, 0xf81f, 0xf81f, 0xf81f,
    0xf81f, 0xf81f, 0xf81f, 0xf81f, 0xf81f, 0xf81f, 0xf81f, 0xf81f, 0xf81f, 0xf81f, 0xf81f, 0xf81f,
    0xf81f, 0xf81f, 0xf81f, 0xf81f, 0xf81f, 0xf81f, 0xf81f, 0xf81f, 0xf81f, 0xf81f, 0xf81f, 0xf81f,
    0xf81f, 0xf81f, 0xf81f, 0xf81f, 0xf81f, 0xf81f, 0xf81f, 0xf81f, 0xf81f, 0xf81f, 0xf81f, 0xf81f,
    0xf81f, 0xf81f, 0xf81f, 0xf81f, 0xf81f, 0xf81f, 0xf81f, 0xf81f, 0xf81f, 0xf81f, 0xf81f, 0xf81f,
    0xf81f, 0xf81f, 0xf81f, 0xf81f, 0xf81f, 0xf81f, 0xf81f, 0xf81f, 0xf81f, 0xf81f, 0xf81f, 0xf81f,
    0xf81f, 0xf81f, 0xf81f, 0xf81f, 0xf81f, 0xf81f, 0xf81f, 0xf81f, 0xf81f, 0xf81f, 0xf81f, 0xf81f,
    0xf81f, 0xf81f, 0xf81f, 0xf81f, 0xf81f, 0xf81f, 0xf81f, 0xf81f, 0xf81f, 0xf81f, 0xf81f, 0xf81f,
    0xf81f, 0xf81f, 0xf81f, 0xf81f, 0xf81f, 0xf81f, 0xf81f, 0xf81f, 0xf81f, 0xf81f, 0xf81f, 0xf81f,
    0xf81f, 0xf81f, 0xf81f, 0xf81f, 0xf81f, 0xf81f, 0xf81f, 0xf81f, 0xf81f, 0xf81f, 0xf81f, 0xf81f,
    0xf81f, 0xf81f, 0xf81f, 0xf81f, 0xf81f, 0xf81f, 0xf81f, 0xf81f, 0xf81f, 0xf81f, 0xf81f, 0xf81f,
    0xf81f, 0xf81f, 0xf81f, 0xf81f, 0xf81f, 0xf81f, 0xf81f, 0xf81f, 0xf81f, 0xf81f, 0xf81f, 0xf81f,
    0xf81f, 0xf81f, 0xf81f, 0xf81f, 0xf81f, 0xf81f, 0xf81f, 0xf81f, 0xf81f, 0xf81f, 0xf81f, 0xf81f,
    0xf81f, 0xf81f, 0xf81f, 0xf81f, 0xf81f, 0xf81f, 0xf81f, 0xf81f, 0xf81f, 0xf81f, 0xf81f, 0xf81f,
    0xf81f, 0xf81f, 0xf81f, 0xf81f, 0xf81f, 0xf81f, 0xf81f, 0xf81f, 0xf81f, 0xf81f, 0xf81f, 0xf81f,
    0xf81f, 0xf81f, 0xf81f, 0xf81f, 0xf81f, 0xf81f, 0xf81f, 0xf81f, 0xf81f, 0xf81f, 0xf81f, 0xf81f,
    0xf81f, 0xf81f, 0xf81f, 0xf81f, 0xf81f, 0xf81f, 0xf81f, 0xf81f, 0xf81f, 0xf81f, 0xf81f, 0xf81f,
    0xf81f, 0xf81f, 0xf81f, 0xf81f, 0xf81f, 0xf81f, 0xf81f, 0xf81f, 0xf81f, 0xf81f, 0xf81f, 0xf81f,
    0xf81f, 0xf81f, 0xf81f, 0xf81f, 0xf81f, 0xf81f, 0xf81f, 0xf81f, 0xf81f, 0xf81f, 0xf81f, 0xf81f,
    0xf81f, 0xf81f, 0xf81f, 0xf81f, 0xf81f, 0xf81f, 0xf81f, 0xf81f, 0xf81f, 0xf81f, 0xf81f, 0xf81f,
    0xf81f, 0xf81f, 0xf81f, 0xf81f, 0xf81f, 0xf81f, 0xf81f, 0xf81f, 0xf81f, 0xf81f, 0xf81f, 0xf81f,
    0xf81f, 0xf81f, 0xf81f, 0xf81f, 0xf81f, 0xf81f, 0xf81f, 0xf81f, 0xf81f, 0xf81f, 0xf81f, 0xf81f,
    0xf81f, 0xf81f, 0xf81f, 0xf81f, 0xf81f, 0xf81f, 0xf81f, 0xf81f, 0xf81f, 0xf81f, 0xf81f, 0xf81f,
    0xf81f, 0xf81f, 0xf81f, 0xf81f, 0xf81f, 0xf81f, 0xf81f, 0xf81f, 0xf81f, 0xf81f, 0xf81f, 0xf81f,
    0xf81f, 0xf81f, 0xf81f, 0xf81f, 0xf81f, 0xf81f, 0xf81f, 0xf81f, 0xf81f, 0xf81f, 0xf81f, 0xf81f,
    0xf81f, 0xf81f, 0xf81f, 0xf81f, 0xf81f, 0xf81f, 0xf81f, 0xf81f, 0xf81f, 0xf81f, 0xf81f, 0xf81f,
    0xf81f, 0xf81f, 0xf81f, 0xf81f, 0xf81f, 0xf81f, 0xf81f, 0xf81f, 0xf81f, 0xf81f, 0xf81f, 0xf81f,
    0xf81f, 0xf81f, 0xf81f, 0xf81f, 0xf81f, 0xf81f, 0xf81f, 0xf81f, 0xf81f, 0xf81f, 0xf81f, 0xf81f,
    0xf81f, 0xf81f, 0xf81f, 0xf81f, 0xf81f, 0xf81f, 0xf81f, 0xf81f, 0xf81f, 0xf81f, 0xf81f, 0xf81f,
    0xf81f, 0xf81f, 0xf81f, 0xf81f, 0xf81f, 0xf81f, 0xf81f, 0xf81f, 0xf81f, 0xf81f, 0xf81f, 0xf81f,
    0xf81f, 0xf81f, 0xf81f, 0xf81f, 0xf81f, 0xf81f, 0xf81f, 0xf81f, 0xf81f, 0xf81f, 0xf81f, 0xf81f,
    0xf81f, 0xf81f, 0xf81f, 0xf81f, 0xf81f, 0xf81f, 0xf81f, 0xf81f, 0xf81f, 0xf81f, 0xf81f, 0xf81f,
    0xf81f, 0xf81f, 0xf81f, 0xf81f, 0xf81f, 0xf81f, 0xf81f, 0xf81f, 0xf81f, 0xf81f, 0xf81f, 0xf81f,
    0xf81f, 0xf81f, 0xf81f, 0xf81f, 0xf81f, 0xf81f, 0xf81f, 0xf81f, 0xf81f, 0xf81f, 0xf81f, 0xf81f,
    0xf81f, 0xf81f, 0xf81f, 0xf81f, 0xf81f, 0xf81f, 0xf81f, 0xf81f, 0xf81f, 0xf81f, 0xf81f, 0xf81f,
    0xf81f, 0xf81f, 0xf81f, 0xf81f, 0xf81f, 0xf81f, 0xf81f, 0xf81f, 0xf81f, 0xf81f, 0xf81f, 0xf81f,
    0xf81f, 0xf81f, 0xf81f, 0xf81f, 0xf81f, 0xf81f, 0xf81f, 0xf81f, 0xf81f, 0xf81f, 0xf81f, 0xf81f,
    0xf81f, 0xf81f, 0xf81f, 0xf81f, 0xf81f, 0xf81f, 0xf81f, 0xf81f, 0xf81f, 0xf81f, 0xf81f, 0xf81f,
    0xf81f, 0xf81f, 0xf81f, 0xf81f, 0xf81f, 0xf81f, 0xf81f, 0xf81f, 0xf81f, 0xf81f, 0xf81f, 0xf81f,
    0xf81f, 0xf81f, 0xf81f, 0xf81f, 0xf81f, 0xf81f, 0xf81f, 0xf81f, 0xf81f, 0xf81f, 0xf81f, 0xf81f,
    0xf81f, 0xf81f, 0xf81f, 0xf81f, 0xf81f, 0xf81f, 0xf81f, 0xf81f, 0xf81f, 0xf81f, 0xf81f, 0xf81f,
    0xf81f, 0xf81f, 0xf81f, 0xf81f, 0xf81f, 0xf81f, 0xf81f, 0xf81f, 0xf81f, 0xf81f, 0xf81f, 0xf81f,
    0xf81f, 0xf81f, 0xf81f, 0xf81f, 0xf81f, 0xf81f, 0xf81f, 0xf81f, 0xf81f, 0xf81f, 0xf81f, 0xf81f,
    0xf81f, 0xf81f, 0xf81f, 0xf81f, 0xf81f, 0xf81f, 0xf81f, 0xf81f, 0xf81f, 0xf81f, 0xf81f, 0xf81f,
    0xf81f, 0xf81f, 0xf81f, 0xf81f, 0xf81f, 0xf81f, 0xf81f, 0xf81f, 0xf81f, 0xf81f, 0xf81f, 0xf81f,
    0xf81f, 0xf81f, 0xf81f, 0xf81f, 0xf81f, 0xf81f, 0xf81f, 0xf81f, 0xf81f, 0xf81f, 0xf81f, 0xf81f,
    0xf81f, 0xf81f, 0xf81f, 0xf81f, 0xf81f, 0xf81f, 0xf81f, 0xf81f, 0xf81f, 0xf81f, 0xf81f, 0xf81f,
    0xf81f, 0xf81f, 0xf81f, 0xf81f, 0xf81f, 0xf81f, 0xf81f, 0xf81f, 0xf81f, 0xf81f, 0xf81f, 0xf81f,
    0xf81f, 0xf81f, 0xf81f, 0xf81f, 0xf81f, 0xf81f, 0xf81f, 0xf81f, 0xf81f, 0xf81f, 0xf81f, 0xf81f,
    0xf81f, 0xf81f, 0xf81f, 0xf81f, 0xf81f, 0xf81f, 0xf81f, 0xf81f, 0xf81f, 0xf81f, 0xf81f, 0xf81f,
    0xf81f, 0xf81f, 0xf81f, 0xf81f, 0xf81f, 0xf81f, 0xf81f, 0xf81f, 0xf81f, 0xf81f, 0xf81f, 0xf81f,
    0xf81f, 0xf81f, 0xf81f, 0xf81f, 0xf81f, 0xf81f, 0xf81f, 0xf81f, 0xf81f, 0xf81f, 0xf81f, 0xf81f,
    0xf81f, 0xf81f, 0xf81f, 0xf81f, 0xf81f, 0xf81f, 0xf81f, 0xf81f, 0xf81f, 0xf81f, 0xf81f, 0xf81f,
    0xf81f, 0xf81f, 0xf81f, 0xf81f, 0xf81f, 0xf81f, 0xf81f, 0xf81f, 0xf81f, 0xf81f, 0xf81f, 0xf81f,
    0xf81f, 0xf81f, 0xf81f, 0xf81f, 0xf81f, 0xf81f, 0xf81f, 0xf81f, 0xf81f, 0xf81f, 0xf81f, 0xf81f,
    0xf81f, 0xf81f, 0xf81f, 0xf81f, 0xf81f, 0xf81f, 0xf81f, 0xf81f, 0xf81f, 0xf81f, 0xf81f, 0xf81f,
    0xf81f, 0xf81f, 0xf81f, 0xf81f, 0xf81f, 0xf81f, 0xf81f, 0xf81f, 0xf81f, 0xf81f, 0xf81f, 0xf81f,
    0xf81f, 0xf81f, 0xf81f, 0xf81f, 0xf81f, 0xf81f, 0xf81f, 0xf81f, 0xf81f, 0xf81f, 0xf81f, 0xf81f,
    0xf81f, 0xf81f, 0xf81f, 0xf81f, 0xf81f, 0xf81f, 0xf81f, 0xf81f, 0xf81f, 0xf81f, 0xf81f, 0xf81f,
    0xf81f, 0xf81f, 0xf81f, 0xf81f, 0xf81f, 0xf81f, 0xf81f, 0xf81f, 0xf81f, 0xf81f, 0xf81f, 0xf81f,
    0xf81f, 0xf81f, 0xf81f, 0xf81f, 0xf81f, 0xf81f, 0xf81f, 0xf81f, 0xf81f, 0xf81f, 0xf81f, 0xf81f,
    0xf81f, 0xf81f, 0xf81f, 0xf81f, 0xf81f, 0xf81f, 0xf81f, 0xf81f, 0xf81f, 0xf81f, 0xf81f, 0xf81f,
    0xf81f, 0xf81f, 0xf81f, 0xf81f, 0xf81f, 0xf81f, 0xf81f, 0xf81f, 0xf81f, 0xf81f, 0xf81f, 0xf81f,
    0xf81f, 0xf81f, 0xf81f, 0xf81f, 0xf81f, 0xf81f, 0xf81f, 0xf81f, 0xf81f, 0xf81f, 0xf81f, 0xf81f,
    0xf81f, 0xf81f, 0xf81f, 0xf81f, 0xf81f, 0xf81f, 0xf81f, 0xf81f, 0xf81f, 0xf81f, 0xf81f, 0xf81f,
    0xf81f, 0xf81f, 0xf81f, 0xf81f, 0xf81f, 0xf81f, 0xf81f, 0xf81f, 0xf81f, 0xf81f, 0xf81f, 0xf81f,
    0xf81f, 0xf81f, 0xf81f, 0xf81f, 0xf81f, 0xf81f, 0xf81f, 0xf81f, 0xf81f, 0xf81f, 0xf81f, 0xf81f,
    0xf81f, 0xf81f, 0xf81f, 0xf81f, 0xf81f, 0xf81f, 0xf81f, 0xf81f, 0xf81f, 0xf81f, 0xf81f, 0xf81f,
    0xf81f, 0xf81f, 0xf81f, 0xf81f, 0xf81f, 0xf81f, 0xf81f, 0xf81f, 0xf81f, 0xf81f, 0xf81f, 0xf81f,
    0xf81f, 0xf81f, 0xf81f, 0xf81f, 0xf81f, 0xf81f, 0xf81f, 0xf81f, 0xf81f, 0xf81f, 0xf81f, 0xf81f,
    0xf81f, 0xf81f, 0xf81f, 0xf81f, 0xf81f, 0xf81f, 0xf81f, 0xf81f, 0xf81f, 0xf81f, 0xf81f, 0xf81f,
    0xf81f, 0xf81f, 0xf81f, 0xf81f, 0xf81f, 0xf81f, 0xf81f, 0xf81f, 0xf81f, 0xf81f, 0xf81f, 0xf81f,
    0xf81f, 0xf81f, 0xf81f, 0xf81f, 0xf81f, 0xf81f, 0xf81f, 0xf81f, 0xf81f, 0xf81f, 0xf81f, 0xf81f,
    0xf81f, 0xf81f, 0xf81f, 0xf81f, 0xf81f, 0xf81f, 0xf81f, 0xf81f, 0xf81f, 0xf81f, 0xf81f, 0xf81f,
    0xf81f, 0xf81f, 0xf81f, 0xf81f, 0xf81f, 0xf81f, 0xf81f, 0xf81f, 0xf81f, 0xf81f, 0xf81f, 0xf81f,
    0xf81f, 0xf81f, 0xf81f, 0xf81f, 0xf81f, 0xf81f, 0xf81f, 0xf81f, 0xf81f, 0xf81f, 0xf81f, 0xf81f,
    0xf81f, 0xf81f, 0xf81f, 0xf81f, 0xf81f, 0xf81f, 0xf81f, 0xf81f, 0xf81f, 0xf81f, 0xf81f, 0xf81f,
    0xf81f, 0xf81f, 0xf81f, 0xf81f, 0xf81f, 0xf81f, 0xf81f, 0xf81f, 0xf81f, 0xf81f, 0xf81f, 0xf81f,
    0xf81f, 0xf81f, 0xf81f, 0xf81f, 0xf81f, 0xf81f, 0xf81f, 0xf81f, 0xf81f, 0xf81f, 0xf81f, 0xf81f,
    0xf81f, 0xf81f, 0xf81f, 0xf81f, 0xf81f, 0xf81f, 0xf81f, 0xf81f, 0xf81f, 0xf81f, 0xf81f, 0xf81f,
    0xf81f, 0xf81f, 0xf81f, 0xf81f, 0xf81f, 0xf81f, 0xf81f, 0xf81f, 0xf81f, 0xf81f, 0xf81f, 0xf81f,
    0xf81f, 0xf81f, 0xf81f, 0xf81f, 0xf81f, 0xf81f, 0xf81f, 0xf81f, 0xf81f, 0xf81f, 0xf81f, 0xf81f,
    0xf81f, 0xf81f, 0xf81f, 0xf81f, 0xf81f, 0xf81f, 0xf81f, 0xf81f, 0xf81f, 0xf81f, 0xf81f, 0xf81f,
    0xf81f, 0xf81f, 0xf81f, 0xf81f, 0xf81f, 0xf81f, 0xf81f, 0xf81f, 0xf81f, 0xf81f, 0xf81f, 0xf81f,
    0xf81f, 0xf81f, 0xf81f, 0xf81f, 0xf81f, 0xf81f, 0xf81f, 0xf81f, 0xf81f, 0xf81f, 0xf81f, 0xf81f,
    0xf81f, 0xf81f, 0xf81f, 0xf81f, 0xf81f, 0xf81f, 0xf81f, 0xf81f, 0xf81f, 0xf81f, 0xf81f, 0xf81f,
    0xf81f, 0xf81f, 0xf81f, 0xf81f, 0xf81f, 0xf81f, 0xf81f, 0xf81f, 0xf81f, 0xf81f, 0xf81f, 0xf81f,
    0xf81f, 0xf81f, 0xf81f, 0xf81f, 0xf81f, 0xf81f, 0xf81f, 0xf81f, 0xf81f, 0xf81f, 0xf81f, 0xf81f,
    0xf81f, 0xf81f, 0xf81f, 0xf81f, 0xf81f, 0xf81f, 0xf81f, 0xf81f, 0xf81f, 0xf81f, 0xf81f, 0xf81f,
    0xf81f, 0xf81f, 0xf81f, 0xf81f, 0xf81f, 0xf81f, 0xf81f, 0xf81f, 0xf81f, 0xf81f, 0xf81f, 0xf81f,
    0xf81f, 0xf81f, 0xf81f, 0xf81f, 0xf81f, 0xf81f, 0xf81f, 0xf81f, 0xf81f, 0xf81f, 0xf81f, 0xf81f,
    0xf81f, 0xf81f, 0xf81f, 0xf81f, 0xf81f, 0xf81f, 0xf81f, 0xf81f, 0xf81f, 0xf81f, 0xf81f, 0xf81f,
    0xf81f, 0xf81f, 0xf81f, 0xf81f, 0xf81f, 0xf81f, 0xf81f, 0xf81f, 0xf81f, 0xf81f, 0xf81f, 0xf81f,
    0xf81f, 0xf81f, 0xf81f, 0xf81f, 0xf81f, 0xf81f, 0xf81f, 0xf81f, 0xf81f, 0xf81f, 0xf81f, 0xf81f,
    0xf81f, 0xf81f, 0xf81f, 0xf81f, 0xf81f, 0xf81f, 0xf81f, 0xf81f, 0xf81f, 0xf81f, 0xf81f, 0xf81f,
    0xf81f, 0xf81f, 0xf81f, 0xf81f, 0xf81f, 0xf81f, 0xf81f, 0xf81f, 0xf81f, 0xf81f, 0xf81f, 0xf81f,
    0xf81f, 0xf81f, 0xf81f, 0xf81f, 0xf81f, 0xf81f, 0xf81f, 0xf81f, 0xf81f, 0xf81f, 0xf81f, 0xf81f,
    0xf81f, 0xf81f, 0xf81f, 0xf81f, 0xf81f, 0xf81f, 0xf81f, 0xf81f, 0xf81f, 0xf81f, 0xf81f, 0xf81f,
    0xf81f, 0xf81f, 0xf81f, 0xf81f, 0xf81f, 0xf81f, 0xf81f, 0xf81f, 0xf81f, 0xf81f, 0xf81f, 0xf81f,
    0xf81f, 0xf81f, 0xf81f, 0xf81f, 0xf81f, 0xf81f, 0xf81f, 0xf81f, 0xf81f, 0xf81f, 0xf81f, 0xf81f,
    0xf81f, 0xf81f, 0xf81f, 0xf81f, 0xf81f, 0xf81f, 0xf81f, 0xf81f, 0xf81f, 0xf81f, 0xf81f, 0xf81f,
    0xf81f, 0xf81f, 0xf81f, 0xf81f, 0xf81f, 0xf81f, 0xf81f, 0xf81f, 0xf81f, 0xf81f, 0xf81f, 0xf81f,
    0xf81f, 0xf81f, 0xf81f, 0xf81f, 0xf81f, 0xf81f, 0xf81f, 0xf81f, 0xf81f, 0xf81f, 0xf81f, 0xf81f,
    0xf81f, 0xf81f, 0xf81f, 0xf81f, 0xf81f, 0xf81f, 0xf81f, 0xf81f, 0xf81f, 0xf81f, 0xf81f, 0xf81f,
    0xf81f, 0xf81f, 0xf81f, 0xf81f, 0xf81f, 0xf81f, 0xf81f, 0xf81f, 0xf81f, 0xf81f, 0xf81f, 0xf81f,
    0xf81f, 0xf81f, 0xf81f, 0xf81f, 0xf81f, 0xf81f, 0xf81f, 0xf81f, 0xf81f, 0xf81f, 0xf81f, 0xf81f,
    0xf81f, 0xf81f, 0xf81f, 0xf81f, 0xf81f, 0xf81f, 0xf81f, 0xf81f, 0xf81f, 0xf81f, 0xf81f, 0xf81f,
    0xf81f, 0xf81f, 0xf81f, 0xf81f, 0xf81f, 0xf81f, 0xf81f, 0xf81f, 0xf81f, 0xf81f, 0xf81f, 0xf81f,
    0xf81f, 0xf81f, 0xf81f, 0xf81f, 0xf81f, 0xf81f, 0xf81f, 0xf81f, 0xf81f, 0xf81f, 0xf81f, 0xf81f,
    0xf81f, 0xf81f, 0xf81f, 0xf81f, 0xf81f, 0xf81f, 0xf81f, 0xf81f, 0xf81f, 0xf81f, 0xf81f, 0xf81f,
    0xf81f, 0xf81f, 0xf81f, 0xf81f, 0xf81f, 0xf81f, 0xf81f, 0xf81f, 0xf81f, 0xf81f, 0xf81f, 0xf81f,
    0xf81f, 0xf81f, 0xf81f, 0xf81f, 0xf81f, 0xf81f, 0xf81f, 0xf81f, 0xf81f, 0xf81f, 0xf81f, 0xf81f,
    0xf81f, 0xf81f, 0xf81f, 0xf81f, 0xf81f, 0xf81f, 0xf81f, 0xf81f, 0xf81f, 0xf81f, 0xf81f, 0xf81f,
    0xf81f, 0xf81f, 0xf81f, 0xf81f, 0xf81f, 0xf81f, 0xf81f, 0xf81f, 0xf81f, 0xf81f, 0xf81f, 0xf81f,
    0xf81f, 0xf81f, 0xf81f, 0xf81f, 0xf81f, 0xf81f, 0xf81f, 0xf81f, 0xf81f, 0xf81f, 0xf81f, 0xf81f,
    0xf81f, 0xf81f, 0xf81f, 0xf81f, 0xf81f, 0xf81f, 0xf81f, 0xf81f, 0xf81f, 0xf81f, 0xf81f, 0xf81f,
    0xf81f, 0xf81f, 0xf81f, 0xf81f, 0xf81f, 0xf81f, 0xf81f, 0xf81f, 0xf81f, 0xf81f, 0xf81f, 0xf81f,
    0xf81f, 0xf81f, 0xf81f, 0xf81f, 0xf81f, 0xf81f, 0xf81f, 0xf81f, 0xf81f, 0xf81f, 0xf81f, 0xf81f,
    0xf81f, 0xf81f, 0xf81f, 0xf81f, 0xf81f, 0xf81f, 0xf81f, 0xf81f, 0xf81f, 0xf81f, 0xf81f, 0xf81f,
    0xf81f, 0xf81f, 0xf81f, 0xf81f, 0xf81f, 0xf81f, 0xf81f, 0xf81f, 0xf81f, 0xf81f, 0xf81f, 0xf81f,
    0xf81f, 0xf81f, 0xf81f, 0xf81f, 0xf81f, 0xf81f, 0xf81f, 0xf81f, 0xf81f, 0xf81f, 0xf81f, 0xf81f,
    0xf81f, 0xf81f, 0xf81f, 0xf81f, 0xf81f, 0xf81f, 0xf81f, 0xf81f, 0xf81f, 0xf81f, 0xf81f, 0xf81f,
    0xf81f, 0xf81f, 0xf81f, 0xf81f, 0xf81f, 0xf81f, 0xf81f, 0xf81f, 0xf81f, 0xf81f, 0xf81f, 0xf81f,
    0xf81f, 0xf81f, 0xf81f, 0xf81f, 0xf81f, 0xf81f, 0xf81f, 0xf81f, 0xf81f, 0xf81f, 0xf81f, 0xf81f,
    0xf81f, 0xf81f, 0xf81f, 0xf81f, 0xf81f, 0xf81f, 0xf81f, 0xf81f, 0xf81f, 0xf81f, 0xf81f, 0xf81f,
    0xf81f, 0xf81f, 0xf81f, 0xf81f, 0xf81f, 0xf81f, 0xf81f, 0xf81f, 0xf81f, 0xf81f, 0xf81f, 0xf81f,
    0xf81f, 0xf81f, 0xf81f, 0xf81f, 0xf81f, 0xf81f, 0xf81f, 0xf81f, 0xf81f, 0xf81f, 0xf81f, 0xf81f,
    0xf81f, 0xf81f, 0xf81f, 0xf81f, 0xf81f, 0xf81f, 0xf81f, 0xf81f, 0xf81f, 0xf81f, 0xf81f, 0xf81f,
    0xf81f, 0xf81f, 0xf81f, 0xf81f, 0xf81f, 0xf81f, 0xf81f, 0xf81f, 0xf81f, 0xf81f, 0xf81f, 0xf81f,
    0xf81f, 0xf81f, 0xf81f, 0xf81f, 0xf81f, 0xf81f, 0xf81f, 0xf81f, 0xf81f, 0xf81f, 0xf81f, 0xf81f,
    0xf81f, 0xf81f, 0xf81f, 0xf81f,
}; /* 16384 values */

static const struct asset2 eb_dude = {
    .type = PICTURE16BIT,
    .seqNum = 1,
    .x = 128,
    .y = 128,
    .colormap = 0, /* not used by PICTURE16BIT or PICTURE1BIT */
    .pixel16 = (const uint16_t *) eb_dude_data,
};