/* Begin code generated by png-to-badge-asset from /Users/arxi/clang/badge2025/source/apps/microban_assets/possum2.png Tue May 20 19:07:31 2025. */
static const uint16_t possum2_data[16384] = {
	0xf79e, 0xf79e, 0xf79e, 0xf79e, 0xf79e, 0xf79e, 0xf79e, 0xf79e, 0xf79e, 0xf79e, 0xf79e, 0xf79e,
	0xf79e, 0xf79e, 0xf79e, 0xf79e, 0xf79e, 0xf79e, 0xf79e, 0xf79e, 0x0841, 0x0841, 0x0841, 0xf79e,
	0xf79e, 0x0841, 0x0841, 0x0841, 0xf79e, 0xf79e, 0xecce, 0xf79e, 0xf79e, 0xf79e, 0xf79e, 0xf79e,
	0x0000, 0x0000, 0xf79e, 0xf79e, 0xf79e, 0xf79e, 0x0000, 0x0000, 0x0000, 0xf79e, 0xf79e, 0xf79e,
	0xf81f, 0xf81f, 0xf81f, 0xf81f, 0xf81f, 0xf81f, 0xf81f, 0xf81f, 0xf81f, 0xf81f, 0xf81f, 0xf81f,
	0xf81f, 0xf81f, 0xf81f, 0xf81f, 0xf81f, 0xf81f, 0xf81f, 0xf81f, 0xf81f, 0xf81f, 0xf81f, 0xf81f,
	0xf81f, 0xf81f, 0xf81f, 0xf81f, 0xf81f, 0xf81f, 0xf81f, 0xf81f, 0xf81f, 0xf81f, 0xf81f, 0xf81f,
	0xf81f, 0xf81f, 0xf81f, 0xf81f, 0xf81f, 0xf81f, 0xf81f, 0xf81f, 0xf81f, 0xf81f, 0xf81f, 0xf81f,
	0xf81f, 0xf81f, 0xf81f, 0xf81f, 0xf81f, 0xf81f, 0xf81f, 0xf81f, 0xf81f, 0xf81f, 0xf81f, 0xf81f,
	0xf81f, 0xf81f, 0xf81f, 0xf81f, 0x0000, 0xf81f, 0x0000, 0xf81f, 0x0000, 0xf81f, 0x0000, 0xf81f,
	0x0000, 0xf81f, 0x0000, 0xf81f, 0x0000, 0xf81f, 0x0000, 0xf81f, 0xf79e, 0xb596, 0xb596, 0xb596,
	0xb596, 0xb596, 0xb596, 0xffdf, 0xb596, 0xb596, 0xb596, 0xb596, 0xb596, 0xb596, 0xb596, 0x738e,
	0xf79e, 0xb596, 0xb596, 0xb596, 0x0841, 0x0841, 0x0841, 0x5acb, 0x5acb, 0x0841, 0x0841, 0x0841,
	0xb596, 0xecce, 0xb596, 0x738e, 0xf79e, 0xb596, 0xb596, 0x0000, 0xc595, 0xb513, 0x0000, 0xffdf,
	0x0000, 0x0000, 0xd659, 0xbd95, 0xde99, 0x0000, 0xb596, 0x738e, 0xf81f, 0xf81f, 0xf81f, 0xf81f,
	0xf81f, 0xf81f, 0xf81f, 0xf81f, 0xf81f, 0xf81f, 0xf81f, 0xf81f, 0xf81f, 0xf81f, 0xf81f, 0xf81f,
	0xf81f, 0xf81f, 0xf81f, 0xf81f, 0xf81f, 0xf81f, 0xf81f, 0xf81f, 0xf81f, 0xf81f, 0xf81f, 0xf81f,
	0xf81f, 0xf81f, 0xf81f, 0xf81f, 0xf81f, 0xf81f, 0xf81f, 0xf81f, 0xf81f, 0xf81f, 0xf81f, 0xf81f,
	0xf81f, 0xf81f, 0xf81f, 0xf81f, 0xf81f, 0xf81f, 0xf81f, 0xf81f, 0xf81f, 0xf81f, 0xf81f, 0xf81f,
	0xf81f, 0xf81f, 0xf81f, 0xf81f, 0xf81f, 0xf81f, 0xf81f, 0xf81f, 0xf81f, 0xf81f, 0xf81f, 0xf81f,
	0xf81f, 0x0000, 0xf81f, 0x0000, 0xf81f, 0x0000, 0xf81f, 0x0000, 0xf81f, 0x0000, 0xf81f, 0x0000,
	0xf81f, 0x0000, 0xf81f, 0x0000, 0xf79e, 0xb596, 0xb596, 0xb596, 0xb596, 0xb596, 0xb596, 0xb596,
	0x738e, 0xb596, 0xb596, 0xb596, 0xb596, 0xb596, 0xffdf, 0x738e, 0xf79e, 0xb596, 0xb596, 0xb596,
	0x0841, 0x0841, 0x8c52, 0x8c52, 0x8c52, 0x8c52, 0x0841, 0x0841, 0xaa45, 0xb596, 0xffdf, 0x738e,
	0xf79e, 0xb596, 0x0000, 0xde99, 0xbd53, 0xd659, 0x6289, 0x0000, 0xe6db, 0x4184, 0x8bce, 0xa491,
	0xad13, 0x3104, 0x0000, 0x738e, 0xf81f, 0xf81f, 0xf81f, 0xf81f, 0xf81f, 0xf81f, 0xf81f, 0xf81f,
	0xf81f, 0xf81f, 0xf81f, 0xf81f, 0xf81f, 0xf81f, 0xf81f, 0xf81f, 0xf81f, 0xf81f, 0xf81f, 0xf81f,
	0xf81f, 0xf81f, 0xf81f, 0xf81f, 0xf81f, 0xf81f, 0xf81f, 0xf81f, 0xf81f, 0xf81f, 0xf81f, 0xf81f,
	0xf81f, 0xf81f, 0xf81f, 0xf81f, 0xf81f, 0xf81f, 0xf81f, 0xf81f, 0xf81f, 0xf81f, 0xf81f, 0xf81f,
	0xf81f, 0xf81f, 0xf81f, 0xf81f, 0xf81f, 0xf81f, 0xf81f, 0xf81f, 0xf81f, 0xf81f, 0xf81f, 0xf81f,
	0xf81f, 0xf81f, 0xf81f, 0xf81f, 0xf81f, 0xf81f, 0xf81f, 0xf81f, 0x0000, 0xf81f, 0x0000, 0xf81f,
	0x0000, 0xf81f, 0x0000, 0xf81f, 0x0000, 0xf81f, 0x0000, 0xf81f, 0x0000, 0xf81f, 0x0000, 0xf81f,
	0xf79e, 0xb596, 0xb596, 0xb596, 0xb596, 0xb596, 0xb596, 0xb596, 0xb596, 0xb596, 0xb596, 0xffdf,
	0xb596, 0xb596, 0xb596, 0x738e, 0xf79e, 0xb596, 0xb596, 0x0841, 0x8c52, 0x8c52, 0x8c52, 0x8c52,
	0x8c52, 0x8c52, 0x8c52, 0x8c52, 0x0841, 0xb596, 0xb596, 0x738e, 0xf79e, 0x0000, 0xd658, 0xc595,
	0xde58, 0xbccf, 0xb512, 0x9450, 0xde16, 0xf71b, 0xd617, 0x838d, 0x9410, 0xce17, 0xce17, 0xf81f,
	0xf81f, 0xf81f, 0xf81f, 0xf81f, 0xf81f, 0xf81f, 0xf81f, 0xf81f, 0xf81f, 0xf81f, 0xf81f, 0xf81f,
	0xf81f, 0xf81f, 0xf81f, 0xf81f, 0xf81f, 0xf81f, 0xf81f, 0xf81f, 0xf81f, 0xf81f, 0xf81f, 0xf81f,
	0xf81f, 0xf81f, 0xf81f, 0xf81f, 0xf81f, 0xf81f, 0xf81f, 0xf81f, 0xf81f, 0xf81f, 0xf81f, 0xf81f,
	0xf81f, 0xf81f, 0xf81f, 0xf81f, 0xf81f, 0xf81f, 0xf81f, 0xf81f, 0xf81f, 0xf81f, 0xf81f, 0xf81f,
	0xf81f, 0xf81f, 0xf81f, 0xf81f, 0xf81f, 0xf81f, 0xf81f, 0xf81f, 0xf81f, 0xf81f, 0xf81f, 0xf81f,
	0xf81f, 0xf81f, 0xf81f, 0xf81f, 0xf81f, 0x0000, 0xf81f, 0x0000, 0xf81f, 0x0000, 0xf81f, 0x0000,
	0xf81f, 0x0000, 0xf81f, 0x0000, 0xf81f, 0x0000, 0xf81f, 0x0000, 0xf79e, 0x738e, 0xb596, 0xb596,
	0xb596, 0xffdf, 0xb596, 0x738e, 0xb596, 0xb596, 0xb596, 0xb596, 0xb596, 0x738e, 0xb596, 0x738e,
	0xf79e, 0x738e, 0xb596, 0x0841, 0x8c52, 0xce59, 0x8c52, 0x8c52, 0x8c52, 0x8c52, 0xce59, 0x8c52,
	0x0841, 0x738e, 0xb596, 0x738e, 0xf79e, 0x0000, 0xc595, 0xc595, 0xc5d6, 0x6ac8, 0x93cc, 0xe71b,
	0xcdd6, 0xb513, 0xbd54, 0xa4d2, 0xcdd6, 0xc595, 0xa4d2, 0xf81f, 0xf81f, 0xf81f, 0xf81f, 0xf81f,
	0xf81f, 0xf81f, 0xf81f, 0xf81f, 0xf81f, 0xf81f, 0xf81f, 0xf81f, 0xf81f, 0xf81f, 0xf81f, 0xf81f,
	0xf81f, 0xf81f, 0xf81f, 0xf81f, 0xf81f, 0xf81f, 0xf81f, 0xf81f, 0xf81f, 0xf81f, 0xf81f, 0xf81f,
	0xf81f, 0xf81f, 0xf81f, 0xf81f, 0xf81f, 0xf81f, 0xf81f, 0xf81f, 0xf81f, 0xf81f, 0xf81f, 0xf81f,
	0xf81f, 0xf81f, 0xf81f, 0xf81f, 0xf81f, 0xf81f, 0xf81f, 0xf81f, 0xf81f, 0xf81f, 0xf81f, 0xf81f,
	0xf81f, 0xf81f, 0xf81f, 0xf81f, 0xf81f, 0xf81f, 0xf81f, 0xf81f, 0xf81f, 0xf81f, 0xf81f, 0xf81f,
	0x0000, 0xf81f, 0x0000, 0xf81f, 0x0000, 0xf81f, 0x0000, 0xf81f, 0x0000, 0xf81f, 0x0000, 0xf81f,
	0x0000, 0xf81f, 0x0000, 0xf81f, 0xf79e, 0xb596, 0xb596, 0xb596, 0xb596, 0xb596, 0xb596, 0xb596,
	0xffdf, 0xb596, 0xb596, 0xb596, 0xb596, 0xb596, 0xb596, 0x738e, 0xf79e, 0xb596, 0xb596, 0x0841,
	0xce59, 0x10c3, 0xce59, 0x8c52, 0x8c52, 0xce59, 0x10c3, 0xce59, 0x0841, 0xb596, 0xb596, 0x738e,
	0x0000, 0xe6db, 0xc5d6, 0xb513, 0xc5d7, 0xcdd7, 0x6aca, 0xcdd6, 0xb514, 0xbd95, 0xbd95, 0x730b,
	0xad13, 0x93ce, 0x730b, 0xf81f, 0xf81f, 0xf81f, 0xf81f, 0xf81f, 0xf81f, 0xf81f, 0xf81f, 0xf81f,
	0xf81f, 0xf81f, 0xf81f, 0xf81f, 0xf81f, 0xf81f, 0xf81f, 0xf81f, 0xf81f, 0xf81f, 0xf81f, 0xf81f,
	0xf81f, 0xf81f, 0xf81f, 0xf81f, 0xf81f, 0xf81f, 0xf81f, 0xf81f, 0xf81f, 0xf81f, 0xf81f, 0xf81f,
	0xf81f, 0xf81f, 0xf81f, 0xf81f, 0xf81f, 0xf81f, 0xf81f, 0xf81f, 0xf81f, 0xf81f, 0xf81f, 0xf81f,
	0xf81f, 0xf81f, 0xf81f, 0xf81f, 0xf81f, 0xf81f, 0xf81f, 0xf81f, 0xf81f, 0xf81f, 0xf81f, 0xf81f,
	0xf81f, 0xf81f, 0xf81f, 0xf81f, 0xf81f, 0xf81f, 0xf81f, 0xf81f, 0xf81f, 0x0000, 0xf81f, 0x0000,
	0xf81f, 0x0000, 0xf81f, 0x0000, 0xf81f, 0x0000, 0xf81f, 0x0000, 0xf81f, 0x0000, 0xf81f, 0x0000,
	0xf79e, 0xb596, 0xb596, 0xb596, 0xb596, 0xb596, 0xb596, 0xb596, 0xb596, 0xb596, 0xb596, 0x738e,
	0xb596, 0xb596, 0xb596, 0x738e, 0xf79e, 0xb596, 0x39c7, 0x10c3, 0xce59, 0x10c3, 0xce59, 0x8c52,
	0x8c52, 0xce59, 0x10c3, 0xce59, 0x0841, 0x39c7, 0xb596, 0x738e, 0x0000, 0xe71c, 0xc595, 0x7b4c,
	0xd659, 0xcdd6, 0xcdd6, 0xc595, 0x6aca, 0xbd54, 0xbd54, 0x8bce, 0xce17, 0xe6da, 0x0000, 0x738e,
	0xf81f, 0xf81f, 0xf81f, 0xf81f, 0xf81f, 0xf81f, 0xf81f, 0xf81f, 0xf81f, 0xf81f, 0xf81f, 0xf81f,
	0xf81f, 0xf81f, 0xf81f, 0xf81f, 0xf81f, 0xf81f, 0xf81f, 0xf81f, 0xf81f, 0xf81f, 0xf81f, 0xf81f,
	0xf81f, 0xf81f, 0xf81f, 0xf81f, 0xf81f, 0xf81f, 0xf81f, 0xf81f, 0xf81f, 0xf81f, 0xf81f, 0xf81f,
	0xf81f, 0xf81f, 0xf81f, 0xf81f, 0xf81f, 0xf81f, 0xf81f, 0xf81f, 0xf81f, 0xf81f, 0xf81f, 0xf81f,
	0xf81f, 0xf81f, 0xf81f, 0xf81f, 0xf81f, 0xf81f, 0xf81f, 0xf81f, 0xf81f, 0xf81f, 0xf81f, 0xf81f,
	0xf81f, 0xf81f, 0xf81f, 0xf81f, 0x0000, 0xf81f, 0x0000, 0xf81f, 0x0000, 0xf81f, 0x0000, 0xf81f,
	0x0000, 0xf81f, 0x0000, 0xf81f, 0x0000, 0xf81f, 0x0000, 0xf81f, 0xf79e, 0xb596, 0xb596, 0xb596,
	0x738e, 0xb596, 0xb596, 0xb596, 0xb596, 0xb596, 0xb596, 0xb596, 0xb596, 0xb596, 0xb596, 0x738e,
	0xf79e, 0xb596, 0x39c7, 0x10c3, 0xce59, 0xce59, 0xce59, 0xce59, 0xce59, 0xce59, 0xce59, 0xce59,
	0x0841, 0x39c7, 0xb596, 0x738e, 0xf79e, 0x0000, 0xad13, 0xd658, 0xe6da, 0xbd95, 0xad13, 0xb513,
	0xb554, 0x838e, 0xbd54, 0x7b8d, 0x730c, 0xd659, 0x0000, 0x738e, 0xf81f, 0xf81f, 0xf81f, 0xf81f,
	0xf81f, 0xf81f, 0xf81f, 0xf81f, 0xf81f, 0xf81f, 0xf81f, 0xf81f, 0xf81f, 0xf81f, 0xf81f, 0xf81f,
	0xf81f, 0xf81f, 0xf81f, 0xf81f, 0xf81f, 0xf81f, 0xf81f, 0xf81f, 0xf81f, 0xf81f, 0xf81f, 0xf81f,
	0xf81f, 0xf81f, 0xf81f, 0xf81f, 0xf81f, 0xf81f, 0xf81f, 0xf81f, 0xf81f, 0xf81f, 0xf81f, 0xf81f,
	0xf81f, 0xf81f, 0xf81f, 0xf81f, 0xf81f, 0xf81f, 0xf81f, 0xf81f, 0xf81f, 0xf81f, 0xf81f, 0xf81f,
	0xf81f, 0xf81f, 0xf81f, 0xf81f, 0xf81f, 0xf81f, 0xf81f, 0xf81f, 0xf81f, 0xf81f, 0xf81f, 0xf81f,
	0xf81f, 0x0000, 0xf81f, 0x0000, 0xf81f, 0x0000, 0xf81f, 0x0000, 0xf81f, 0x0000, 0xf81f, 0x0000,
	0xf81f, 0x0000, 0xf81f, 0x0000, 0xf79e, 0xffdf, 0xb596, 0xb596, 0xb596, 0xb596, 0xffdf, 0xb596,
	0xb596, 0xb596, 0xb596, 0xffdf, 0xb596, 0xb596, 0xb596, 0x738e, 0xf79e, 0xffdf, 0x39c7, 0x5acb,
	0x0841, 0xce59, 0xce59, 0xce59, 0xce59, 0xce59, 0xce59, 0x0841, 0x5acb, 0x39c7, 0xb596, 0x738e,
	0x0000, 0xe6da, 0xbd95, 0xb553, 0xd659, 0xd659, 0xb554, 0x8c0f, 0xb554, 0x5207, 0xbd54, 0x6b0b,
	0x838d, 0xbd55, 0xde59, 0xf81f, 0xf81f, 0xf81f, 0xf81f, 0xf81f, 0xf81f, 0xf81f, 0xf81f, 0xf81f,
	0xf81f, 0xf81f, 0xf81f, 0xf81f, 0xf81f, 0xf81f, 0xf81f, 0xf81f, 0xf81f, 0xf81f, 0xf81f, 0xf81f,
	0xf81f, 0xf81f, 0xf81f, 0xf81f, 0xf81f, 0xf81f, 0xf81f, 0xf81f, 0xf81f, 0xf81f, 0xf81f, 0xf81f,
	0xf81f, 0xf81f, 0xf81f, 0xf81f, 0xf81f, 0xf81f, 0xf81f, 0xf81f, 0xf81f, 0xf81f, 0xf81f, 0xf81f,
	0xf81f, 0xf81f, 0xf81f, 0xf81f, 0xf81f, 0xf81f, 0xf81f, 0xf81f, 0xf81f, 0xf81f, 0xf81f, 0xf81f,
	0xf81f, 0xf81f, 0xf81f, 0xf81f, 0xf81f, 0xf81f, 0xf81f, 0xf81f, 0x0000, 0xf81f, 0x0000, 0xf81f,
	0x0000, 0xf81f, 0x0000, 0xf81f, 0x0000, 0xf81f, 0x0000, 0xf81f, 0x0000, 0xf81f, 0x0000, 0xf81f,
	0xf79e, 0xb596, 0xb596, 0xb596, 0xb596, 0xb596, 0xb596, 0xb596, 0x738e, 0xb596, 0xb596, 0xb596,
	0xb596, 0xb596, 0xb596, 0x738e, 0xf79e, 0xb596, 0x39c7, 0x5b0b, 0x5acb, 0x0841, 0xce59, 0xce59,
	0xce59, 0xce59, 0x0841, 0x5acb, 0x5b0c, 0x39c7, 0xb596, 0x738e, 0x0000, 0xacd2, 0xe69a, 0xb553,
	0xd658, 0xc5d7, 0xce17, 0xa492, 0xb513, 0xb513, 0x730b, 0x3144, 0x730b, 0xd618, 0xce18, 0xf81f,
	0xf81f, 0xf81f, 0xf81f, 0xf81f, 0xf81f, 0xf81f, 0xf81f, 0xf81f, 0xf81f, 0xf81f, 0xf81f, 0xf81f,
	0xf81f, 0xf81f, 0xf81f, 0xf81f, 0xf81f, 0xf81f, 0xf81f, 0xf81f, 0xf81f, 0xf81f, 0xf81f, 0xf81f,
	0xf81f, 0xf81f, 0xf81f, 0xf81f, 0xf81f, 0xf81f, 0xf81f, 0xf81f, 0xf81f, 0xf81f, 0xf81f, 0xf81f,
	0xf81f, 0xf81f, 0xf81f, 0xf81f, 0xf81f, 0xf81f, 0xf81f, 0xf81f, 0xf81f, 0xf81f, 0xf81f, 0xf81f,
	0xf81f, 0xf81f, 0xf81f, 0xf81f, 0xf81f, 0xf81f, 0xf81f, 0xf81f, 0xf81f, 0xf81f, 0xf81f, 0xf81f,
	0xf81f, 0xf81f, 0xf81f, 0xf81f, 0xf81f, 0x0000, 0xf81f, 0x0000, 0xf81f, 0x0000, 0xf81f, 0x0000,
	0xf81f, 0x0000, 0xf81f, 0x0000, 0xf81f, 0x0000, 0xf81f, 0x0000, 0xf79e, 0xb596, 0xb596, 0xb596,
	0x738e, 0xb596, 0xb596, 0xb596, 0xb596, 0xb596, 0xb596, 0xb596, 0xb596, 0xb596, 0xb596, 0x738e,
	0xf79e, 0xb596, 0x10c3, 0x5acb, 0x5acb, 0x5acb, 0x0841, 0xecce, 0xecce, 0x0841, 0x5acb, 0x5acb,
	0x5acb, 0x0841, 0xb596, 0x738e, 0x0000, 0xe699, 0xe69a, 0xe6db, 0xce18, 0xce17, 0xc5d6, 0xb554,
	0xcdd7, 0xd618, 0x5a48, 0x944f, 0x9450, 0xb514, 0xd699, 0xf81f, 0xf81f, 0xf81f, 0xf81f, 0xf81f,
	0xf81f, 0xf81f, 0xf81f, 0xf81f, 0xf81f, 0xf81f, 0xf81f, 0xf81f, 0xf81f, 0xf81f, 0xf81f, 0xf81f,
	0xf81f, 0xf81f, 0xf81f, 0xf81f, 0xf81f, 0xf81f, 0xf81f, 0xf81f, 0xf81f, 0xf81f, 0xf81f, 0xf81f,
	0xf81f, 0xf81f, 0xf81f, 0xf81f, 0xf81f, 0xf81f, 0xf81f, 0xf81f, 0xf81f, 0xf81f, 0xf81f, 0xf81f,
	0xf81f, 0xf81f, 0xf81f, 0xf81f, 0xf81f, 0xf81f, 0xf81f, 0xf81f, 0xf81f, 0xf81f, 0xf81f, 0xf81f,
	0xf81f, 0xf81f, 0xf81f, 0xf81f, 0xf81f, 0xf81f, 0xf81f, 0xf81f, 0xf81f, 0xf81f, 0xf81f, 0xf81f,
	0x0000, 0xf81f, 0x0000, 0xf81f, 0x0000, 0xf81f, 0x0000, 0xf81f, 0x0000, 0xf81f, 0x0000, 0xf81f,
	0x0000, 0xf81f, 0x0000, 0xf81f, 0xf79e, 0xb596, 0xb596, 0xb596, 0xb596, 0xffdf, 0xb596, 0xb596,
	0xb596, 0xb596, 0xb596, 0xb596, 0x738e, 0xb596, 0xb596, 0x738e, 0xf79e, 0xb596, 0x10c3, 0x5acb,
	0x10c3, 0x5acb, 0x5acb, 0x5acb, 0x5acb, 0x5acb, 0x5acb, 0x10c3, 0x5acb, 0x0841, 0xb596, 0x738e,
	0x0000, 0x940f, 0x49c6, 0xd659, 0xd658, 0xc5d6, 0xbd95, 0xbd95, 0xb554, 0x9c91, 0xb514, 0xde58,
	0xde58, 0xbd95, 0xc5d6, 0xf81f, 0xf81f, 0xf81f, 0xf81f, 0xf81f, 0xf81f, 0xf81f, 0xf81f, 0xf81f,
	0xf81f, 0xf81f, 0xf81f, 0xf81f, 0xf81f, 0xf81f, 0xf81f, 0xf81f, 0xf81f, 0xf81f, 0xf81f, 0xf81f,
	0xf81f, 0xf81f, 0xf81f, 0xf81f, 0xf81f, 0xf81f, 0xf81f, 0xf81f, 0xf81f, 0xf81f, 0xf81f, 0xf81f,
	0xf81f, 0xf81f, 0xf81f, 0xf81f, 0xf81f, 0xf81f, 0xf81f, 0xf81f, 0xf81f, 0xf81f, 0xf81f, 0xf81f,
	0xf81f, 0xf81f, 0xf81f, 0xf81f, 0xf81f, 0xf81f, 0xf81f, 0xf81f, 0xf81f, 0xf81f, 0xf81f, 0xf81f,
	0xf81f, 0xf81f, 0xf81f, 0xf81f, 0xf81f, 0xf81f, 0xf81f, 0xf81f, 0xf81f, 0x0000, 0xf81f, 0x0000,
	0xf81f, 0x0000, 0xf81f, 0x0000, 0xf81f, 0x0000, 0xf81f, 0x0000, 0xf81f, 0x0000, 0xf81f, 0x0000,
	0xf79e, 0xb596, 0xb596, 0xb596, 0xb596, 0xb596, 0xb596, 0xb596, 0xffdf, 0xb596, 0xb596, 0xb596,
	0xb596, 0xb596, 0xb596, 0x738e, 0xf79e, 0xb596, 0x10c3, 0x5b0b, 0xaa44, 0x5acb, 0x5acb, 0x5acb,
	0x5acb, 0x5acb, 0x5b0c, 0xaa44, 0x5acb, 0x0841, 0xb596, 0x738e, 0xf79e, 0x0000, 0xce17, 0x9c91,
	0xce17, 0xbd95, 0xad14, 0xb554, 0xb555, 0xb554, 0xacd3, 0xad13, 0xc5d6, 0xce17, 0x0000, 0x738e,
	0xf81f, 0xf81f, 0xf81f, 0xf81f, 0xf81f, 0xf81f, 0xf81f, 0xf81f, 0xf81f, 0xf81f, 0xf81f, 0xf81f,
	0xf81f, 0xf81f, 0xf81f, 0xf81f, 0xf81f, 0xf81f, 0xf81f, 0xf81f, 0xf81f, 0xf81f, 0xf81f, 0xf81f,
	0xf81f, 0xf81f, 0xf81f, 0xf81f, 0xf81f, 0xf81f, 0xf81f, 0xf81f, 0xf81f, 0xf81f, 0xf81f, 0xf81f,
	0xf81f, 0xf81f, 0xf81f, 0xf81f, 0xf81f, 0xf81f, 0xf81f, 0xf81f, 0xf81f, 0xf81f, 0xf81f, 0xf81f,
	0xf81f, 0xf81f, 0xf81f, 0xf81f, 0xf81f, 0xf81f, 0xf81f, 0xf81f, 0xf81f, 0xf81f, 0xf81f, 0xf81f,
	0xf81f, 0xf81f, 0xf81f, 0xf81f, 0x0000, 0xf81f, 0x0000, 0xf81f, 0x0000, 0xf81f, 0x0000, 0xf81f,
	0x0000, 0xf81f, 0x0000, 0xf81f, 0x0000, 0xf81f, 0x0000, 0xf81f, 0xf79e, 0xb596, 0x738e, 0xb596,
	0xb596, 0xb596, 0xb596, 0x738e, 0xb596, 0xb596, 0xb596, 0xb596, 0xb596, 0xb596, 0xb596, 0x738e,
	0xf79e, 0xb596, 0x738e, 0x10c3, 0xecce, 0x5acb, 0x5acb, 0x5acb, 0x5acb, 0x5acb, 0x5acb, 0xecce,
	0x10c3, 0xb596, 0xb596, 0x738e, 0xf79e, 0xb596, 0x0000, 0x9c91, 0xa491, 0xbd95, 0xbd95, 0xad13,
	0xbd95, 0xb554, 0xc596, 0xacd3, 0xbd95, 0x0000, 0xb596, 0x738e, 0xf81f, 0xf81f, 0xf81f, 0xf81f,
	0xf81f, 0xf81f, 0xf81f, 0xf81f, 0xf81f, 0xf81f, 0xf81f, 0xf81f, 0xf81f, 0xf81f, 0xf81f, 0xf81f,
	0xf81f, 0xf81f, 0xf81f, 0xf81f, 0xf81f, 0xf81f, 0xf81f, 0xf81f, 0xf81f, 0xf81f, 0xf81f, 0xf81f,
	0xf81f, 0xf81f, 0xf81f, 0xf81f, 0xf81f, 0xf81f, 0xf81f, 0xf81f, 0xf81f, 0xf81f, 0xf81f, 0xf81f,
	0xf81f, 0xf81f, 0xf81f, 0xf81f, 0xf81f, 0xf81f, 0xf81f, 0xf81f, 0xf81f, 0xf81f, 0xf81f, 0xf81f,
	0xf81f, 0xf81f, 0xf81f, 0xf81f, 0xf81f, 0xf81f, 0xf81f, 0xf81f, 0xf81f, 0xf81f, 0xf81f, 0xf81f,
	0xf81f, 0x0000, 0xf81f, 0x0000, 0xf81f, 0x0000, 0xf81f, 0x0000, 0xf81f, 0x0000, 0xf81f, 0x0000,
	0xf81f, 0x0000, 0xf81f, 0x0000, 0xf79e, 0xffdf, 0xb596, 0xb596, 0xb596, 0xb596, 0xb596, 0xb596,
	0xb596, 0xb596, 0xb596, 0xb596, 0xb596, 0xb596, 0x738e, 0x738e, 0xf79e, 0xffdf, 0xb596, 0xb596,
	0x0841, 0x0841, 0x0841, 0x0841, 0x0841, 0x0841, 0x0841, 0x0841, 0xb596, 0xb596, 0x738e, 0x738e,
	0xf79e, 0xffdf, 0xb596, 0x0000, 0x9410, 0x940f, 0x730c, 0x4186, 0x2082, 0x83ce, 0x9450, 0x9c91,
	0x0000, 0xb596, 0x738e, 0x738e, 0xf81f, 0xf81f, 0xf81f, 0xf81f, 0xf81f, 0xf81f, 0xf81f, 0xf81f,
	0xf81f, 0xf81f, 0xf81f, 0xf81f, 0xf81f, 0xf81f, 0xf81f, 0xf81f, 0xf81f, 0xf81f, 0xf81f, 0xf81f,
	0xf81f, 0xf81f, 0xf81f, 0xf81f, 0xf81f, 0xf81f, 0xf81f, 0xf81f, 0xf81f, 0xf81f, 0xf81f, 0xf81f,
	0xf81f, 0xf81f, 0xf81f, 0xf81f, 0xf81f, 0xf81f, 0xf81f, 0xf81f, 0xf81f, 0xf81f, 0xf81f, 0xf81f,
	0xf81f, 0xf81f, 0xf81f, 0xf81f, 0xf81f, 0xf81f, 0xf81f, 0xf81f, 0xf81f, 0xf81f, 0xf81f, 0xf81f,
	0xf81f, 0xf81f, 0xf81f, 0xf81f, 0xf81f, 0xf81f, 0xf81f, 0xf81f, 0x0000, 0xf81f, 0x0000, 0xf81f,
	0x0000, 0xf81f, 0x0000, 0xf81f, 0x0000, 0xf81f, 0x0000, 0xf81f, 0x0000, 0xf81f, 0x0000, 0xf81f,
	0xf79e, 0x738e, 0x738e, 0x738e, 0x738e, 0x738e, 0x738e, 0x738e, 0x738e, 0x738e, 0x738e, 0x738e,
	0x738e, 0x738e, 0x738e, 0x738e, 0xf79e, 0x738e, 0x738e, 0x738e, 0x738e, 0xaa44, 0x738e, 0x738e,
	0x738e, 0x738e, 0xaa44, 0x738e, 0x738e, 0x738e, 0x738e, 0x738e, 0xf79e, 0x738e, 0x738e, 0x738e,
	0x0000, 0x0000, 0x0000, 0x0000, 0x0000, 0x0000, 0x0000, 0x0000, 0x738e, 0x738e, 0x738e, 0x738e,
	0xf81f, 0xf81f, 0xf81f, 0xf81f, 0xf81f, 0xf81f, 0xf81f, 0xf81f, 0xf81f, 0xf81f, 0xf81f, 0xf81f,
	0xf81f, 0xf81f, 0xf81f, 0xf81f, 0xf81f, 0xf81f, 0xf81f, 0xf81f, 0xf81f, 0xf81f, 0xf81f, 0xf81f,
	0xf81f, 0xf81f, 0xf81f, 0xf81f, 0xf81f, 0xf81f, 0xf81f, 0xf81f, 0xf81f, 0xf81f, 0xf81f, 0xf81f,
	0xf81f, 0xf81f, 0xf81f, 0xf81f, 0xf81f, 0xf81f, 0xf81f, 0xf81f, 0xf81f, 0xf81f, 0xf81f, 0xf81f,
	0xf81f, 0xf81f, 0xf81f, 0xf81f, 0xf81f, 0xf81f, 0xf81f, 0xf81f, 0xf81f, 0xf81f, 0xf81f, 0xf81f,
	0xf81f, 0xf81f, 0xf81f, 0xf81f, 0xf81f, 0x0000, 0xf81f, 0x0000, 0xf81f, 0x0000, 0xf81f, 0x0000,
	0xf81f, 0x0000, 0xf81f, 0x0000, 0xf81f, 0x0000, 0xf81f, 0x0000, 0xf79e, 0xf79e, 0xf79e, 0x0000,
	0x0000, 0x1041, 0x1041, 0x1041, 0x1041, 0x0841, 0x1041, 0x1041, 0x1041, 0xf79e, 0xf79e, 0xf79e,
	0xf79e, 0xf79e, 0xf79e, 0x0000, 0x0841, 0x0841, 0x0841, 0x5acb, 0x5acb, 0x0841, 0x0841, 0x0841,
	0x1041, 0xf79e, 0xf79e, 0xf79e, 0xf79e, 0xf79e, 0xf79e, 0x0841, 0x0841, 0x1041, 0x1041, 0x1041,
	0x1041, 0x0841, 0x1041, 0x1041, 0x1041, 0xf79e, 0xf79e, 0xf79e, 0xf81f, 0xf81f, 0xf81f, 0xf81f,
	0xf81f, 0xf81f, 0xf81f, 0xf81f, 0xf81f, 0xf81f, 0xf81f, 0xf81f, 0xf81f, 0xf81f, 0xf81f, 0xf81f,
	0xf81f, 0xf81f, 0xf81f, 0xf81f, 0xf81f, 0xf81f, 0xf81f, 0xf81f, 0xf81f, 0xf81f, 0xf81f, 0xf81f,
	0xf81f, 0xf81f, 0xf81f, 0xf81f, 0xf81f, 0xf81f, 0xf81f, 0xf81f, 0xf81f, 0xf81f, 0xf81f, 0xf81f,
	0xf81f, 0xf81f, 0xf81f, 0xf81f, 0xf81f, 0xf81f, 0xf81f, 0xf81f, 0xf81f, 0xf81f, 0xf81f, 0xf81f,
	0xf81f, 0xf81f, 0xf81f, 0xf81f, 0xf81f, 0xf81f, 0xf81f, 0xf81f, 0xf81f, 0xf81f, 0xf81f, 0xf81f,
	0xf81f, 0xf81f, 0xf81f, 0xf81f, 0xf81f, 0xf81f, 0xf81f, 0xf81f, 0xf81f, 0xf81f, 0xf81f, 0xf81f,
	0xf81f, 0xf81f, 0xf81f, 0xf81f, 0xf79e, 0x0841, 0x0841, 0x0000, 0x0000, 0x0000, 0x0000, 0x0000,
	0x0000, 0x0000, 0x0000, 0x0000, 0x0000, 0x1041, 0x1041, 0x738e, 0xf79e, 0x0841, 0x0841, 0x0000,
	0x0841, 0x0841, 0x8c52, 0x8c52, 0x8c52, 0x8c52, 0x0841, 0x0841, 0xaa45, 0x1041, 0x1041, 0x738e,
	0xf79e, 0x0841, 0x0841, 0x9492, 0xad96, 0xad96, 0xad96, 0xad96, 0xad96, 0xad96, 0xad96, 0xad96,
	0x9492, 0x1041, 0x1041, 0x738e, 0xf81f, 0xf81f, 0xf81f, 0xf81f, 0xf81f, 0xf81f, 0xf81f, 0xf81f,
	0xf81f, 0xf81f, 0xf81f, 0xf81f, 0xf81f, 0xf81f, 0xf81f, 0xf81f, 0xf81f, 0xf81f, 0xf81f, 0xf81f,
	0xf81f, 0xf81f, 0xf81f, 0xf81f, 0xf81f, 0xf81f, 0xf81f, 0xf81f, 0xf81f, 0xf81f, 0xf81f, 0xf81f,
	0xf81f, 0xf81f, 0xf81f, 0xf81f, 0xf81f, 0xf81f, 0xf81f, 0xf81f, 0xf81f, 0xf81f, 0xf81f, 0xf81f,
	0xf81f, 0xf81f, 0xf81f, 0xf81f, 0xf81f, 0xf81f, 0xf81f, 0xf81f, 0xf81f, 0xf81f, 0xf81f, 0xf81f,
	0xf81f, 0xf81f, 0xf81f, 0xf81f, 0xf81f, 0xf81f, 0xf81f, 0xf81f, 0xf81f, 0xf81f, 0xf81f, 0xf81f,
	0xf81f, 0xf81f, 0xf81f, 0xf81f, 0xf81f, 0xf81f, 0xf81f, 0xf81f, 0xf81f, 0xf81f, 0xf81f, 0xf81f,
	0x0841, 0x0000, 0x0000, 0x0000, 0x0000, 0x0000, 0x0000, 0x0000, 0x0000, 0x1041, 0x0000, 0x0000,
	0x0000, 0x0000, 0x0000, 0x0000, 0x0841, 0x0000, 0x0000, 0x0841, 0x8c52, 0x8c52, 0x8c52, 0x8c52,
	0x8c52, 0x8c52, 0x8c52, 0x8c52, 0x0841, 0x0000, 0x0000, 0x0000, 0x0841, 0x9492, 0xad96, 0xad96,
	0xad96, 0xad96, 0x0841, 0x1041, 0x0841, 0x1041, 0xad96, 0xad96, 0xad96, 0xad96, 0x9492, 0x0841,
	0xf81f, 0xf81f, 0xf81f, 0xf81f, 0xf81f, 0xf81f, 0xf81f, 0xf81f, 0xf81f, 0xf81f, 0xf81f, 0xf81f,
	0xf81f, 0xf81f, 0xf81f, 0xf81f, 0xf81f, 0xf81f, 0xf81f, 0xf81f, 0xf81f, 0xf81f, 0xf81f, 0xf81f,
	0xf81f, 0xf81f, 0xf81f, 0xf81f, 0xf81f, 0xf81f, 0xf81f, 0xf81f, 0xf81f, 0xf81f, 0xf81f, 0xf81f,
	0xf81f, 0xf81f, 0xf81f, 0xf81f, 0xf81f, 0xf81f, 0xf81f, 0xf81f, 0xf81f, 0xf81f, 0xf81f, 0xf81f,
	0xf81f, 0xf81f, 0xf81f, 0xf81f, 0xf81f, 0xf81f, 0xf81f, 0xf81f, 0xf81f, 0xf81f, 0xf81f, 0xf81f,
	0xf81f, 0xf81f, 0xf81f, 0xf81f, 0xf81f, 0xf81f, 0xf81f, 0xf81f, 0xf81f, 0xf81f, 0xf81f, 0xf81f,
	0xf81f, 0xf81f, 0xf81f, 0xf81f, 0xf81f, 0xf81f, 0xf81f, 0xf81f, 0x0000, 0x0000, 0x0000, 0x0000,
	0x0000, 0x0000, 0x0000, 0x0000, 0x0000, 0x0000, 0x0000, 0x0000, 0x0000, 0x0000, 0x0000, 0x0000,
	0x0000, 0x0000, 0x0000, 0x0841, 0x8c52, 0xce59, 0x8c52, 0x8c52, 0x8c52, 0x8c52, 0xce59, 0x8c52,
	0x0841, 0x0000, 0x0000, 0x0000, 0x1041, 0x9492, 0xad96, 0xad96, 0xad96, 0x0841, 0x9492, 0xad96,
	0xad96, 0x9492, 0x0841, 0xad96, 0xad96, 0xad96, 0x9492, 0x1041, 0xf81f, 0xf81f, 0xf81f, 0xf81f,
	0xf81f, 0xf81f, 0xf81f, 0xf81f, 0xf81f, 0xf81f, 0xf81f, 0xf81f, 0xf81f, 0xf81f, 0xf81f, 0xf81f,
	0xf81f, 0xf81f, 0xf81f, 0xf81f, 0xf81f, 0xf81f, 0xf81f, 0xf81f, 0xf81f, 0xf81f, 0xf81f, 0xf81f,
	0xf81f, 0xf81f, 0xf81f, 0xf81f, 0xf81f, 0xf81f, 0xf81f, 0xf81f, 0xf81f, 0xf81f, 0xf81f, 0xf81f,
	0xf81f, 0xf81f, 0xf81f, 0xf81f, 0xf81f, 0xf81f, 0xf81f, 0xf81f, 0xf81f, 0xf81f, 0xf81f, 0xf81f,
	0xf81f, 0xf81f, 0xf81f, 0xf81f, 0xf81f, 0xf81f, 0xf81f, 0xf81f, 0xf81f, 0xf81f, 0xf81f, 0xf81f,
	0xf81f, 0xf81f, 0xf81f, 0xf81f, 0xf81f, 0xf81f, 0xf81f, 0xf81f, 0xf81f, 0xf81f, 0xf81f, 0xf81f,
	0xf81f, 0xf81f, 0xf81f, 0xf81f, 0x0000, 0x0000, 0x0000, 0x0000, 0x0000, 0x0000, 0x0000, 0x0000,
	0x0000, 0x0000, 0x0000, 0x0000, 0x0000, 0x0000, 0x0000, 0x0000, 0x0000, 0x0000, 0x0000, 0x0841,
	0xce59, 0x10c3, 0xce59, 0x8c52, 0x8c52, 0xce59, 0x10c3, 0xce59, 0x0841, 0x0000, 0x0000, 0x0000,
	0x1041, 0x9492, 0xad96, 0xad96, 0xad96, 0xad96, 0xad96, 0xad96, 0xad96, 0xad96, 0xad96, 0xad96,
	0xad96, 0xad96, 0x9492, 0x1041, 0xf81f, 0xf81f, 0xf81f, 0xf81f, 0xf81f, 0xf81f, 0xf81f, 0xf81f,
	0xf81f, 0xf81f, 0xf81f, 0xf81f, 0xf81f, 0xf81f, 0xf81f, 0xf81f, 0xf81f, 0xf81f, 0xf81f, 0xf81f,
	0xf81f, 0xf81f, 0xf81f, 0xf81f, 0xf81f, 0xf81f, 0xf81f, 0xf81f, 0xf81f, 0xf81f, 0xf81f, 0xf81f,
	0xf81f, 0xf81f, 0xf81f, 0xf81f, 0xf81f, 0xf81f, 0xf81f, 0xf81f, 0xf81f, 0xf81f, 0xf81f, 0xf81f,
	0xf81f, 0xf81f, 0xf81f, 0xf81f, 0xf81f, 0xf81f, 0xf81f, 0xf81f, 0xf81f, 0xf81f, 0xf81f, 0xf81f,
	0xf81f, 0xf81f, 0xf81f, 0xf81f, 0xf81f, 0xf81f, 0xf81f, 0xf81f, 0xf81f, 0xf81f, 0xf81f, 0xf81f,
	0xf81f, 0xf81f, 0xf81f, 0xf81f, 0xf81f, 0xf81f, 0xf81f, 0xf81f, 0xf81f, 0xf81f, 0xf81f, 0xf81f,
	0x0000, 0x0000, 0x0000, 0x0000, 0x0000, 0x0000, 0x0000, 0x0000, 0x0000, 0x0000, 0x0000, 0x0000,
	0x0000, 0x0000, 0x0000, 0x1041, 0x0000, 0x0000, 0x39c7, 0x10c3, 0xce59, 0x10c3, 0xce59, 0x8c52,
	0x8c52, 0xce59, 0x10c3, 0xce59, 0x0841, 0x39c7, 0x0000, 0x1041, 0x0841, 0x3a88, 0x9492, 0x9492,
	0xad96, 0xad96, 0xad96, 0xad96, 0xad96, 0xad96, 0xad96, 0xad96, 0x9492, 0x9492, 0x3a88, 0x1041,
	0xf81f, 0xf81f, 0xf81f, 0xf81f, 0xf81f, 0xf81f, 0xf81f, 0xf81f, 0xf81f, 0xf81f, 0xf81f, 0xf81f,
	0xf81f, 0xf81f, 0xf81f, 0xf81f, 0xf81f, 0xf81f, 0xf81f, 0xf81f, 0xf81f, 0xf81f, 0xf81f, 0xf81f,
	0xf81f, 0xf81f, 0xf81f, 0xf81f, 0xf81f, 0xf81f, 0xf81f, 0xf81f, 0xf81f, 0xf81f, 0xf81f, 0xf81f,
	0xf81f, 0xf81f, 0xf81f, 0xf81f, 0xf81f, 0xf81f, 0xf81f, 0xf81f, 0xf81f, 0xf81f, 0xf81f, 0xf81f,
	0xf81f, 0xf81f, 0xf81f, 0xf81f, 0xf81f, 0xf81f, 0xf81f, 0xf81f, 0xf81f, 0xf81f, 0xf81f, 0xf81f,
	0xf81f, 0xf81f, 0xf81f, 0xf81f, 0xf81f, 0xf81f, 0xf81f, 0xf81f, 0xf81f, 0xf81f, 0xf81f, 0xf81f,
	0xf81f, 0xf81f, 0xf81f, 0xf81f, 0xf81f, 0xf81f, 0xf81f, 0xf81f, 0x0841, 0x1041, 0x0000, 0x0000,
	0x0000, 0x0000, 0x0000, 0x0000, 0x0000, 0x0000, 0x0000, 0x0000, 0x0000, 0x0000, 0x1041, 0x0841,
	0x0841, 0x1041, 0x39c7, 0x10c3, 0xce59, 0xce59, 0xce59, 0xce59, 0xce59, 0xce59, 0xce59, 0xce59,
	0x0841, 0x39c7, 0x1041, 0x0841, 0x0841, 0x1041, 0x3a88, 0x3a88, 0x3a88, 0x3287, 0x3a88, 0x3a88,
	0x3a88, 0x3a88, 0x3287, 0x3a88, 0x3a88, 0x3a88, 0x1041, 0x0841, 0xf81f, 0xf81f, 0xf81f, 0xf81f,
	0xf81f, 0xf81f, 0xf81f, 0xf81f, 0xf81f, 0xf81f, 0xf81f, 0xf81f, 0xf81f, 0xf81f, 0xf81f, 0xf81f,
	0xf81f, 0xf81f, 0xf81f, 0xf81f, 0xf81f, 0xf81f, 0xf81f, 0xf81f, 0xf81f, 0xf81f, 0xf81f, 0xf81f,
	0xf81f, 0xf81f, 0xf81f, 0xf81f, 0xf81f, 0xf81f, 0xf81f, 0xf81f, 0xf81f, 0xf81f, 0xf81f, 0xf81f,
	0xf81f, 0xf81f, 0xf81f, 0xf81f, 0xf81f, 0xf81f, 0xf81f, 0xf81f, 0xf81f, 0xf81f, 0xf81f, 0xf81f,
	0xf81f, 0xf81f, 0xf81f, 0xf81f, 0xf81f, 0xf81f, 0xf81f, 0xf81f, 0xf81f, 0xf81f, 0xf81f, 0xf81f,
	0xf81f, 0xf81f, 0xf81f, 0xf81f, 0xf81f, 0xf81f, 0xf81f, 0xf81f, 0xf81f, 0xf81f, 0xf81f, 0xf81f,
	0xf81f, 0xf81f, 0xf81f, 0xf81f, 0x0841, 0x3a88, 0x1041, 0x1041, 0x1041, 0x1041, 0x1041, 0x1041,
	0x1041, 0x0841, 0x0841, 0x1041, 0x1041, 0x1041, 0x3287, 0x1041, 0x0841, 0x3a88, 0x39c7, 0x5acb,
	0x0841, 0xce59, 0xce59, 0xce59, 0xce59, 0xce59, 0xce59, 0x0841, 0x5acb, 0x39c7, 0x3287, 0x1041,
	0x0841, 0x3a88, 0x1041, 0x1041, 0x1041, 0x1041, 0x1041, 0x1041, 0x1041, 0x0841, 0x0841, 0x1041,
	0x1041, 0x1041, 0x3287, 0x1041, 0xf81f, 0xf81f, 0xf81f, 0xf81f, 0xf81f, 0xf81f, 0xf81f, 0xf81f,
	0xf81f, 0xf81f, 0xf81f, 0xf81f, 0xf81f, 0xf81f, 0xf81f, 0xf81f, 0xf81f, 0xf81f, 0xf81f, 0xf81f,
	0xf81f, 0xf81f, 0xf81f, 0xf81f, 0xf81f, 0xf81f, 0xf81f, 0xf81f, 0xf81f, 0xf81f, 0xf81f, 0xf81f,
	0xf81f, 0xf81f, 0xf81f, 0xf81f, 0xf81f, 0xf81f, 0xf81f, 0xf81f, 0xf81f, 0xf81f, 0xf81f, 0xf81f,
	0xf81f, 0xf81f, 0xf81f, 0xf81f, 0xf81f, 0xf81f, 0xf81f, 0xf81f, 0xf81f, 0xf81f, 0xf81f, 0xf81f,
	0xf81f, 0xf81f, 0xf81f, 0xf81f, 0xf81f, 0xf81f, 0xf81f, 0xf81f, 0xf81f, 0xf81f, 0xf81f, 0xf81f,
	0xf81f, 0xf81f, 0xf81f, 0xf81f, 0xf81f, 0xf81f, 0xf81f, 0xf81f, 0xf81f, 0xf81f, 0xf81f, 0xf81f,
	0x0841, 0x3a88, 0x9492, 0xad96, 0xad96, 0xad96, 0xad96, 0xad96, 0xad96, 0xad96, 0xad96, 0xad96,
	0xad96, 0x9492, 0x3a88, 0x1041, 0x0841, 0x3a88, 0x9492, 0xad96, 0xad96, 0x0841, 0xce59, 0xce59,
	0xce59, 0xce59, 0x0841, 0xad96, 0xad96, 0x9492, 0x3a88, 0x1041, 0x0841, 0x3a88, 0x9492, 0xad96,
	0xad96, 0xad96, 0xad96, 0xad96, 0xad96, 0xad96, 0xad96, 0xad96, 0xad96, 0x9492, 0x3a88, 0x1041,
	0xf81f, 0xf81f, 0xf81f, 0xf81f, 0xf81f, 0xf81f, 0xf81f, 0xf81f, 0xf81f, 0xf81f, 0xf81f, 0xf81f,
	0xf81f, 0xf81f, 0xf81f, 0xf81f, 0xf81f, 0xf81f, 0xf81f, 0xf81f, 0xf81f, 0xf81f, 0xf81f, 0xf81f,
	0xf81f, 0xf81f, 0xf81f, 0xf81f, 0xf81f, 0xf81f, 0xf81f, 0xf81f, 0xf81f, 0xf81f, 0xf81f, 0xf81f,
	0xf81f, 0xf81f, 0xf81f, 0xf81f, 0xf81f, 0xf81f, 0xf81f, 0xf81f, 0xf81f, 0xf81f, 0xf81f, 0xf81f,
	0xf81f, 0xf81f, 0xf81f, 0xf81f, 0xf81f, 0xf81f, 0xf81f, 0xf81f, 0xf81f, 0xf81f, 0xf81f, 0xf81f,
	0xf81f, 0xf81f, 0xf81f, 0xf81f, 0xf81f, 0xf81f, 0xf81f, 0xf81f, 0xf81f, 0xf81f, 0xf81f, 0xf81f,
	0xf81f, 0xf81f, 0xf81f, 0xf81f, 0xf81f, 0xf81f, 0xf81f, 0xf81f, 0x1041, 0x3287, 0x9492, 0xad55,
	0x3287, 0x9492, 0xad96, 0x3a88, 0x9492, 0xad96, 0x3a88, 0x9492, 0xad96, 0x9492, 0x3a88, 0x0841,
	0x1041, 0x3287, 0x9492, 0xad55, 0x3287, 0x9492, 0x0841, 0xecce, 0xecce, 0x0841, 0x3a88, 0x9492,
	0xad96, 0x9492, 0x3a88, 0x0841, 0x1041, 0x3287, 0x9492, 0xad55, 0x3287, 0x9492, 0xad96, 0x3a88,
	0x9492, 0xad96, 0x3a88, 0x9492, 0xad96, 0x9492, 0x3a88, 0x0841, 0xf81f, 0xf81f, 0xf81f, 0xf81f,
	0xf81f, 0xf81f, 0xf81f, 0xf81f, 0xf81f, 0xf81f, 0xf81f, 0xf81f, 0xf81f, 0xf81f, 0xf81f, 0xf81f,
	0xf81f, 0xf81f, 0xf81f, 0xf81f, 0xf81f, 0xf81f, 0xf81f, 0xf81f, 0xf81f, 0xf81f, 0xf81f, 0xf81f,
	0xf81f, 0xf81f, 0xf81f, 0xf81f, 0xf81f, 0xf81f, 0xf81f, 0xf81f, 0xf81f, 0xf81f, 0xf81f, 0xf81f,
	0xf81f, 0xf81f, 0xf81f, 0xf81f, 0xf81f, 0xf81f, 0xf81f, 0xf81f, 0xf81f, 0xf81f, 0xf81f, 0xf81f,
	0xf81f, 0xf81f, 0xf81f, 0xf81f, 0xf81f, 0xf81f, 0xf81f, 0xf81f, 0xf81f, 0xf81f, 0xf81f, 0xf81f,
	0xf81f, 0xf81f, 0xf81f, 0xf81f, 0xf81f, 0xf81f, 0xf81f, 0xf81f, 0xf81f, 0xf81f, 0xf81f, 0xf81f,
	0xf81f, 0xf81f, 0xf81f, 0xf81f, 0x1041, 0x3a88, 0x9492, 0xad96, 0x3a88, 0x9492, 0xad96, 0x3287,
	0x9492, 0xad96, 0x3a88, 0x9492, 0xad96, 0x9492, 0x3287, 0x0841, 0x1041, 0x3a88, 0x9492, 0xad96,
	0x3a88, 0x9492, 0xad96, 0x3287, 0x9492, 0x5acb, 0x3a88, 0x9492, 0xad96, 0x9492, 0x3287, 0x0841,
	0x1041, 0x3a88, 0x9492, 0xad96, 0x3a88, 0x9492, 0xad96, 0x3287, 0x9492, 0xad96, 0x3a88, 0x9492,
	0xad96, 0x9492, 0x3287, 0x0841, 0xf81f, 0xf81f, 0xf81f, 0xf81f, 0xf81f, 0xf81f, 0xf81f, 0xf81f,
	0xf81f, 0xf81f, 0xf81f, 0xf81f, 0xf81f, 0xf81f, 0xf81f, 0xf81f, 0xf81f, 0xf81f, 0xf81f, 0xf81f,
	0xf81f, 0xf81f, 0xf81f, 0xf81f, 0xf81f, 0xf81f, 0xf81f, 0xf81f, 0xf81f, 0xf81f, 0xf81f, 0xf81f,
	0xf81f, 0xf81f, 0xf81f, 0xf81f, 0xf81f, 0xf81f, 0xf81f, 0xf81f, 0xf81f, 0xf81f, 0xf81f, 0xf81f,
	0xf81f, 0xf81f, 0xf81f, 0xf81f, 0xf81f, 0xf81f, 0xf81f, 0xf81f, 0xf81f, 0xf81f, 0xf81f, 0xf81f,
	0xf81f, 0xf81f, 0xf81f, 0xf81f, 0xf81f, 0xf81f, 0xf81f, 0xf81f, 0xf81f, 0xf81f, 0xf81f, 0xf81f,
	0xf81f, 0xf81f, 0xf81f, 0xf81f, 0xf81f, 0xf81f, 0xf81f, 0xf81f, 0xf81f, 0xf81f, 0xf81f, 0xf81f,
	0xf79e, 0x1041, 0x9492, 0xad96, 0x3287, 0x9492, 0xad96, 0x3288, 0x9492, 0xad96, 0x3a88, 0x9492,
	0xad96, 0x9492, 0x0841, 0x738e, 0xf79e, 0x1041, 0x9492, 0xad96, 0x3287, 0x9492, 0xad96, 0x3288,
	0x9492, 0xad96, 0x3a88, 0x9492, 0xad96, 0x9492, 0x0841, 0x738e, 0xf79e, 0x1041, 0x9492, 0xad96,
	0x3287, 0x9492, 0xad96, 0x3288, 0x9492, 0xad96, 0x3a88, 0x9492, 0xad96, 0x9492, 0x0841, 0x738e,
	0xf81f, 0xf81f, 0xf81f, 0xf81f, 0xf81f, 0xf81f, 0xf81f, 0xf81f, 0xf81f, 0xf81f, 0xf81f, 0xf81f,
	0xf81f, 0xf81f, 0xf81f, 0xf81f, 0xf81f, 0xf81f, 0xf81f, 0xf81f, 0xf81f, 0xf81f, 0xf81f, 0xf81f,
	0xf81f, 0xf81f, 0xf81f, 0xf81f, 0xf81f, 0xf81f, 0xf81f, 0xf81f, 0xf81f, 0xf81f, 0xf81f, 0xf81f,
	0xf81f, 0xf81f, 0xf81f, 0xf81f, 0xf81f, 0xf81f, 0xf81f, 0xf81f, 0xf81f, 0xf81f, 0xf81f, 0xf81f,
	0xf81f, 0xf81f, 0xf81f, 0xf81f, 0xf81f, 0xf81f, 0xf81f, 0xf81f, 0xf81f, 0xf81f, 0xf81f, 0xf81f,
	0xf81f, 0xf81f, 0xf81f, 0xf81f, 0xf81f, 0xf81f, 0xf81f, 0xf81f, 0xf81f, 0xf81f, 0xf81f, 0xf81f,
	0xf81f, 0xf81f, 0xf81f, 0xf81f, 0xf81f, 0xf81f, 0xf81f, 0xf81f, 0xf79e, 0x0841, 0x9492, 0xad96,
	0x3a88, 0x9492, 0xad96, 0x3a88, 0x9492, 0xad96, 0x3a88, 0x9492, 0xad96, 0x9492, 0x0841, 0x738e,
	0xf79e, 0x0841, 0x9492, 0xad96, 0x3a88, 0x9492, 0xad96, 0x3a88, 0x9492, 0xad96, 0x3a88, 0x9492,
	0xad96, 0x9492, 0x0841, 0x738e, 0xf79e, 0x0841, 0x9492, 0xad96, 0x3a88, 0x9492, 0xad96, 0x3a88,
	0x9492, 0xad96, 0x3a88, 0x9492, 0xad96, 0x9492, 0x0841, 0x738e, 0xf81f, 0xf81f, 0xf81f, 0xf81f,
	0xf81f, 0xf81f, 0xf81f, 0xf81f, 0xf81f, 0xf81f, 0xf81f, 0xf81f, 0xf81f, 0xf81f, 0xf81f, 0xf81f,
	0xf81f, 0xf81f, 0xf81f, 0xf81f, 0xf81f, 0xf81f, 0xf81f, 0xf81f, 0xf81f, 0xf81f, 0xf81f, 0xf81f,
	0xf81f, 0xf81f, 0xf81f, 0xf81f, 0xf81f, 0xf81f, 0xf81f, 0xf81f, 0xf81f, 0xf81f, 0xf81f, 0xf81f,
	0xf81f, 0xf81f, 0xf81f, 0xf81f, 0xf81f, 0xf81f, 0xf81f, 0xf81f, 0xf81f, 0xf81f, 0xf81f, 0xf81f,
	0xf81f, 0xf81f, 0xf81f, 0xf81f, 0xf81f, 0xf81f, 0xf81f, 0xf81f, 0xf81f, 0xf81f, 0xf81f, 0xf81f,
	0xf81f, 0xf81f, 0xf81f, 0xf81f, 0xf81f, 0xf81f, 0xf81f, 0xf81f, 0xf81f, 0xf81f, 0xf81f, 0xf81f,
	0xf81f, 0xf81f, 0xf81f, 0xf81f, 0xf79e, 0x0841, 0x9492, 0xad96, 0x3a88, 0x9492, 0xad96, 0x3a88,
	0x9492, 0xad96, 0x3287, 0x9492, 0xad96, 0x9492, 0x1041, 0x738e, 0xf79e, 0x0841, 0x9492, 0xad96,
	0x3a88, 0x9492, 0xad96, 0x3a88, 0x9492, 0xad96, 0x3287, 0x9492, 0xad96, 0x9492, 0x1041, 0x738e,
	0xf79e, 0x0841, 0x9492, 0xad96, 0x3a88, 0x9492, 0xad96, 0x3a88, 0x9492, 0xad96, 0x3287, 0x9492,
	0xad96, 0x9492, 0x1041, 0x738e, 0xf81f, 0xf81f, 0xf81f, 0xf81f, 0xf81f, 0xf81f, 0xf81f, 0xf81f,
	0xf81f, 0xf81f, 0xf81f, 0xf81f, 0xf81f, 0xf81f, 0xf81f, 0xf81f, 0xf81f, 0xf81f, 0xf81f, 0xf81f,
	0xf81f, 0xf81f, 0xf81f, 0xf81f, 0xf81f, 0xf81f, 0xf81f, 0xf81f, 0xf81f, 0xf81f, 0xf81f, 0xf81f,
	0xf81f, 0xf81f, 0xf81f, 0xf81f, 0xf81f, 0xf81f, 0xf81f, 0xf81f, 0xf81f, 0xf81f, 0xf81f, 0xf81f,
	0xf81f, 0xf81f, 0xf81f, 0xf81f, 0xf81f, 0xf81f, 0xf81f, 0xf81f, 0xf81f, 0xf81f, 0xf81f, 0xf81f,
	0xf81f, 0xf81f, 0xf81f, 0xf81f, 0xf81f, 0xf81f, 0xf81f, 0xf81f, 0xf81f, 0xf81f, 0xf81f, 0xf81f,
	0xf81f, 0xf81f, 0xf81f, 0xf81f, 0xf81f, 0xf81f, 0xf81f, 0xf81f, 0xf81f, 0xf81f, 0xf81f, 0xf81f,
	0xf79e, 0xffdf, 0x1041, 0xad96, 0x3287, 0x9492, 0xad96, 0x3a88, 0x9492, 0xad96, 0x3287, 0x9492,
	0xad96, 0x1041, 0x0000, 0x738e, 0xf79e, 0xffdf, 0x1041, 0xad96, 0x3287, 0x9492, 0xad96, 0x3a88,
	0x9492, 0xad96, 0x3287, 0x9492, 0xad96, 0x1041, 0x0000, 0x738e, 0xf79e, 0xffdf, 0x1041, 0xad96,
	0x3287, 0x9492, 0xad96, 0x3a88, 0x9492, 0xad96, 0x3287, 0x9492, 0xad96, 0x1041, 0x0000, 0x738e,
	0xf81f, 0xf81f, 0xf81f, 0xf81f, 0xf81f, 0xf81f, 0xf81f, 0xf81f, 0xf81f, 0xf81f, 0xf81f, 0xf81f,
	0xf81f, 0xf81f, 0xf81f, 0xf81f, 0xf81f, 0xf81f, 0xf81f, 0xf81f, 0xf81f, 0xf81f, 0xf81f, 0xf81f,
	0xf81f, 0xf81f, 0xf81f, 0xf81f, 0xf81f, 0xf81f, 0xf81f, 0xf81f, 0xf81f, 0xf81f, 0xf81f, 0xf81f,
	0xf81f, 0xf81f, 0xf81f, 0xf81f, 0xf81f, 0xf81f, 0xf81f, 0xf81f, 0xf81f, 0xf81f, 0xf81f, 0xf81f,
	0xf81f, 0xf81f, 0xf81f, 0xf81f, 0xf81f, 0xf81f, 0xf81f, 0xf81f, 0xf81f, 0xf81f, 0xf81f, 0xf81f,
	0xf81f, 0xf81f, 0xf81f, 0xf81f, 0xf81f, 0xf81f, 0xf81f, 0xf81f, 0xf81f, 0xf81f, 0xf81f, 0xf81f,
	0xf81f, 0xf81f, 0xf81f, 0xf81f, 0xf81f, 0xf81f, 0xf81f, 0xf81f, 0xf79e, 0x738e, 0x0841, 0x0841,
	0x1041, 0x1041, 0x1041, 0x1041, 0x1041, 0x1041, 0x1041, 0x1041, 0x0841, 0x0841, 0x738e, 0x738e,
	0xf79e, 0x738e, 0x0841, 0x0841, 0x1041, 0x1041, 0x1041, 0x1041, 0x1041, 0x1041, 0x1041, 0x1041,
	0x0841, 0x0841, 0x738e, 0x738e, 0xf79e, 0x738e, 0x0841, 0x0841, 0x1041, 0x1041, 0x1041, 0x1041,
	0x1041, 0x1041, 0x1041, 0x1041, 0x0841, 0x0841, 0x738e, 0x738e, 0xf81f, 0xf81f, 0xf81f, 0xf81f,
	0xf81f, 0xf81f, 0xf81f, 0xf81f, 0xf81f, 0xf81f, 0xf81f, 0xf81f, 0xf81f, 0xf81f, 0xf81f, 0xf81f,
	0xf81f, 0xf81f, 0xf81f, 0xf81f, 0xf81f, 0xf81f, 0xf81f, 0xf81f, 0xf81f, 0xf81f, 0xf81f, 0xf81f,
	0xf81f, 0xf81f, 0xf81f, 0xf81f, 0xf81f, 0xf81f, 0xf81f, 0xf81f, 0xf81f, 0xf81f, 0xf81f, 0xf81f,
	0xf81f, 0xf81f, 0xf81f, 0xf81f, 0xf81f, 0xf81f, 0xf81f, 0xf81f, 0xf81f, 0xf81f, 0xf81f, 0xf81f,
	0xf81f, 0xf81f, 0xf81f, 0xf81f, 0xf81f, 0xf81f, 0xf81f, 0xf81f, 0xf81f, 0xf81f, 0xf81f, 0xf81f,
	0xf81f, 0xf81f, 0xf81f, 0xf81f, 0xf81f, 0xf81f, 0xf81f, 0xf81f, 0xf81f, 0xf81f, 0xf81f, 0xf81f,
	0xf81f, 0xf81f, 0xf81f, 0xf81f, 0xf81f, 0xf81f, 0xf81f, 0xf81f, 0xf81f, 0xf81f, 0xf81f, 0xf81f,
	0xf81f, 0xf81f, 0xf81f, 0xf81f, 0xf81f, 0xf81f, 0xf81f, 0xf81f, 0xffdf, 0xf904, 0xf904, 0xf904,
	0xf904, 0xf904, 0xf904, 0x0000, 0xf904, 0xf81f, 0xf81f, 0xf81f, 0xf81f, 0xf81f, 0xf81f, 0xf904,
	0xf904, 0xffdf, 0xffdf, 0xf81f, 0xf81f, 0xffdf, 0xffdf, 0xf904, 0xf81f, 0xffdf, 0xffdf, 0xf81f,
	0xf81f, 0xffdf, 0xffdf, 0xf81f, 0xf81f, 0xf81f, 0xffdf, 0xffdf, 0xffdf, 0xffdf, 0xf81f, 0xf81f,
	0xf81f, 0xf81f, 0x3e86, 0x3e86, 0x3e86, 0x3e86, 0xf81f, 0xf81f, 0xf81f, 0xf81f, 0xf81f, 0xf81f,
	0xf81f, 0xf81f, 0xf81f, 0xf81f, 0xf81f, 0xf81f, 0xf81f, 0xf81f, 0xf81f, 0xf81f, 0xf81f, 0xf81f,
	0xf81f, 0xf81f, 0xf81f, 0xf81f, 0xf81f, 0xf81f, 0xf81f, 0xf81f, 0xf81f, 0xf81f, 0xf81f, 0xf81f,
	0xf81f, 0xf81f, 0xf81f, 0xf81f, 0xf81f, 0xf81f, 0xf81f, 0xf81f, 0xf81f, 0xf81f, 0xf81f, 0xf81f,
	0xf81f, 0xf81f, 0xf81f, 0xf81f, 0xf81f, 0xf81f, 0xf81f, 0xf81f, 0xf81f, 0xf81f, 0xf81f, 0xf81f,
	0xf81f, 0xf81f, 0xf81f, 0xf81f, 0xf81f, 0xf81f, 0xf81f, 0xf81f, 0xf81f, 0xf81f, 0xf81f, 0xf81f,
	0xf81f, 0xf81f, 0xf81f, 0xf81f, 0xf81f, 0xf81f, 0xf81f, 0xf81f, 0xf81f, 0xf81f, 0xf81f, 0xf81f,
	0xf81f, 0xf81f, 0xf81f, 0xf81f, 0xf904, 0x6800, 0x6800, 0x6800, 0x6800, 0x6800, 0x6800, 0x0000,
	0xf81f, 0xf904, 0xf81f, 0xf81f, 0xf81f, 0xf81f, 0xf904, 0xf81f, 0xf81f, 0xffdf, 0xf81f, 0xf81f,
	0xf81f, 0xf81f, 0xffdf, 0xf81f, 0xf81f, 0xffdf, 0xf81f, 0xf81f, 0xf81f, 0xf81f, 0xffdf, 0xf81f,
	0xf81f, 0xffdf, 0xf81f, 0xf81f, 0xf81f, 0xf81f, 0xffdf, 0xf81f, 0xf81f, 0x3e86, 0xf81f, 0xf81f,
	0xf81f, 0xf81f, 0x3e86, 0xf81f, 0xf81f, 0xf81f, 0xf81f, 0xf81f, 0xf81f, 0xf81f, 0xf81f, 0xf81f,
	0xf81f, 0xf81f, 0xf81f, 0xf81f, 0xf81f, 0xf81f, 0xf81f, 0xf81f, 0xf81f, 0xf81f, 0xf81f, 0xf81f,
	0xf81f, 0xf81f, 0xf81f, 0xf81f, 0xf81f, 0xf81f, 0xf81f, 0xf81f, 0xf81f, 0xf81f, 0xf81f, 0xf81f,
	0xf81f, 0xf81f, 0xf81f, 0xf81f, 0xf81f, 0xf81f, 0xf81f, 0xf81f, 0xf81f, 0xf81f, 0xf81f, 0xf81f,
	0xf81f, 0xf81f, 0xf81f, 0xf81f, 0xf81f, 0xf81f, 0xf81f, 0xf81f, 0xf81f, 0xf81f, 0xf81f, 0xf81f,
	0xf81f, 0xf81f, 0xf81f, 0xf81f, 0xf81f, 0xf81f, 0xf81f, 0xf81f, 0xf81f, 0xf81f, 0xf81f, 0xf81f,
	0xf81f, 0xf81f, 0xf81f, 0xf81f, 0xf81f, 0xf81f, 0xf81f, 0xf81f, 0xf81f, 0xf81f, 0xf81f, 0xf81f,
	0xf904, 0x6800, 0x6800, 0x6800, 0x6800, 0x6800, 0x6800, 0x0000, 0xf81f, 0xf81f, 0xf904, 0xf81f,
	0xf81f, 0xf904, 0xf81f, 0xf81f, 0xffdf, 0xf81f, 0xf904, 0xf81f, 0xf81f, 0xf904, 0xf81f, 0xffdf,
	0xffdf, 0xf81f, 0xf81f, 0xf81f, 0xf81f, 0xf81f, 0xf81f, 0xffdf, 0xffdf, 0xf81f, 0xf81f, 0xf81f,
	0xf81f, 0xf81f, 0xf81f, 0xffdf, 0x3e86, 0xf81f, 0xf81f, 0xf81f, 0xf81f, 0xf81f, 0xf81f, 0x3e86,
	0xf81f, 0xf81f, 0xf81f, 0xf81f, 0xf81f, 0xf81f, 0xf81f, 0xf81f, 0xf81f, 0xf81f, 0xf81f, 0xf81f,
	0xf81f, 0xf81f, 0xf81f, 0xf81f, 0xf81f, 0xf81f, 0xf81f, 0xf81f, 0xf81f, 0xf81f, 0xf81f, 0xf81f,
	0xf81f, 0xf81f, 0xf81f, 0xf81f, 0xf81f, 0xf81f, 0xf81f, 0xf81f, 0xf81f, 0xf81f, 0xf81f, 0xf81f,
	0xf81f, 0xf81f, 0xf81f, 0xf81f, 0xf81f, 0xf81f, 0xf81f, 0xf81f, 0xf81f, 0xf81f, 0xf81f, 0xf81f,
	0xf81f, 0xf81f, 0xf81f, 0xf81f, 0xf81f, 0xf81f, 0xf81f, 0xf81f, 0xf81f, 0xf81f, 0xf81f, 0xf81f,
	0xf81f, 0xf81f, 0xf81f, 0xf81f, 0xf81f, 0xf81f, 0xf81f, 0xf81f, 0xf81f, 0xf81f, 0xf81f, 0xf81f,
	0xf81f, 0xf81f, 0xf81f, 0xf81f, 0xf81f, 0xf81f, 0xf81f, 0xf81f, 0xf904, 0x6800, 0x6800, 0x6800,
	0x6800, 0x6800, 0x6800, 0x0000, 0xf81f, 0xf81f, 0xf81f, 0xf904, 0xf904, 0xf81f, 0xf81f, 0xf81f,
	0xffdf, 0xf81f, 0xffdf, 0xf904, 0xf904, 0xffdf, 0xf81f, 0xffdf, 0xffdf, 0xf81f, 0xffdf, 0xf81f,
	0xf81f, 0xffdf, 0xf81f, 0xffdf, 0xffdf, 0xf81f, 0xf81f, 0xf81f, 0xf81f, 0xf81f, 0xf81f, 0xffdf,
	0x3e86, 0xf81f, 0xf81f, 0xf81f, 0xf81f, 0xf81f, 0xf81f, 0x3e86, 0xf81f, 0xf81f, 0xf81f, 0xf81f,
	0xf81f, 0xf81f, 0xf81f, 0xf81f, 0xf81f, 0xf81f, 0xf81f, 0xf81f, 0xf81f, 0xf81f, 0xf81f, 0xf81f,
	0xf81f, 0xf81f, 0xf81f, 0xf81f, 0xf81f, 0xf81f, 0xf81f, 0xf81f, 0xf81f, 0xf81f, 0xf81f, 0xf81f,
	0xf81f, 0xf81f, 0xf81f, 0xf81f, 0xf81f, 0xf81f, 0xf81f, 0xf81f, 0xf81f, 0xf81f, 0xf81f, 0xf81f,
	0xf81f, 0xf81f, 0xf81f, 0xf81f, 0xf81f, 0xf81f, 0xf81f, 0xf81f, 0xf81f, 0xf81f, 0xf81f, 0xf81f,
	0xf81f, 0xf81f, 0xf81f, 0xf81f, 0xf81f, 0xf81f, 0xf81f, 0xf81f, 0xf81f, 0xf81f, 0xf81f, 0xf81f,
	0xf81f, 0xf81f, 0xf81f, 0xf81f, 0xf81f, 0xf81f, 0xf81f, 0xf81f, 0xf81f, 0xf81f, 0xf81f, 0xf81f,
	0xf81f, 0xf81f, 0xf81f, 0xf81f, 0xf904, 0x6800, 0x6800, 0x6800, 0x6800, 0x6800, 0x6800, 0x0000,
	0xf81f, 0xf81f, 0xf81f, 0xf904, 0xf904, 0xf81f, 0xf81f, 0xf81f, 0xffdf, 0xf81f, 0xffdf, 0xf904,
	0xf904, 0xffdf, 0xf81f, 0xffdf, 0xffdf, 0xf81f, 0xffdf, 0xf81f, 0xf81f, 0xffdf, 0xf81f, 0xffdf,
	0xffdf, 0xf81f, 0xf81f, 0xf81f, 0xf81f, 0xf81f, 0xf81f, 0xffdf, 0x3e86, 0xf81f, 0xf81f, 0xf81f,
	0xf81f, 0xf81f, 0xf81f, 0x3e86, 0xf81f, 0xf81f, 0xf81f, 0xf81f, 0xf81f, 0xf81f, 0xf81f, 0xf81f,
	0xf81f, 0xf81f, 0xf81f, 0xf81f, 0xf81f, 0xf81f, 0xf81f, 0xf81f, 0xf81f, 0xf81f, 0xf81f, 0xf81f,
	0xf81f, 0xf81f, 0xf81f, 0xf81f, 0xf81f, 0xf81f, 0xf81f, 0xf81f, 0xf81f, 0xf81f, 0xf81f, 0xf81f,
	0xf81f, 0xf81f, 0xf81f, 0xf81f, 0xf81f, 0xf81f, 0xf81f, 0xf81f, 0xf81f, 0xf81f, 0xf81f, 0xf81f,
	0xf81f, 0xf81f, 0xf81f, 0xf81f, 0xf81f, 0xf81f, 0xf81f, 0xf81f, 0xf81f, 0xf81f, 0xf81f, 0xf81f,
	0xf81f, 0xf81f, 0xf81f, 0xf81f, 0xf81f, 0xf81f, 0xf81f, 0xf81f, 0xf81f, 0xf81f, 0xf81f, 0xf81f,
	0xf81f, 0xf81f, 0xf81f, 0xf81f, 0xf81f, 0xf81f, 0xf81f, 0xf81f, 0xf81f, 0xf81f, 0xf81f, 0xf81f,
	0xf904, 0x6800, 0x6800, 0x6800, 0x6800, 0x6800, 0x6800, 0x0000, 0xf81f, 0xf81f, 0xf904, 0xf81f,
	0xf81f, 0xf904, 0xf81f, 0xf81f, 0xffdf, 0xf81f, 0xf904, 0xf81f, 0xf81f, 0xf904, 0xf81f, 0xffdf,
	0xffdf, 0xf81f, 0xf81f, 0xf81f, 0xf81f, 0xf81f, 0xf81f, 0xffdf, 0xffdf, 0xf81f, 0xf81f, 0xf81f,
	0xf81f, 0xf81f, 0xf81f, 0xffdf, 0x3e86, 0xf81f, 0xf81f, 0xf81f, 0xf81f, 0xf81f, 0xf81f, 0x3e86,
	0xf81f, 0xf81f, 0xf81f, 0xf81f, 0xf81f, 0xf81f, 0xf81f, 0xf81f, 0xf81f, 0xf81f, 0xf81f, 0xf81f,
	0xf81f, 0xf81f, 0xf81f, 0xf81f, 0xf81f, 0xf81f, 0xf81f, 0xf81f, 0xf81f, 0xf81f, 0xf81f, 0xf81f,
	0xf81f, 0xf81f, 0xf81f, 0xf81f, 0xf81f, 0xf81f, 0xf81f, 0xf81f, 0xf81f, 0xf81f, 0xf81f, 0xf81f,
	0xf81f, 0xf81f, 0xf81f, 0xf81f, 0xf81f, 0xf81f, 0xf81f, 0xf81f, 0xf81f, 0xf81f, 0xf81f, 0xf81f,
	0xf81f, 0xf81f, 0xf81f, 0xf81f, 0xf81f, 0xf81f, 0xf81f, 0xf81f, 0xf81f, 0xf81f, 0xf81f, 0xf81f,
	0xf81f, 0xf81f, 0xf81f, 0xf81f, 0xf81f, 0xf81f, 0xf81f, 0xf81f, 0xf81f, 0xf81f, 0xf81f, 0xf81f,
	0xf81f, 0xf81f, 0xf81f, 0xf81f, 0xf81f, 0xf81f, 0xf81f, 0xf81f, 0xf904, 0x6800, 0x6800, 0x6800,
	0x6800, 0x6800, 0x6800, 0x0000, 0xf81f, 0xf904, 0xf81f, 0xf81f, 0xf81f, 0xf81f, 0xf904, 0xf81f,
	0xf81f, 0xffdf, 0xf81f, 0xf81f, 0xf81f, 0xf81f, 0xffdf, 0xf81f, 0xf81f, 0xffdf, 0xf81f, 0xf81f,
	0xf81f, 0xf81f, 0xffdf, 0xf81f, 0xf81f, 0xffdf, 0xf81f, 0xf81f, 0xf81f, 0xf81f, 0xffdf, 0xf81f,
	0xf81f, 0x3e86, 0xf81f, 0xf81f, 0xf81f, 0xf81f, 0x3e86, 0xf81f, 0xf81f, 0xf81f, 0xf81f, 0xf81f,
	0xf81f, 0xf81f, 0xf81f, 0xf81f, 0xf81f, 0xf81f, 0xf81f, 0xf81f, 0xf81f, 0xf81f, 0xf81f, 0xf81f,
	0xf81f, 0xf81f, 0xf81f, 0xf81f, 0xf81f, 0xf81f, 0xf81f, 0xf81f, 0xf81f, 0xf81f, 0xf81f, 0xf81f,
	0xf81f, 0xf81f, 0xf81f, 0xf81f, 0xf81f, 0xf81f, 0xf81f, 0xf81f, 0xf81f, 0xf81f, 0xf81f, 0xf81f,
	0xf81f, 0xf81f, 0xf81f, 0xf81f, 0xf81f, 0xf81f, 0xf81f, 0xf81f, 0xf81f, 0xf81f, 0xf81f, 0xf81f,
	0xf81f, 0xf81f, 0xf81f, 0xf81f, 0xf81f, 0xf81f, 0xf81f, 0xf81f, 0xf81f, 0xf81f, 0xf81f, 0xf81f,
	0xf81f, 0xf81f, 0xf81f, 0xf81f, 0xf81f, 0xf81f, 0xf81f, 0xf81f, 0xf81f, 0xf81f, 0xf81f, 0xf81f,
	0xf81f, 0xf81f, 0xf81f, 0xf81f, 0x0000, 0x0000, 0x0000, 0x0000, 0x0000, 0x0000, 0x0000, 0x0000,
	0xf904, 0xf81f, 0xf81f, 0xf81f, 0xf81f, 0xf81f, 0xf81f, 0xf904, 0xf904, 0xf81f, 0xffdf, 0xf81f,
	0xf81f, 0xffdf, 0xf81f, 0xf904, 0xf81f, 0xf81f, 0xffdf, 0xf81f, 0xf81f, 0xffdf, 0xf81f, 0xf81f,
	0xf81f, 0xf81f, 0xffdf, 0xffdf, 0xffdf, 0xffdf, 0xf81f, 0xf81f, 0xf81f, 0xf81f, 0x3e86, 0x3e86,
	0x3e86, 0x3e86, 0xf81f, 0xf81f, 0xf81f, 0xf81f, 0xf81f, 0xf81f, 0xf81f, 0xf81f, 0xf81f, 0xf81f,
	0xf81f, 0xf81f, 0xf81f, 0xf81f, 0xf81f, 0xf81f, 0xf81f, 0xf81f, 0xf81f, 0xf81f, 0xf81f, 0xf81f,
	0xf81f, 0xf81f, 0xf81f, 0xf81f, 0xf81f, 0xf81f, 0xf81f, 0xf81f, 0xf81f, 0xf81f, 0xf81f, 0xf81f,
	0xf81f, 0xf81f, 0xf81f, 0xf81f, 0xf81f, 0xf81f, 0xf81f, 0xf81f, 0xf81f, 0xf81f, 0xf81f, 0xf81f,
	0xf81f, 0xf81f, 0xf81f, 0xf81f, 0xf81f, 0xf81f, 0xf81f, 0xf81f, 0xf81f, 0xf81f, 0xf81f, 0xf81f,
	0xf81f, 0xf81f, 0xf81f, 0xf81f, 0xf81f, 0xf81f, 0xf81f, 0xf81f, 0x0000, 0x0000, 0x0000, 0x0000,
	0x0000, 0x0000, 0x0000, 0x0000, 0x0000, 0x0000, 0x0000, 0x0000, 0x0000, 0x0000, 0x0000, 0x0000,
	0x0000, 0x0000, 0x0000, 0x0000, 0x0000, 0x0000, 0x0000, 0x0000, 0x0000, 0x0000, 0x0000, 0x0000,
	0x0000, 0x0000, 0x0000, 0x0000, 0xf81f, 0x0841, 0x0841, 0xf81f, 0xf81f, 0x0841, 0x0841, 0xf81f,
	0xf81f, 0xf81f, 0xf81f, 0xf81f, 0xf81f, 0xf81f, 0xf81f, 0xf81f, 0xf81f, 0xf81f, 0xf81f, 0xf81f,
	0xf81f, 0xf81f, 0xf81f, 0xf81f, 0xf81f, 0xf81f, 0xf81f, 0xf81f, 0xf81f, 0xf81f, 0xf81f, 0xf81f,
	0xf81f, 0xf81f, 0xf81f, 0xf81f, 0xf81f, 0xf81f, 0xf81f, 0xf81f, 0xf81f, 0xf81f, 0xf81f, 0xf81f,
	0xf81f, 0xf81f, 0xf81f, 0xf81f, 0xf81f, 0xf81f, 0xf81f, 0xf81f, 0xf81f, 0xf81f, 0xf81f, 0xf81f,
	0xf81f, 0xf81f, 0xf81f, 0xf81f, 0xf81f, 0xf81f, 0xf81f, 0xf81f, 0xf81f, 0xf81f, 0xf81f, 0xf81f,
	0xf81f, 0xf81f, 0xf81f, 0xf81f, 0xf81f, 0xf81f, 0xf81f, 0xf81f, 0xf81f, 0xf81f, 0xf81f, 0xf81f,
	0xf81f, 0xf81f, 0xf81f, 0xf81f, 0xf81f, 0xf81f, 0xf81f, 0xf81f, 0xf81f, 0xf81f, 0xf81f, 0xf81f,
	0xf81f, 0xf81f, 0xf81f, 0xf81f, 0x0000, 0x0000, 0x0000, 0x0000, 0x0000, 0x0000, 0x0000, 0x0000,
	0x0000, 0x0000, 0x0000, 0x0000, 0x0000, 0x0000, 0x0000, 0x0000, 0x0000, 0x0000, 0x0000, 0x0000,
	0x0000, 0x0000, 0x0000, 0x0000, 0x0000, 0x0000, 0x0000, 0x0000, 0x0000, 0x0000, 0x0000, 0x0000,
	0xf81f, 0x0841, 0x8c52, 0x8c52, 0x8c52, 0x8c52, 0x0841, 0xf81f, 0xf81f, 0xf81f, 0xf81f, 0xf81f,
	0xf81f, 0xf81f, 0xf81f, 0xf81f, 0xf81f, 0xf81f, 0xf81f, 0xf81f, 0xf81f, 0xf81f, 0xf81f, 0xf81f,
	0xf81f, 0xf81f, 0xf81f, 0xf81f, 0xf81f, 0xf81f, 0xf81f, 0xf81f, 0xf81f, 0xf81f, 0xf81f, 0xf81f,
	0xf81f, 0xf81f, 0xf81f, 0xf81f, 0xf81f, 0xf81f, 0xf81f, 0xf81f, 0xf81f, 0xf81f, 0xf81f, 0xf81f,
	0xf81f, 0xf81f, 0xf81f, 0xf81f, 0xf81f, 0xf81f, 0xf81f, 0xf81f, 0xf81f, 0xf81f, 0xf81f, 0xf81f,
	0xf81f, 0xf81f, 0xf81f, 0xf81f, 0xf81f, 0xf81f, 0xf81f, 0xf81f, 0xf81f, 0xf81f, 0xf81f, 0xf81f,
	0xf81f, 0xf81f, 0xf81f, 0xf81f, 0xf81f, 0xf81f, 0xf81f, 0xf81f, 0xf81f, 0xf81f, 0xf81f, 0xf81f,
	0xf81f, 0xf81f, 0xf81f, 0xf81f, 0xf81f, 0xf81f, 0xf81f, 0xf81f, 0xf81f, 0xf81f, 0xf81f, 0xf81f,
	0x0000, 0x0000, 0x0000, 0x0000, 0x0000, 0x0000, 0x0000, 0x0000, 0x0000, 0x0000, 0x0000, 0x0000,
	0x0000, 0x0000, 0x0000, 0x0000, 0x0000, 0x0000, 0x0000, 0x0000, 0x0000, 0x0000, 0x0000, 0x0000,
	0x0000, 0x0000, 0x0000, 0x0000, 0x0000, 0x0000, 0x0000, 0x0000, 0x0841, 0x8c52, 0xce59, 0x8c52,
	0x8c52, 0xce59, 0x8c52, 0x0841, 0xf81f, 0xf81f, 0xf81f, 0xf81f, 0xf81f, 0xf81f, 0xf81f, 0xf81f,
	0xf81f, 0xf81f, 0xf81f, 0xf81f, 0xf81f, 0xf81f, 0xf81f, 0xf81f, 0xf81f, 0xf81f, 0xf81f, 0xf81f,
	0xf81f, 0xf81f, 0xf81f, 0xf81f, 0xf81f, 0xf81f, 0xf81f, 0xf81f, 0xf81f, 0xf81f, 0xf81f, 0xf81f,
	0xf81f, 0xf81f, 0xf81f, 0xf81f, 0xf81f, 0xf81f, 0xf81f, 0xf81f, 0xf81f, 0xf81f, 0xf81f, 0xf81f,
	0xf81f, 0xf81f, 0xf81f, 0xf81f, 0xf81f, 0xf81f, 0xf81f, 0xf81f, 0xf81f, 0xf81f, 0xf81f, 0xf81f,
	0xf81f, 0xf81f, 0xf81f, 0xf81f, 0xf81f, 0xf81f, 0xf81f, 0xf81f, 0xf81f, 0xf81f, 0xf81f, 0xf81f,
	0xf81f, 0xf81f, 0xf81f, 0xf81f, 0xf81f, 0xf81f, 0xf81f, 0xf81f, 0xf81f, 0xf81f, 0xf81f, 0xf81f,
	0xf81f, 0xf81f, 0xf81f, 0xf81f, 0xf81f, 0xf81f, 0xf81f, 0xf81f, 0x0000, 0x0000, 0x0000, 0x0000,
	0x0000, 0x0000, 0x0000, 0x0000, 0x0000, 0x0000, 0x0000, 0x0000, 0x0000, 0x0000, 0x0000, 0x0000,
	0x0000, 0x0000, 0x0000, 0x0000, 0x0000, 0x0000, 0x0000, 0x0000, 0x0000, 0x0000, 0x0000, 0x0000,
	0x0000, 0x0000, 0x0000, 0x0000, 0x0841, 0xce59, 0x0841, 0x8c52, 0x8c52, 0x0841, 0xce59, 0x0841,
	0xf81f, 0xf81f, 0xf81f, 0xf81f, 0xf81f, 0xf81f, 0xf81f, 0xf81f, 0xf81f, 0xf81f, 0xf81f, 0xf81f,
	0xf81f, 0xf81f, 0xf81f, 0xf81f, 0xf81f, 0xf81f, 0xf81f, 0xf81f, 0xf81f, 0xf81f, 0xf81f, 0xf81f,
	0xf81f, 0xf81f, 0xf81f, 0xf81f, 0xf81f, 0xf81f, 0xf81f, 0xf81f, 0xf81f, 0xf81f, 0xf81f, 0xf81f,
	0xf81f, 0xf81f, 0xf81f, 0xf81f, 0xf81f, 0xf81f, 0xf81f, 0xf81f, 0xf81f, 0xf81f, 0xf81f, 0xf81f,
	0xf81f, 0xf81f, 0xf81f, 0xf81f, 0xf81f, 0xf81f, 0xf81f, 0xf81f, 0xf81f, 0xf81f, 0xf81f, 0xf81f,
	0xf81f, 0xf81f, 0xf81f, 0xf81f, 0xf81f, 0xf81f, 0xf81f, 0xf81f, 0xf81f, 0xf81f, 0xf81f, 0xf81f,
	0xf81f, 0xf81f, 0xf81f, 0xf81f, 0xf81f, 0xf81f, 0xf81f, 0xf81f, 0xf81f, 0xf81f, 0xf81f, 0xf81f,
	0xf81f, 0xf81f, 0xf81f, 0xf81f, 0x0000, 0x0000, 0x0000, 0x0000, 0x0000, 0x0000, 0x0000, 0x0000,
	0x0000, 0x0000, 0x0000, 0x0000, 0x0000, 0x0000, 0x0000, 0x0000, 0x0000, 0x0000, 0x0000, 0x0000,
	0x0000, 0x0000, 0x0000, 0x0000, 0x0000, 0x0000, 0x0000, 0x0000, 0x0000, 0x0000, 0x0000, 0x0000,
	0x10c3, 0xce59, 0x0841, 0x8c52, 0x8c52, 0x0841, 0xce59, 0x0841, 0xf81f, 0xf81f, 0xf81f, 0xf81f,
	0xf81f, 0xf81f, 0xf81f, 0xf81f, 0xf81f, 0xf81f, 0xf81f, 0xf81f, 0xf81f, 0xf81f, 0xf81f, 0xf81f,
	0xf81f, 0xf81f, 0xf81f, 0xf81f, 0xf81f, 0xf81f, 0xf81f, 0xf81f, 0xf81f, 0xf81f, 0xf81f, 0xf81f,
	0xf81f, 0xf81f, 0xf81f, 0xf81f, 0xf81f, 0xf81f, 0xf81f, 0xf81f, 0xf81f, 0xf81f, 0xf81f, 0xf81f,
	0xf81f, 0xf81f, 0xf81f, 0xf81f, 0xf81f, 0xf81f, 0xf81f, 0xf81f, 0xf81f, 0xf81f, 0xf81f, 0xf81f,
	0xf81f, 0xf81f, 0xf81f, 0xf81f, 0xf81f, 0xf81f, 0xf81f, 0xf81f, 0xf81f, 0xf81f, 0xf81f, 0xf81f,
	0xf81f, 0xf81f, 0xf81f, 0xf81f, 0xf81f, 0xf81f, 0xf81f, 0xf81f, 0xf81f, 0xf81f, 0xf81f, 0xf81f,
	0xf81f, 0xf81f, 0xf81f, 0xf81f, 0xf81f, 0xf81f, 0xf81f, 0xf81f, 0xf81f, 0xf81f, 0xf81f, 0xf81f,
	0x0000, 0x0000, 0x0000, 0x0000, 0x0000, 0x0000, 0x0000, 0x0000, 0x0000, 0x0000, 0x0000, 0x0000,
	0x0000, 0x0000, 0x0000, 0x0000, 0x0000, 0x0000, 0x0000, 0x0000, 0x0000, 0x0000, 0x0000, 0x0000,
	0x0000, 0x0000, 0x0000, 0x0000, 0x0000, 0x0000, 0x0000, 0x0000, 0x10c3, 0xce59, 0xce59, 0xce59,
	0xce59, 0xce59, 0xce59, 0x0841, 0xf81f, 0xf81f, 0xf81f, 0xf81f, 0xf81f, 0xf81f, 0xf81f, 0xf81f,
	0xf81f, 0xf81f, 0xf81f, 0xf81f, 0xf81f, 0xf81f, 0xf81f, 0xf81f, 0xf81f, 0xf81f, 0xf81f, 0xf81f,
	0xf81f, 0xf81f, 0xf81f, 0xf81f, 0xf81f, 0xf81f, 0xf81f, 0xf81f, 0xf81f, 0xf81f, 0xf81f, 0xf81f,
	0xf81f, 0xf81f, 0xf81f, 0xf81f, 0xf81f, 0xf81f, 0xf81f, 0xf81f, 0xf81f, 0xf81f, 0xf81f, 0xf81f,
	0xf81f, 0xf81f, 0xf81f, 0xf81f, 0xf81f, 0xf81f, 0xf81f, 0xf81f, 0xf81f, 0xf81f, 0xf81f, 0xf81f,
	0xf81f, 0xf81f, 0xf81f, 0xf81f, 0xf81f, 0xf81f, 0xf81f, 0xf81f, 0xf81f, 0xf81f, 0xf81f, 0xf81f,
	0xf81f, 0xf81f, 0xf81f, 0xf81f, 0xf81f, 0xf81f, 0xf81f, 0xf81f, 0xf81f, 0xf81f, 0xf81f, 0xf81f,
	0xf81f, 0xf81f, 0xf81f, 0xf81f, 0xf81f, 0xf81f, 0xf81f, 0xf81f, 0x0000, 0x0000, 0x0000, 0x0000,
	0x0000, 0x0000, 0x0000, 0x0000, 0x0000, 0x0000, 0x0000, 0x0000, 0x0000, 0x0000, 0x0000, 0x0000,
	0x0000, 0x0000, 0x0000, 0x0000, 0x0000, 0x0000, 0x0000, 0x0000, 0x0000, 0x0000, 0x0000, 0x0000,
	0x0000, 0x0000, 0x0000, 0x0000, 0x5acb, 0x0841, 0xce59, 0xce59, 0xce59, 0xce59, 0x0841, 0x5acb,
	0xf81f, 0xf81f, 0xf81f, 0xf81f, 0xf81f, 0xf81f, 0xf81f, 0xf81f, 0xf81f, 0xf81f, 0xf81f, 0xf81f,
	0xf81f, 0xf81f, 0xf81f, 0xf81f, 0xf81f, 0xf81f, 0xf81f, 0xf81f, 0xf81f, 0xf81f, 0xf81f, 0xf81f,
	0xf81f, 0xf81f, 0xf81f, 0xf81f, 0xf81f, 0xf81f, 0xf81f, 0xf81f, 0xf81f, 0xf81f, 0xf81f, 0xf81f,
	0xf81f, 0xf81f, 0xf81f, 0xf81f, 0xf81f, 0xf81f, 0xf81f, 0xf81f, 0xf81f, 0xf81f, 0xf81f, 0xf81f,
	0xf81f, 0xf81f, 0xf81f, 0xf81f, 0xf81f, 0xf81f, 0xf81f, 0xf81f, 0xf81f, 0xf81f, 0xf81f, 0xf81f,
	0xf81f, 0xf81f, 0xf81f, 0xf81f, 0xf81f, 0xf81f, 0xf81f, 0xf81f, 0xf81f, 0xf81f, 0xf81f, 0xf81f,
	0xf81f, 0xf81f, 0xf81f, 0xf81f, 0xf81f, 0xf81f, 0xf81f, 0xf81f, 0xf81f, 0xf81f, 0xf81f, 0xf81f,
	0xf81f, 0xf81f, 0xf81f, 0xf81f, 0x0000, 0x0000, 0x0000, 0x0000, 0x0000, 0x0000, 0x0000, 0x0000,
	0x0000, 0x0000, 0x0000, 0x0000, 0x0000, 0x0000, 0x0000, 0x0000, 0x0000, 0x0000, 0x0000, 0x0000,
	0x0000, 0x0000, 0x0000, 0x0000, 0x0000, 0x0000, 0x0000, 0x0000, 0x0000, 0x0000, 0x0000, 0x0000,
	0x5acb, 0x5acb, 0x0841, 0xecce, 0xecce, 0x0841, 0x5acb, 0x5acb, 0xf81f, 0xf81f, 0xf81f, 0xf81f,
	0xf81f, 0xf81f, 0xf81f, 0xf81f, 0xf81f, 0xf81f, 0xf81f, 0xf81f, 0xf81f, 0xf81f, 0xf81f, 0xf81f,
	0xf81f, 0xf81f, 0xf81f, 0xf81f, 0xf81f, 0xf81f, 0xf81f, 0xf81f, 0xf81f, 0xf81f, 0xf81f, 0xf81f,
	0xf81f, 0xf81f, 0xf81f, 0xf81f, 0xf81f, 0xf81f, 0xf81f, 0xf81f, 0xf81f, 0xf81f, 0xf81f, 0xf81f,
	0xf81f, 0xf81f, 0xf81f, 0xf81f, 0xf81f, 0xf81f, 0xf81f, 0xf81f, 0xf81f, 0xf81f, 0xf81f, 0xf81f,
	0xf81f, 0xf81f, 0xf81f, 0xf81f, 0xf81f, 0xf81f, 0xf81f, 0xf81f, 0xf81f, 0xf81f, 0xf81f, 0xf81f,
	0xf81f, 0xf81f, 0xf81f, 0xf81f, 0xf81f, 0xf81f, 0xf81f, 0xf81f, 0xf81f, 0xf81f, 0xf81f, 0xf81f,
	0xf81f, 0xf81f, 0xf81f, 0xf81f, 0xf81f, 0xf81f, 0xf81f, 0xf81f, 0xf81f, 0xf81f, 0xf81f, 0xf81f,
	0x0000, 0x0000, 0x0000, 0x0000, 0x0000, 0x0000, 0x0000, 0x0000, 0x0000, 0x0000, 0x0000, 0x0000,
	0x0000, 0x0000, 0x0000, 0x0000, 0xffdf, 0xf904, 0xf904, 0xf904, 0xf904, 0xf904, 0xf904, 0xf904,
	0xf904, 0xf904, 0xf904, 0xf904, 0xf904, 0xf904, 0xf904, 0x0000, 0xbdd7, 0x7bcf, 0x0000, 0x7bcf,
	0x7bcf, 0x7bcf, 0x7bcf, 0x7bcf, 0x7bcf, 0x7bcf, 0x7bcf, 0x7bcf, 0x7bcf, 0xf81f, 0x7bcf, 0x7bcf,
	0xf81f, 0x07c0, 0x07c0, 0x07c0, 0x07c0, 0x07c0, 0x07c0, 0xf81f, 0xf81f, 0xf81f, 0xf81f, 0xf81f,
	0xf81f, 0xf81f, 0xf81f, 0xf81f, 0xf81f, 0xf81f, 0xf81f, 0xf81f, 0xf81f, 0xf81f, 0xf81f, 0xf81f,
	0xf81f, 0xf81f, 0xf81f, 0xf81f, 0xf81f, 0xf81f, 0xf81f, 0xf81f, 0xf81f, 0xf81f, 0xf81f, 0xf81f,
	0xf81f, 0xf81f, 0xf81f, 0xf81f, 0xf81f, 0xf81f, 0xf81f, 0xf81f, 0xf81f, 0xf81f, 0xf81f, 0xf81f,
	0xf81f, 0xf81f, 0xf81f, 0xf81f, 0xf81f, 0xf81f, 0xf81f, 0xf81f, 0xf81f, 0xf81f, 0xf81f, 0xf81f,
	0xf81f, 0xf81f, 0xf81f, 0xf81f, 0xf81f, 0xf81f, 0xf81f, 0xf81f, 0xf81f, 0xf81f, 0xf81f, 0xf81f,
	0xf81f, 0xf81f, 0xf81f, 0xf81f, 0xf81f, 0xf81f, 0xf81f, 0xf81f, 0x0000, 0x0000, 0x0000, 0x0000,
	0x0000, 0x0000, 0x0000, 0x0000, 0x0000, 0x0000, 0x0000, 0x0000, 0x0000, 0x0000, 0x0000, 0x0000,
	0xf904, 0xb000, 0xb000, 0x6800, 0xb000, 0xb000, 0x6800, 0x6800, 0x6800, 0x6800, 0x6800, 0x6800,
	0x6800, 0x6800, 0x6800, 0x0000, 0x7bcf, 0x7bcf, 0x7bcf, 0x7bcf, 0x7bcf, 0x7bcf, 0x7bcf, 0xbdd7,
	0x7bcf, 0x7bcf, 0x7bcf, 0x7bcf, 0x7bcf, 0x7bcf, 0x7bcf, 0x7bcf, 0x07c0, 0xf81f, 0xf81f, 0xf81f,
	0xf81f, 0xf81f, 0xf81f, 0x07c0, 0xf81f, 0xf81f, 0xf81f, 0xf81f, 0xf81f, 0xf81f, 0xf81f, 0xf81f,
	0xf81f, 0xf81f, 0xf81f, 0xf81f, 0xf81f, 0xf81f, 0xf81f, 0xf81f, 0xf81f, 0xf81f, 0xf81f, 0xf81f,
	0xf81f, 0xf81f, 0xf81f, 0xf81f, 0xf81f, 0xf81f, 0xf81f, 0xf81f, 0xf81f, 0xf81f, 0xf81f, 0xf81f,
	0xf81f, 0xf81f, 0xf81f, 0xf81f, 0xf81f, 0xf81f, 0xf81f, 0xf81f, 0xf81f, 0xf81f, 0xf81f, 0xf81f,
	0xf81f, 0xf81f, 0xf81f, 0xf81f, 0xf81f, 0xf81f, 0xf81f, 0xf81f, 0xf81f, 0xf81f, 0xf81f, 0xf81f,
	0xf81f, 0xf81f, 0xf81f, 0xf81f, 0xf81f, 0xf81f, 0xf81f, 0xf81f, 0xf81f, 0xf81f, 0xf81f, 0xf81f,
	0xf81f, 0xf81f, 0xf81f, 0xf81f, 0x0000, 0x0000, 0x0000, 0x0000, 0x0000, 0x0000, 0x0000, 0x0000,
	0x0000, 0x0000, 0x0000, 0x0000, 0x0000, 0x0000, 0x0000, 0x0000, 0xf904, 0xb000, 0x6800, 0xb000,
	0x6800, 0x6800, 0x6800, 0x6800, 0x6800, 0x6800, 0x6800, 0x6800, 0x6800, 0x6800, 0x6800, 0x0000,
	0x7bcf, 0x7bcf, 0x7bcf, 0x7bcf, 0x7bcf, 0x7bcf, 0x7bcf, 0x7bcf, 0x0000, 0x7bcf, 0x7bcf, 0x7bcf,
	0x7bcf, 0x7bcf, 0xbdd7, 0x7bcf, 0x07c0, 0xf81f, 0xf81f, 0xf81f, 0xf81f, 0xf81f, 0x07c0, 0x07c0,
	0xf81f, 0xf81f, 0xf81f, 0xf81f, 0xf81f, 0xf81f, 0xf81f, 0xf81f, 0xf81f, 0xf81f, 0xf81f, 0xf81f,
	0xf81f, 0xf81f, 0xf81f, 0xf81f, 0xf81f, 0xf81f, 0xf81f, 0xf81f, 0xf81f, 0xf81f, 0xf81f, 0xf81f,
	0xf81f, 0xf81f, 0xf81f, 0xf81f, 0xf81f, 0xf81f, 0xf81f, 0xf81f, 0xf81f, 0xf81f, 0xf81f, 0xf81f,
	0xf81f, 0xf81f, 0xf81f, 0xf81f, 0xf81f, 0xf81f, 0xf81f, 0xf81f, 0xf81f, 0xf81f, 0xf81f, 0xf81f,
	0xf81f, 0xf81f, 0xf81f, 0xf81f, 0xf81f, 0xf81f, 0xf81f, 0xf81f, 0xf81f, 0xf81f, 0xf81f, 0xf81f,
	0xf81f, 0xf81f, 0xf81f, 0xf81f, 0xf81f, 0xf81f, 0xf81f, 0xf81f, 0xf81f, 0xf81f, 0xf81f, 0xf81f,
	0x0000, 0x0000, 0x0000, 0x0000, 0x0000, 0x0000, 0x0000, 0x0000, 0x0000, 0x0000, 0x0000, 0x0000,
	0x0000, 0x0000, 0x0000, 0x0000, 0xf904, 0xb000, 0x6800, 0x6800, 0x6800, 0x6800, 0x6800, 0x6800,
	0x6800, 0x6800, 0x6800, 0x6800, 0x6800, 0x6800, 0x6800, 0x0000, 0x7bcf, 0x7bcf, 0x7bcf, 0x7bcf,
	0x7bcf, 0x7bcf, 0x7bcf, 0x7bcf, 0x7bcf, 0x7bcf, 0x7bcf, 0xbdd7, 0x7bcf, 0x7bcf, 0x7bcf, 0x7bcf,
	0x07c0, 0xf81f, 0xf81f, 0xf81f, 0xf81f, 0x07c0, 0xf81f, 0x07c0, 0xf81f, 0xf81f, 0xf81f, 0xf81f,
	0xf81f, 0xf81f, 0xf81f, 0xf81f, 0xf81f, 0xf81f, 0xf81f, 0xf81f, 0xf81f, 0xf81f, 0xf81f, 0xf81f,
	0xf81f, 0xf81f, 0xf81f, 0xf81f, 0xf81f, 0xf81f, 0xf81f, 0xf81f, 0xf81f, 0xf81f, 0xf81f, 0xf81f,
	0xf81f, 0xf81f, 0xf81f, 0xf81f, 0xf81f, 0xf81f, 0xf81f, 0xf81f, 0xf81f, 0xf81f, 0xf81f, 0xf81f,
	0xf81f, 0xf81f, 0xf81f, 0xf81f, 0xf81f, 0xf81f, 0xf81f, 0xf81f, 0xf81f, 0xf81f, 0xf81f, 0xf81f,
	0xf81f, 0xf81f, 0xf81f, 0xf81f, 0xf81f, 0xf81f, 0xf81f, 0xf81f, 0xf81f, 0xf81f, 0xf81f, 0xf81f,
	0xf81f, 0xf81f, 0xf81f, 0xf81f, 0xf81f, 0xf81f, 0xf81f, 0xf81f, 0x0000, 0x0000, 0x0000, 0x0000,
	0x0000, 0x0000, 0x0000, 0x0000, 0x0000, 0x0000, 0x0000, 0x0000, 0x0000, 0x0000, 0x0000, 0x0000,
	0xf904, 0x6800, 0x6800, 0x6800, 0x6800, 0x6800, 0x6800, 0x6800, 0x6800, 0x6800, 0x6800, 0x6800,
	0x6800, 0x6800, 0x4800, 0x0000, 0x7bcf, 0x0000, 0x7bcf, 0x7bcf, 0x7bcf, 0xbdd7, 0x7bcf, 0x0000,
	0x7bcf, 0x7bcf, 0x7bcf, 0x7bcf, 0x7bcf, 0x0000, 0x7bcf, 0x7bcf, 0x07c0, 0xf81f, 0x07c0, 0xf81f,
	0x07c0, 0xf81f, 0xf81f, 0x07c0, 0xf81f, 0xf81f, 0xf81f, 0xf81f, 0xf81f, 0xf81f, 0xf81f, 0xf81f,
	0xf81f, 0xf81f, 0xf81f, 0xf81f, 0xf81f, 0xf81f, 0xf81f, 0xf81f, 0xf81f, 0xf81f, 0xf81f, 0xf81f,
	0xf81f, 0xf81f, 0xf81f, 0xf81f, 0xf81f, 0xf81f, 0xf81f, 0xf81f, 0xf81f, 0xf81f, 0xf81f, 0xf81f,
	0xf81f, 0xf81f, 0xf81f, 0xf81f, 0xf81f, 0xf81f, 0xf81f, 0xf81f, 0xf81f, 0xf81f, 0xf81f, 0xf81f,
	0xf81f, 0xf81f, 0xf81f, 0xf81f, 0xf81f, 0xf81f, 0xf81f, 0xf81f, 0xf81f, 0xf81f, 0xf81f, 0xf81f,
	0xf81f, 0xf81f, 0xf81f, 0xf81f, 0xf81f, 0xf81f, 0xf81f, 0xf81f, 0xf81f, 0xf81f, 0xf81f, 0xf81f,
	0xf81f, 0xf81f, 0xf81f, 0xf81f, 0x0000, 0x0000, 0x0000, 0x0000, 0x0000, 0x0000, 0x0000, 0x0000,
	0x0000, 0x0000, 0x0000, 0x0000, 0x0000, 0x0000, 0x0000, 0x0000, 0xf904, 0x6800, 0x6800, 0x6800,
	0x6800, 0x6800, 0x6800, 0x6800, 0x6800, 0x6800, 0x6800, 0x6800, 0x6800, 0x4800, 0x4800, 0x0000,
	0x7bcf, 0x7bcf, 0x7bcf, 0x7bcf, 0x7bcf, 0x7bcf, 0x7bcf, 0x7bcf, 0xbdd7, 0x7bcf, 0x7bcf, 0x7bcf,
	0x7bcf, 0x7bcf, 0x7bcf, 0x7bcf, 0x07c0, 0xf81f, 0xf81f, 0x07c0, 0xf81f, 0xf81f, 0xf81f, 0x07c0,
	0xf81f, 0xf81f, 0xf81f, 0xf81f, 0xf81f, 0xf81f, 0xf81f, 0xf81f, 0xf81f, 0xf81f, 0xf81f, 0xf81f,
	0xf81f, 0xf81f, 0xf81f, 0xf81f, 0xf81f, 0xf81f, 0xf81f, 0xf81f, 0xf81f, 0xf81f, 0xf81f, 0xf81f,
	0xf81f, 0xf81f, 0xf81f, 0xf81f, 0xf81f, 0xf81f, 0xf81f, 0xf81f, 0xf81f, 0xf81f, 0xf81f, 0xf81f,
	0xf81f, 0xf81f, 0xf81f, 0xf81f, 0xf81f, 0xf81f, 0xf81f, 0xf81f, 0xf81f, 0xf81f, 0xf81f, 0xf81f,
	0xf81f, 0xf81f, 0xf81f, 0xf81f, 0xf81f, 0xf81f, 0xf81f, 0xf81f, 0xf81f, 0xf81f, 0xf81f, 0xf81f,
	0xf81f, 0xf81f, 0xf81f, 0xf81f, 0xf81f, 0xf81f, 0xf81f, 0xf81f, 0xf81f, 0xf81f, 0xf81f, 0xf81f,
	0x0000, 0x0000, 0x0000, 0x0000, 0x0000, 0x0000, 0x0000, 0x0000, 0x0000, 0x0000, 0x0000, 0x0000,
	0x0000, 0x0000, 0x0000, 0x0000, 0xf904, 0x6800, 0x6800, 0x6800, 0x6800, 0x6800, 0x6800, 0x6800,
	0x6800, 0x4800, 0x6800, 0x4800, 0x6800, 0x4800, 0x4800, 0x0000, 0x7bcf, 0x7bcf, 0x7bcf, 0x7bcf,
	0x7bcf, 0x7bcf, 0x7bcf, 0x7bcf, 0x7bcf, 0x7bcf, 0x7bcf, 0x0000, 0x7bcf, 0x7bcf, 0x7bcf, 0x7bcf,
	0x07c0, 0xf81f, 0xf81f, 0xf81f, 0xf81f, 0xf81f, 0xf81f, 0x07c0, 0xf81f, 0xf81f, 0xf81f, 0xf81f,
	0xf81f, 0xf81f, 0xf81f, 0xf81f, 0xf81f, 0xf81f, 0xf81f, 0xf81f, 0xf81f, 0xf81f, 0xf81f, 0xf81f,
	0xf81f, 0xf81f, 0xf81f, 0xf81f, 0xf81f, 0xf81f, 0xf81f, 0xf81f, 0xf81f, 0xf81f, 0xf81f, 0xf81f,
	0xf81f, 0xf81f, 0xf81f, 0xf81f, 0xf81f, 0xf81f, 0xf81f, 0xf81f, 0xf81f, 0xf81f, 0xf81f, 0xf81f,
	0xf81f, 0xf81f, 0xf81f, 0xf81f, 0xf81f, 0xf81f, 0xf81f, 0xf81f, 0xf81f, 0xf81f, 0xf81f, 0xf81f,
	0xf81f, 0xf81f, 0xf81f, 0xf81f, 0xf81f, 0xf81f, 0xf81f, 0xf81f, 0xf81f, 0xf81f, 0xf81f, 0xf81f,
	0xf81f, 0xf81f, 0xf81f, 0xf81f, 0xf81f, 0xf81f, 0xf81f, 0xf81f, 0x0000, 0x0000, 0x0000, 0x0000,
	0x0000, 0x0000, 0x0000, 0x0000, 0x0000, 0x0000, 0x0000, 0x0000, 0x0000, 0x0000, 0x0000, 0x0000,
	0x0000, 0x0000, 0x0000, 0x0000, 0x0000, 0x0000, 0x0000, 0x0000, 0x0000, 0x0000, 0x0000, 0x0000,
	0x0000, 0x0000, 0x0000, 0x0000, 0x7bcf, 0x7bcf, 0x7bcf, 0x7bcf, 0x0000, 0x7bcf, 0x7bcf, 0x7bcf,
	0x7bcf, 0x7bcf, 0x7bcf, 0x7bcf, 0x7bcf, 0x7bcf, 0x7bcf, 0x7bcf, 0xf81f, 0x07c0, 0x07c0, 0x07c0,
	0x07c0, 0x07c0, 0x07c0, 0xf81f, 0xf81f, 0xf81f, 0xf81f, 0xf81f, 0xf81f, 0xf81f, 0xf81f, 0xf81f,
	0xf81f, 0xf81f, 0xf81f, 0xf81f, 0xf81f, 0xf81f, 0xf81f, 0xf81f, 0xf81f, 0xf81f, 0xf81f, 0xf81f,
	0xf81f, 0xf81f, 0xf81f, 0xf81f, 0xf81f, 0xf81f, 0xf81f, 0xf81f, 0xf81f, 0xf81f, 0xf81f, 0xf81f,
	0xf81f, 0xf81f, 0xf81f, 0xf81f, 0xf81f, 0xf81f, 0xf81f, 0xf81f, 0xf81f, 0xf81f, 0xf81f, 0xf81f,
	0xf81f, 0xf81f, 0xf81f, 0xf81f, 0xf81f, 0xf81f, 0xf81f, 0xf81f, 0xf81f, 0xf81f, 0xf81f, 0xf81f,
	0xf81f, 0xf81f, 0xf81f, 0xf81f, 0xf81f, 0xf81f, 0xf81f, 0xf81f, 0xf81f, 0xf81f, 0xf81f, 0xf81f,
	0xf81f, 0xf81f, 0xf81f, 0xf81f, 0x0000, 0x0000, 0x0000, 0x0000, 0x0000, 0x0000, 0x0000, 0x0000,
	0x0000, 0x0000, 0x0000, 0x0000, 0x0000, 0x0000, 0x0000, 0x0000, 0xf904, 0xf904, 0xf904, 0xf904,
	0xf904, 0xf904, 0xf904, 0x0000, 0xffdf, 0xf904, 0xf904, 0xf904, 0xf904, 0xf904, 0xf904, 0xf904,
	0x7bcf, 0xbdd7, 0x7bcf, 0x7bcf, 0x7bcf, 0x7bcf, 0xbdd7, 0x7bcf, 0x7bcf, 0x7bcf, 0x7bcf, 0xbdd7,
	0x7bcf, 0x7bcf, 0x7bcf, 0xf81f, 0xf81f, 0xf81f, 0xf81f, 0xf81f, 0xf81f, 0xf81f, 0xf81f, 0xf81f,
	0xf81f, 0xf81f, 0xf81f, 0xf81f, 0xf81f, 0xf81f, 0xf81f, 0xf81f, 0xf81f, 0xf81f, 0xf81f, 0xf81f,
	0xf81f, 0xf81f, 0xf81f, 0xf81f, 0xf81f, 0xf81f, 0xf81f, 0xf81f, 0xf81f, 0xf81f, 0xf81f, 0xf81f,
	0xf81f, 0xf81f, 0xf81f, 0xf81f, 0xf81f, 0xf81f, 0xf81f, 0xf81f, 0xf81f, 0xf81f, 0xf81f, 0xf81f,
	0xf81f, 0xf81f, 0xf81f, 0xf81f, 0xf81f, 0xf81f, 0xf81f, 0xf81f, 0xf81f, 0xf81f, 0xf81f, 0xf81f,
	0xf81f, 0xf81f, 0xf81f, 0xf81f, 0xf81f, 0xf81f, 0xf81f, 0xf81f, 0xf81f, 0xf81f, 0xf81f, 0xf81f,
	0xf81f, 0xf81f, 0xf81f, 0xf81f, 0xf81f, 0xf81f, 0xf81f, 0xf81f, 0xf81f, 0xf81f, 0xf81f, 0xf81f,
	0x0000, 0x0000, 0x0000, 0x0000, 0x0000, 0x0000, 0x0000, 0x0000, 0x0000, 0x0000, 0x0000, 0x0000,
	0x0000, 0x0000, 0x0000, 0x0000, 0x6800, 0x6800, 0x6800, 0x6800, 0x6800, 0x6800, 0x6800, 0x0000,
	0xf904, 0xb000, 0xb000, 0x6800, 0xb000, 0xb000, 0x6800, 0x6800, 0x7bcf, 0x7bcf, 0x7bcf, 0x7bcf,
	0x7bcf, 0x7bcf, 0x7bcf, 0x7bcf, 0x0000, 0x7bcf, 0x7bcf, 0x7bcf, 0x7bcf, 0x7bcf, 0x7bcf, 0xbdd7,
	0xf81f, 0xf81f, 0xf81f, 0xf81f, 0xf81f, 0xf81f, 0xf81f, 0xf81f, 0xf81f, 0xf81f, 0xf81f, 0xf81f,
	0xf81f, 0xf81f, 0xf81f, 0xf81f, 0xf81f, 0xf81f, 0xf81f, 0xf81f, 0xf81f, 0xf81f, 0xf81f, 0xf81f,
	0xf81f, 0xf81f, 0xf81f, 0xf81f, 0xf81f, 0xf81f, 0xf81f, 0xf81f, 0xf81f, 0xf81f, 0xf81f, 0xf81f,
	0xf81f, 0xf81f, 0xf81f, 0xf81f, 0xf81f, 0xf81f, 0xf81f, 0xf81f, 0xf81f, 0xf81f, 0xf81f, 0xf81f,
	0xf81f, 0xf81f, 0xf81f, 0xf81f, 0xf81f, 0xf81f, 0xf81f, 0xf81f, 0xf81f, 0xf81f, 0xf81f, 0xf81f,
	0xf81f, 0xf81f, 0xf81f, 0xf81f, 0xf81f, 0xf81f, 0xf81f, 0xf81f, 0xf81f, 0xf81f, 0xf81f, 0xf81f,
	0xf81f, 0xf81f, 0xf81f, 0xf81f, 0xf81f, 0xf81f, 0xf81f, 0xf81f, 0x0000, 0x0000, 0x0000, 0x0000,
	0x0000, 0x0000, 0x0000, 0x0000, 0x0000, 0x0000, 0x0000, 0x0000, 0x0000, 0x0000, 0x0000, 0x0000,
	0x6800, 0x6800, 0x6800, 0x6800, 0x6800, 0x6800, 0x6800, 0x0000, 0xf904, 0xb000, 0x6800, 0xb000,
	0x6800, 0x6800, 0x6800, 0x6800, 0x7bcf, 0x7bcf, 0x7bcf, 0x7bcf, 0x0000, 0x7bcf, 0x7bcf, 0x7bcf,
	0x7bcf, 0x7bcf, 0x7bcf, 0x7bcf, 0x7bcf, 0x7bcf, 0x7bcf, 0x7bcf, 0xf81f, 0xf81f, 0xf81f, 0xf81f,
	0xf81f, 0xf81f, 0xf81f, 0xf81f, 0xf81f, 0xf81f, 0xf81f, 0xf81f, 0xf81f, 0xf81f, 0xf81f, 0xf81f,
	0xf81f, 0xf81f, 0xf81f, 0xf81f, 0xf81f, 0xf81f, 0xf81f, 0xf81f, 0xf81f, 0xf81f, 0xf81f, 0xf81f,
	0xf81f, 0xf81f, 0xf81f, 0xf81f, 0xf81f, 0xf81f, 0xf81f, 0xf81f, 0xf81f, 0xf81f, 0xf81f, 0xf81f,
	0xf81f, 0xf81f, 0xf81f, 0xf81f, 0xf81f, 0xf81f, 0xf81f, 0xf81f, 0xf81f, 0xf81f, 0xf81f, 0xf81f,
	0xf81f, 0xf81f, 0xf81f, 0xf81f, 0xf81f, 0xf81f, 0xf81f, 0xf81f, 0xf81f, 0xf81f, 0xf81f, 0xf81f,
	0xf81f, 0xf81f, 0xf81f, 0xf81f, 0xf81f, 0xf81f, 0xf81f, 0xf81f, 0xf81f, 0xf81f, 0xf81f, 0xf81f,
	0xf81f, 0xf81f, 0xf81f, 0xf81f, 0x0000, 0x0000, 0x0000, 0x0000, 0x0000, 0x0000, 0x0000, 0x0000,
	0x0000, 0x0000, 0x0000, 0x0000, 0x0000, 0x0000, 0x0000, 0x0000, 0x6800, 0x6800, 0x6800, 0x6800,
	0x6800, 0x6800, 0x6800, 0x0000, 0xf904, 0xb000, 0x6800, 0x6800, 0x6800, 0x6800, 0x6800, 0x6800,
	0x0000, 0x7bcf, 0x7bcf, 0x7bcf, 0x7bcf, 0xbdd7, 0x7bcf, 0x7bcf, 0x7bcf, 0x7bcf, 0x7bcf, 0x7bcf,
	0x0000, 0x7bcf, 0x7bcf, 0x7bcf, 0xf81f, 0xf81f, 0xf81f, 0xf81f, 0xf81f, 0xf81f, 0xf81f, 0xf81f,
	0xf81f, 0xf81f, 0xf81f, 0xf81f, 0xf81f, 0xf81f, 0xf81f, 0xf81f, 0xf81f, 0xf81f, 0xf81f, 0xf81f,
	0xf81f, 0xf81f, 0xf81f, 0xf81f, 0xf81f, 0xf81f, 0xf81f, 0xf81f, 0xf81f, 0xf81f, 0xf81f, 0xf81f,
	0xf81f, 0xf81f, 0xf81f, 0xf81f, 0xf81f, 0xf81f, 0xf81f, 0xf81f, 0xf81f, 0xf81f, 0xf81f, 0xf81f,
	0xf81f, 0xf81f, 0xf81f, 0xf81f, 0xf81f, 0xf81f, 0xf81f, 0xf81f, 0xf81f, 0xf81f, 0xf81f, 0xf81f,
	0xf81f, 0xf81f, 0xf81f, 0xf81f, 0xf81f, 0xf81f, 0xf81f, 0xf81f, 0xf81f, 0xf81f, 0xf81f, 0xf81f,
	0xf81f, 0xf81f, 0xf81f, 0xf81f, 0xf81f, 0xf81f, 0xf81f, 0xf81f, 0xf81f, 0xf81f, 0xf81f, 0xf81f,
	0x0000, 0x0000, 0x0000, 0x0000, 0x0000, 0x0000, 0x0000, 0x0000, 0x0000, 0x0000, 0x0000, 0x0000,
	0x0000, 0x0000, 0x0000, 0x0000, 0x6800, 0x6800, 0x6800, 0x6800, 0x6800, 0x6800, 0x4800, 0x0000,
	0xf904, 0x6800, 0x6800, 0x6800, 0x6800, 0x6800, 0x6800, 0x6800, 0x7bcf, 0x7bcf, 0x7bcf, 0x7bcf,
	0x7bcf, 0x7bcf, 0x7bcf, 0x7bcf, 0xbdd7, 0x7bcf, 0x7bcf, 0x7bcf, 0x7bcf, 0x7bcf, 0x7bcf, 0x7bcf,
	0xf81f, 0xf81f, 0xf81f, 0xf81f, 0xf81f, 0xf81f, 0xf81f, 0xf81f, 0xf81f, 0xf81f, 0xf81f, 0xf81f,
	0xf81f, 0xf81f, 0xf81f, 0xf81f, 0xf81f, 0xf81f, 0xf81f, 0xf81f, 0xf81f, 0xf81f, 0xf81f, 0xf81f,
	0xf81f, 0xf81f, 0xf81f, 0xf81f, 0xf81f, 0xf81f, 0xf81f, 0xf81f, 0xf81f, 0xf81f, 0xf81f, 0xf81f,
	0xf81f, 0xf81f, 0xf81f, 0xf81f, 0xf81f, 0xf81f, 0xf81f, 0xf81f, 0xf81f, 0xf81f, 0xf81f, 0xf81f,
	0xf81f, 0xf81f, 0xf81f, 0xf81f, 0xf81f, 0xf81f, 0xf81f, 0xf81f, 0xf81f, 0xf81f, 0xf81f, 0xf81f,
	0xf81f, 0xf81f, 0xf81f, 0xf81f, 0xf81f, 0xf81f, 0xf81f, 0xf81f, 0xf81f, 0xf81f, 0xf81f, 0xf81f,
	0xf81f, 0xf81f, 0xf81f, 0xf81f, 0xf81f, 0xf81f, 0xf81f, 0xf81f, 0x0000, 0x0000, 0x0000, 0x0000,
	0x0000, 0x0000, 0x0000, 0x0000, 0x0000, 0x0000, 0x0000, 0x0000, 0x0000, 0x0000, 0x0000, 0x0000,
	0x6800, 0x6800, 0x6800, 0x6800, 0x6800, 0x4800, 0x4800, 0x0000, 0xf904, 0x6800, 0x6800, 0x6800,
	0x6800, 0x6800, 0x6800, 0x6800, 0x7bcf, 0x7bcf, 0x0000, 0x7bcf, 0x7bcf, 0x7bcf, 0x7bcf, 0x0000,
	0x7bcf, 0x7bcf, 0x7bcf, 0x7bcf, 0x7bcf, 0x7bcf, 0x7bcf, 0x7bcf, 0xf81f, 0xf81f, 0xf81f, 0xf81f,
	0xf81f, 0xf81f, 0xf81f, 0xf81f, 0xf81f, 0xf81f, 0xf81f, 0xf81f, 0xf81f, 0xf81f, 0xf81f, 0xf81f,
	0xf81f, 0xf81f, 0xf81f, 0xf81f, 0xf81f, 0xf81f, 0xf81f, 0xf81f, 0xf81f, 0xf81f, 0xf81f, 0xf81f,
	0xf81f, 0xf81f, 0xf81f, 0xf81f, 0xf81f, 0xf81f, 0xf81f, 0xf81f, 0xf81f, 0xf81f, 0xf81f, 0xf81f,
	0xf81f, 0xf81f, 0xf81f, 0xf81f, 0xf81f, 0xf81f, 0xf81f, 0xf81f, 0xf81f, 0xf81f, 0xf81f, 0xf81f,
	0xf81f, 0xf81f, 0xf81f, 0xf81f, 0xf81f, 0xf81f, 0xf81f, 0xf81f, 0xf81f, 0xf81f, 0xf81f, 0xf81f,
	0xf81f, 0xf81f, 0xf81f, 0xf81f, 0xf81f, 0xf81f, 0xf81f, 0xf81f, 0xf81f, 0xf81f, 0xf81f, 0xf81f,
	0xf81f, 0xf81f, 0xf81f, 0xf81f, 0x0000, 0x0000, 0x0000, 0x0000, 0x0000, 0x0000, 0x0000, 0x0000,
	0x0000, 0x0000, 0x0000, 0x0000, 0x0000, 0x0000, 0x0000, 0x0000, 0x6800, 0x4800, 0x6800, 0x4800,
	0x6800, 0x4800, 0x4800, 0x0000, 0xf904, 0x6800, 0x6800, 0x6800, 0x6800, 0x6800, 0x6800, 0x6800,
	0x7bcf, 0xbdd7, 0x7bcf, 0x7bcf, 0x7bcf, 0x7bcf, 0x7bcf, 0x7bcf, 0x7bcf, 0x7bcf, 0x7bcf, 0x7bcf,
	0x7bcf, 0x7bcf, 0x0000, 0x7bcf, 0xf81f, 0xf81f, 0xf81f, 0xf81f, 0xf81f, 0xf81f, 0xf81f, 0xf81f,
	0xf81f, 0xf81f, 0xf81f, 0xf81f, 0xf81f, 0xf81f, 0xf81f, 0xf81f, 0xf81f, 0xf81f, 0xf81f, 0xf81f,
	0xf81f, 0xf81f, 0xf81f, 0xf81f, 0xf81f, 0xf81f, 0xf81f, 0xf81f, 0xf81f, 0xf81f, 0xf81f, 0xf81f,
	0xf81f, 0xf81f, 0xf81f, 0xf81f, 0xf81f, 0xf81f, 0xf81f, 0xf81f, 0xf81f, 0xf81f, 0xf81f, 0xf81f,
	0xf81f, 0xf81f, 0xf81f, 0xf81f, 0xf81f, 0xf81f, 0xf81f, 0xf81f, 0xf81f, 0xf81f, 0xf81f, 0xf81f,
	0xf81f, 0xf81f, 0xf81f, 0xf81f, 0xf81f, 0xf81f, 0xf81f, 0xf81f, 0xf81f, 0xf81f, 0xf81f, 0xf81f,
	0xf81f, 0xf81f, 0xf81f, 0xf81f, 0xf81f, 0xf81f, 0xf81f, 0xf81f, 0xf81f, 0xf81f, 0xf81f, 0xf81f,
	0x0000, 0x0000, 0x0000, 0x0000, 0x0000, 0x0000, 0x0000, 0x0000, 0x0000, 0x0000, 0x0000, 0x0000,
	0x0000, 0x0000, 0x0000, 0x0000, 0x0000, 0x0000, 0x0000, 0x0000, 0x0000, 0x0000, 0x0000, 0x0000,
	0x0000, 0x0000, 0x0000, 0x0000, 0x0000, 0x0000, 0x0000, 0x0000, 0x7bcf, 0x7bcf, 0x7bcf, 0x7bcf,
	0x7bcf, 0x7bcf, 0x7bcf, 0x7bcf, 0x7bcf, 0x7bcf, 0x0000, 0x7bcf, 0x7bcf, 0xbdd7, 0x7bcf, 0x7bcf,
	0xf81f, 0xf81f, 0xf81f, 0xf81f, 0xf81f, 0xf81f, 0xf81f, 0xf81f, 0xf81f, 0xf81f, 0xf81f, 0xf81f,
	0xf81f, 0xf81f, 0xf81f, 0xf81f, 0xf81f, 0xf81f, 0xf81f, 0xf81f, 0xf81f, 0xf81f, 0xf81f, 0xf81f,
	0xf81f, 0xf81f, 0xf81f, 0xf81f, 0xf81f, 0xf81f, 0xf81f, 0xf81f, 0xf81f, 0xf81f, 0xf81f, 0xf81f,
	0xf81f, 0xf81f, 0xf81f, 0xf81f, 0xf81f, 0xf81f, 0xf81f, 0xf81f, 0xf81f, 0xf81f, 0xf81f, 0xf81f,
	0xf81f, 0xf81f, 0xf81f, 0xf81f, 0xf81f, 0xf81f, 0xf81f, 0xf81f, 0xf81f, 0xf81f, 0xf81f, 0xf81f,
	0xf81f, 0xf81f, 0xf81f, 0xf81f, 0xf81f, 0xf81f, 0xf81f, 0xf81f, 0xf81f, 0xf81f, 0xf81f, 0xf81f,
	0xf81f, 0xf81f, 0xf81f, 0xf81f, 0xf81f, 0xf81f, 0xf81f, 0xf81f, 0xf81f, 0xf81f, 0xf81f, 0xf81f,
	0x0841, 0x0841, 0x0841, 0xf81f, 0xf81f, 0x0841, 0x0841, 0x0841, 0xf81f, 0xf81f, 0xf81f, 0xf81f,
	0xf81f, 0xf81f, 0xf81f, 0xf81f, 0xf81f, 0xf81f, 0x0841, 0x0841, 0xf81f, 0x0841, 0x0841, 0x0841,
	0x1041, 0xf81f, 0xf81f, 0xf81f, 0xf81f, 0xf81f, 0xf81f, 0xf81f, 0x0841, 0x0841, 0x0841, 0xf81f,
	0xf81f, 0x0841, 0x0841, 0x0841, 0xf81f, 0xf81f, 0xecce, 0xf81f, 0xf81f, 0xf81f, 0xf81f, 0x1041,
	0x0841, 0x0841, 0x0841, 0xf81f, 0x0841, 0x0841, 0xf81f, 0xf81f, 0xf81f, 0xf81f, 0xf81f, 0xf81f,
	0xf81f, 0xf81f, 0xf81f, 0xf81f, 0x0841, 0x0841, 0x0841, 0xf81f, 0xf81f, 0x0841, 0x0841, 0x0841,
	0xf81f, 0xf81f, 0xf81f, 0xf81f, 0xf81f, 0xf81f, 0xf81f, 0xf81f, 0xf81f, 0xf81f, 0x0841, 0x0841,
	0xf81f, 0x0841, 0x0841, 0x0841, 0x1041, 0xf81f, 0xf81f, 0xf81f, 0xf81f, 0xecce, 0xf81f, 0xf81f,
	0x0841, 0x0841, 0x0841, 0xf81f, 0xf81f, 0x0841, 0x0841, 0x0841, 0xf81f, 0xf81f, 0xf81f, 0xf81f,
	0xf81f, 0xf81f, 0xf81f, 0x1041, 0x0841, 0x0841, 0x0841, 0xf81f, 0x0841, 0x0841, 0xf81f, 0xf81f,
	0xf81f, 0xf81f, 0xf81f, 0xf81f, 0xf81f, 0xf81f, 0xf81f, 0xf81f, 0x0841, 0x0841, 0x0841, 0x5acb,
	0x5acb, 0x0841, 0x0841, 0x0841, 0xf81f, 0xf81f, 0xf81f, 0xf81f, 0xf81f, 0xf81f, 0xf81f, 0xf81f,
	0xf81f, 0xf81f, 0x0841, 0x0841, 0x0841, 0x8c52, 0x8c52, 0x8c52, 0x9452, 0x1041, 0xf81f, 0xf81f,
	0xf81f, 0xf81f, 0xf81f, 0xf81f, 0x0841, 0x0841, 0x0841, 0x5acb, 0x5acb, 0x0841, 0x0841, 0x0841,
	0xf81f, 0xecce, 0xf81f, 0xf81f, 0xf81f, 0xf81f, 0x1041, 0x9452, 0x8c52, 0x8c52, 0x8c52, 0x0841,
	0x0841, 0x0841, 0xf81f, 0xf81f, 0xf81f, 0xf81f, 0xf81f, 0xf81f, 0xf81f, 0xf81f, 0xf81f, 0xf81f,
	0x0841, 0x0841, 0x0841, 0x5acb, 0x5acb, 0x0841, 0x0841, 0x0841, 0xf81f, 0xf81f, 0xf81f, 0xf81f,
	0xf81f, 0xf81f, 0xf81f, 0xf81f, 0xf81f, 0xf81f, 0x0841, 0x0841, 0x0841, 0x8c52, 0x8c52, 0x8c52,
	0x9452, 0x1041, 0xf81f, 0xf81f, 0xf81f, 0xf81f, 0xecce, 0xf81f, 0x0841, 0x0841, 0x0841, 0x5acb,
	0x5acb, 0x0841, 0x0841, 0x0841, 0xf81f, 0xf81f, 0xf81f, 0xf81f, 0xf81f, 0xf81f, 0x1041, 0x9452,
	0x8c52, 0x8c52, 0x8c52, 0x0841, 0x0841, 0x0841, 0xf81f, 0xf81f, 0xf81f, 0xf81f, 0xf81f, 0xf81f,
	0xf81f, 0xf81f, 0xf81f, 0xf81f, 0x0841, 0x5acb, 0x8c52, 0x8c52, 0x8c52, 0x8c52, 0x5acb, 0x0841,
	0xf81f, 0xf81f, 0xf81f, 0xf81f, 0xf81f, 0xf81f, 0xf81f, 0xf81f, 0xf81f, 0xf81f, 0x0841, 0x0841,
	0x8c52, 0x8c52, 0xce59, 0xce59, 0x8c52, 0x8c52, 0x0841, 0xf81f, 0xf81f, 0xf81f, 0xf81f, 0xf81f,
	0x0841, 0x0841, 0x8c52, 0x8c52, 0x8c52, 0x8c52, 0x0841, 0x0841, 0xaa45, 0xf81f, 0xf81f, 0xf81f,
	0xf81f, 0x0841, 0x8c52, 0x8c52, 0xce59, 0xce59, 0x8c52, 0x8c52, 0x0841, 0x0841, 0xf81f, 0xf81f,
	0xf81f, 0xf81f, 0xf81f, 0xf81f, 0xf81f, 0xf81f, 0xf81f, 0xf81f, 0x0841, 0x5acb, 0x8c52, 0x8c52,
	0x8c52, 0x8c52, 0x5acb, 0x0841, 0xf81f, 0xf81f, 0xf81f, 0xf81f, 0xf81f, 0xf81f, 0xf81f, 0xf81f,
	0xf81f, 0xf81f, 0x0841, 0x0841, 0x8c52, 0x8c52, 0xce59, 0xce59, 0x8c52, 0x8c52, 0x0841, 0xf81f,
	0xf81f, 0xf81f, 0xf81f, 0xaa45, 0x0841, 0x0841, 0x8c52, 0x8c52, 0x8c52, 0x8c52, 0x0841, 0x0841,
	0xf81f, 0xf81f, 0xf81f, 0xf81f, 0xf81f, 0x0841, 0x8c52, 0x8c52, 0xce59, 0xce59, 0x8c52, 0x8c52,
	0x0841, 0x0841, 0xf81f, 0xf81f, 0xf81f, 0xf81f, 0xf81f, 0xf81f, 0xf81f, 0xf81f, 0xf81f, 0x0841,
	0x8c52, 0x8c52, 0x8c52, 0x8c52, 0x8c52, 0x8c52, 0x8c52, 0x8c52, 0x0841, 0xf81f, 0xf81f, 0xf81f,
	0xecce, 0xf81f, 0xf81f, 0xf81f, 0xf81f, 0xf81f, 0x0841, 0x8c52, 0x8c52, 0xce59, 0xce59, 0x10c3,
	0xce59, 0xce59, 0xce59, 0xecce, 0xf81f, 0xf81f, 0xf81f, 0x0841, 0x8c52, 0x8c52, 0x8c52, 0x8c52,
	0x8c52, 0x8c52, 0x8c52, 0x8c52, 0x0841, 0xf81f, 0xf81f, 0xf81f, 0xecce, 0xce59, 0xce59, 0xce59,
	0x10c3, 0xce59, 0xce59, 0x8c52, 0x8c52, 0x0841, 0xf81f, 0xf81f, 0xf81f, 0xf81f, 0xf81f, 0xecce,
	0xf81f, 0xf81f, 0xf81f, 0x0841, 0x8c52, 0x8c52, 0x8c52, 0x8c52, 0x8c52, 0x8c52, 0x8c52, 0x8c52,
	0x0841, 0xf81f, 0xf81f, 0xf81f, 0xecce, 0xf81f, 0xf81f, 0xf81f, 0xf81f, 0xf81f, 0x0841, 0x8c52,
	0x8c52, 0xce59, 0xce59, 0x10c3, 0xce59, 0xce59, 0xce59, 0xecce, 0xf81f, 0xf81f, 0xf81f, 0x0841,
	0x8c52, 0x8c52, 0x8c52, 0x8c52, 0x8c52, 0x8c52, 0x8c52, 0x8c52, 0x0841, 0xf81f, 0xf81f, 0xf81f,
	0xecce, 0xce59, 0xce59, 0xce59, 0x10c3, 0xce59, 0xce59, 0x8c52, 0x8c52, 0x0841, 0xf81f, 0xf81f,
	0xf81f, 0xf81f, 0xf81f, 0xecce, 0xf81f, 0xf81f, 0xf81f, 0x0841, 0x8c52, 0x8c52, 0x8c52, 0x8c52,
	0x8c52, 0x8c52, 0x8c52, 0x8c52, 0x0841, 0xf81f, 0xecce, 0xf81f, 0xecce, 0xf81f, 0xf81f, 0xf81f,
	0xf81f, 0x0841, 0x5acb, 0x8c52, 0x8c52, 0xce59, 0xce59, 0x10c3, 0xce59, 0xce59, 0xce59, 0xecce,
	0xf81f, 0xf81f, 0xf81f, 0x0841, 0x8c52, 0xce59, 0x8c52, 0x8c52, 0x8c52, 0x8c52, 0xce59, 0x8c52,
	0x0841, 0xf81f, 0xf81f, 0xf81f, 0xecce, 0xce59, 0xce59, 0xce59, 0x10c3, 0xce59, 0xce59, 0x8c52,
	0x8c52, 0x5acb, 0x0841, 0xf81f, 0xf81f, 0xf81f, 0xf81f, 0xecce, 0xf81f, 0xecce, 0xf81f, 0x0841,
	0x8c52, 0x8c52, 0x8c52, 0x8c52, 0x8c52, 0x8c52, 0x8c52, 0x8c52, 0x0841, 0xf81f, 0xf81f, 0xf81f,
	0xecce, 0xf81f, 0xf81f, 0xf81f, 0xf81f, 0x0841, 0x5acb, 0x8c52, 0x8c52, 0xce59, 0xce59, 0x10c3,
	0xce59, 0xce59, 0xce59, 0xecce, 0xf81f, 0xf81f, 0xf81f, 0x0841, 0x8c52, 0xce59, 0x8c52, 0x8c52,
	0x8c52, 0x8c52, 0xce59, 0x8c52, 0x0841, 0xf81f, 0xf81f, 0xf81f, 0xecce, 0xce59, 0xce59, 0xce59,
	0x10c3, 0xce59, 0xce59, 0x8c52, 0x8c52, 0x5acb, 0x0841, 0xf81f, 0xf81f, 0xf81f, 0xf81f, 0xecce,
	0xf81f, 0xf81f, 0xf81f, 0x0841, 0x8c52, 0x8c52, 0x8c92, 0x8c52, 0x8c52, 0x8c52, 0x8c52, 0x8c52,
	0x0841, 0xf81f, 0xecce, 0xf81f, 0xf81f, 0xecce, 0xf81f, 0xf81f, 0xf81f, 0x10c3, 0x5acb, 0x5acb,
	0x8c52, 0xce59, 0xce59, 0xce59, 0xce59, 0xce59, 0x0841, 0xf81f, 0xf81f, 0xf81f, 0xf81f, 0x0841,
	0xce59, 0x10c3, 0xce59, 0x8c52, 0x8c52, 0xce59, 0x10c3, 0xce59, 0x0841, 0xf81f, 0xf81f, 0xf81f,
	0xf81f, 0x0841, 0xce59, 0xce59, 0xce59, 0xce59, 0xce59, 0x8c52, 0x5acb, 0x5acb, 0x10c3, 0xf81f,
	0xf81f, 0xf81f, 0xecce, 0xf81f, 0xf81f, 0xecce, 0xf81f, 0x0841, 0x8c52, 0x8c52, 0x8c52, 0x8c52,
	0x8c52, 0x8c52, 0x8c52, 0x8c52, 0x0841, 0xf81f, 0xf81f, 0xf81f, 0xf81f, 0xecce, 0xf81f, 0xf81f,
	0xf81f, 0x10c3, 0x5acb, 0x5acb, 0x8c52, 0xce59, 0xce59, 0xce59, 0xce59, 0xce59, 0x0841, 0xf81f,
	0xf81f, 0xf81f, 0xf81f, 0x0841, 0xce59, 0x10c3, 0xce59, 0x8c52, 0x8c52, 0xce59, 0x10c3, 0xce59,
	0x0841, 0xf81f, 0xf81f, 0xf81f, 0xf81f, 0x0841, 0xce59, 0xce59, 0xce59, 0xce59, 0xce59, 0x8c52,
	0x5acb, 0x5acb, 0x10c3, 0xf81f, 0xf81f, 0xf81f, 0xecce, 0xf81f, 0xf81f, 0xf81f, 0xf81f, 0x0841,
	0x8c52, 0x8c52, 0x8c52, 0x8c52, 0x8c52, 0x8c92, 0x8c52, 0x8c52, 0x0841, 0xecce, 0xf81f, 0xf81f,
	0xf81f, 0xecce, 0xf81f, 0xf81f, 0x10c3, 0x5acb, 0x5acb, 0x5acb, 0x5acb, 0x5acb, 0xce59, 0xce59,
	0xce59, 0x0841, 0xf81f, 0xf81f, 0xf81f, 0xf81f, 0x39c7, 0x10c3, 0xce59, 0x10c3, 0xce59, 0x8c52,
	0x8c52, 0xce59, 0x10c3, 0xce59, 0x0841, 0x39c7, 0xf81f, 0xf81f, 0xf81f, 0xf81f, 0x0841, 0xce59,
	0xce59, 0xce59, 0x5acb, 0x5acb, 0x5acb, 0x5acb, 0x5acb, 0x10c3, 0xf81f, 0xf81f, 0xecce, 0xf81f,
	0xf81f, 0xf81f, 0xecce, 0x0841, 0x8c52, 0x8c52, 0x8c52, 0x8c52, 0x8c52, 0x8c52, 0x8c52, 0x8c52,
	0x0841, 0xf81f, 0xf81f, 0xf81f, 0xf81f, 0xecce, 0xf81f, 0xf81f, 0x10c3, 0x5acb, 0x5acb, 0x5acb,
	0x5acb, 0x5acb, 0xce59, 0xce59, 0xce59, 0x0841, 0xf81f, 0xf81f, 0xf81f, 0xf81f, 0x39c7, 0x0841,
	0xce59, 0x10c3, 0xce59, 0x8c52, 0x8c52, 0xce59, 0x10c3, 0xce59, 0x10c3, 0x39c7, 0xf81f, 0xf81f,
	0xf81f, 0xf81f, 0x0841, 0xce59, 0xce59, 0xce59, 0x5acb, 0x5acb, 0x5acb, 0x5acb, 0x5acb, 0x10c3,
	0xf81f, 0xf81f, 0xecce, 0xf81f, 0xf81f, 0xf81f, 0xf81f, 0x0841, 0x8c52, 0x8c92, 0x8c52, 0x8c52,
	0x8c52, 0x8c52, 0x8c52, 0xecce, 0xecce, 0xf81f, 0xf81f, 0xf81f, 0xf81f, 0xecce, 0xf81f, 0xf81f,
	0x10c3, 0x5acb, 0x5acb, 0x5acb, 0x5acb, 0x5acb, 0x5b0b, 0x5acb, 0x5acb, 0x0841, 0xf81f, 0xf81f,
	0xf81f, 0xf81f, 0x39c7, 0x10c3, 0xce59, 0xce59, 0xce59, 0xce59, 0xce59, 0xce59, 0xce59, 0xce59,
	0x0841, 0x39c7, 0xf81f, 0xf81f, 0xf81f, 0xf81f, 0x0841, 0x5acb, 0x5acb, 0x5b0b, 0x5acb, 0x5acb,
	0x5acb, 0x5acb, 0x5acb, 0x10c3, 0xf81f, 0xf81f, 0xecce, 0xf81f, 0xf81f, 0xf81f, 0xf81f, 0xecce,
	0xecce, 0x8c52, 0x8c52, 0x8c52, 0x8c52, 0x8c52, 0x8c52, 0x8c92, 0x0841, 0xf81f, 0xf81f, 0xf81f,
	0xf81f, 0xecce, 0xf81f, 0xf81f, 0x10c3, 0x5acb, 0x5acb, 0x5acb, 0x5acb, 0x5acb, 0x5b0b, 0x5acb,
	0x5acb, 0x0841, 0xf81f, 0xf81f, 0xf81f, 0xf81f, 0x39c7, 0x0841, 0xce59, 0xce59, 0xce59, 0xce59,
	0xce59, 0xce59, 0xce59, 0xce59, 0x10c3, 0x39c7, 0xf81f, 0xf81f, 0xf81f, 0xf81f, 0x0841, 0x5acb,
	0x5acb, 0x5b0b, 0x5acb, 0x5acb, 0x5acb, 0x5acb, 0x5acb, 0x10c3, 0xf81f, 0xf81f, 0xecce, 0xf81f,
	0xf81f, 0xf81f, 0x39c7, 0x5acb, 0x5acb, 0x8c52, 0x8c52, 0x8c52, 0x8c52, 0x8c52, 0xecce, 0x8c52,
	0x5acb, 0x39c7, 0xf81f, 0xf81f, 0xf81f, 0xecce, 0xf81f, 0xf81f, 0x39c7, 0x5acb, 0x0841, 0x5acb,
	0x5acb, 0x5acb, 0x5acb, 0x5acb, 0x5acb, 0x5acb, 0x39c7, 0xf81f, 0xf81f, 0xf81f, 0x39c7, 0x5acb,
	0x0841, 0xce59, 0xce59, 0xce59, 0xce59, 0xce59, 0xce59, 0x0841, 0x5acb, 0x39c7, 0xf81f, 0xf81f,
	0xf81f, 0x39c7, 0x5acb, 0x5acb, 0x5acb, 0x5acb, 0x5acb, 0x5acb, 0x5acb, 0x0841, 0x5acb, 0x39c7,
	0xf81f, 0xf81f, 0xecce, 0xf81f, 0xf81f, 0xf81f, 0x39c7, 0x5acb, 0x8c52, 0xecce, 0x8c52, 0x8c52,
	0x8c52, 0x8c52, 0x8c52, 0x5acb, 0x5acb, 0x39c7, 0xf81f, 0xf81f, 0xf81f, 0xecce, 0xf81f, 0xf81f,
	0x39c7, 0x5acb, 0x0841, 0x5acb, 0x5acb, 0x5acb, 0x5acb, 0x5acb, 0x5acb, 0x5acb, 0x39c7, 0xf81f,
	0xf81f, 0xf81f, 0x39c7, 0x5acb, 0x0841, 0xce59, 0xce59, 0xce59, 0xce59, 0xce59, 0xce59, 0x0841,
	0x5acb, 0x39c7, 0xf81f, 0xf81f, 0xf81f, 0x39c7, 0x5acb, 0x5acb, 0x5acb, 0x5acb, 0x5acb, 0x5acb,
	0x5acb, 0x0841, 0x5acb, 0x39c7, 0xf81f, 0xf81f, 0xecce, 0xf81f, 0xf81f, 0xf81f, 0x39c7, 0x5acb,
	0x5acb, 0x5acb, 0x5acb, 0x5acb, 0x5acb, 0xecce, 0x5acb, 0x5acb, 0x5acb, 0x39c7, 0xf81f, 0xf81f,
	0xf81f, 0xaa44, 0xf81f, 0x10c3, 0x5acb, 0x5acb, 0xaa44, 0x5acb, 0x5acb, 0x5acb, 0x5acb, 0x5b0c,
	0x5acb, 0x5acb, 0x39c7, 0xf81f, 0xf81f, 0xf81f, 0x39c7, 0x5b0b, 0x5acb, 0x0841, 0xce59, 0xce59,
	0xce59, 0xce59, 0x0841, 0x5acb, 0x5b0c, 0x39c7, 0xf81f, 0xf81f, 0xf81f, 0x39c7, 0x5acb, 0x5acb,
	0x5b0c, 0x5acb, 0x5acb, 0x5acb, 0x5acb, 0xaa44, 0x5acb, 0x5acb, 0x10c3, 0xf81f, 0xaa44, 0xf81f,
	0xf81f, 0xf81f, 0x39c7, 0x5b0c, 0x5acb, 0x5acb, 0xecce, 0x5acb, 0x5acb, 0x5acb, 0x5acb, 0x5acb,
	0x5acb, 0x39c7, 0xf81f, 0xf81f, 0xf81f, 0xaa44, 0xf81f, 0x10c3, 0x5acb, 0x5acb, 0xaa44, 0x5acb,
	0x5acb, 0x5acb, 0x5acb, 0x5b0c, 0x5acb, 0x5acb, 0x39c7, 0xf81f, 0xf81f, 0xf81f, 0x39c7, 0x5b0c,
	0x5acb, 0x0841, 0xce59, 0xce59, 0xce59, 0xce59, 0x0841, 0x5acb, 0x5b0b, 0x39c7, 0xf81f, 0xf81f,
	0xf81f, 0x39c7, 0x5acb, 0x5acb, 0x5b0c, 0x5acb, 0x5acb, 0x5acb, 0x5acb, 0xaa44, 0x5acb, 0x5acb,
	0x10c3, 0xf81f, 0xaa44, 0xf81f, 0xf81f, 0xf81f, 0x10c3, 0x5acb, 0x5acb, 0x5acb, 0x5acb, 0x5acb,
	0x5acb, 0xecce, 0x5acb, 0x5b0c, 0x5acb, 0x0841, 0xf81f, 0xf81f, 0xf81f, 0xaa44, 0xf81f, 0x10c3,
	0x5acb, 0x5acb, 0xecce, 0x5b0c, 0x5acb, 0x5acb, 0x5acb, 0x5acb, 0x5acb, 0x5b0b, 0x0841, 0xf81f,
	0xf81f, 0xf81f, 0x10c3, 0x5acb, 0x5acb, 0x5acb, 0x0841, 0xecce, 0xecce, 0x0841, 0x5acb, 0x5acb,
	0x5acb, 0x0841, 0xf81f, 0xf81f, 0xf81f, 0x0841, 0x5b0b, 0x5acb, 0x5acb, 0x5acb, 0x5acb, 0x5acb,
	0x5b0c, 0xecce, 0x5acb, 0x5acb, 0x10c3, 0xf81f, 0xaa44, 0xf81f, 0xf81f, 0xf81f, 0x0841, 0x5acb,
	0x5acb, 0x5acb, 0xecce, 0x5acb, 0x5acb, 0x5acb, 0x5acb, 0x5acb, 0x5acb, 0x10c3, 0xf81f, 0xf81f,
	0xf81f, 0xaa44, 0xf81f, 0x10c3, 0x5acb, 0x5acb, 0xecce, 0x5b0c, 0x5acb, 0x5acb, 0x5acb, 0x5acb,
	0x5acb, 0x5b0b, 0x0841, 0xf81f, 0xf81f, 0xf81f, 0x0841, 0x5acb, 0x5acb, 0x5acb, 0x0841, 0xecce,
	0xecce, 0x0841, 0x5acb, 0x5acb, 0x5acb, 0x10c3, 0xf81f, 0xf81f, 0xf81f, 0x0841, 0x5b0b, 0x5acb,
	0x5acb, 0x5acb, 0x5acb, 0x5acb, 0x5b0c, 0xecce, 0x5acb, 0x5acb, 0x10c3, 0xf81f, 0xaa44, 0xf81f,
	0xf81f, 0xf81f, 0x10c3, 0x5acb, 0x5acb, 0x5acb, 0x5acb, 0x5acb, 0xecce, 0x5acb, 0x5acb, 0x5acb,
	0x5acb, 0x0841, 0xf81f, 0xf81f, 0xf81f, 0xaa44, 0xf81f, 0x10c3, 0x5acb, 0x5acb, 0xecce, 0x5acb,
	0x5acb, 0x5acb, 0x5acb, 0x5acb, 0x5acb, 0x5acb, 0x0841, 0xf81f, 0xf81f, 0xf81f, 0x10c3, 0x5acb,
	0x10c3, 0x5acb, 0x5acb, 0x5acb, 0x5acb, 0x5acb, 0x5acb, 0x10c3, 0x5acb, 0x0841, 0xf81f, 0xf81f,
	0xf81f, 0x0841, 0x5acb, 0x5acb, 0x5acb, 0x5acb, 0x5acb, 0x5acb, 0x5acb, 0xecce, 0x5acb, 0x5acb,
	0x10c3, 0xf81f, 0xaa44, 0xf81f, 0xf81f, 0xf81f, 0x0841, 0x5acb, 0x5acb, 0x5acb, 0x5acb, 0xecce,
	0x5b0c, 0x5acb, 0x5acb, 0x5acb, 0x5acb, 0x10c3, 0xf81f, 0xf81f, 0xf81f, 0xaa44, 0xf81f, 0x10c3,
	0x5acb, 0x5acb, 0xecce, 0x5acb, 0x5acb, 0x5acb, 0x5acb, 0x5acb, 0x5acb, 0x5acb, 0x0841, 0xf81f,
	0xf81f, 0xf81f, 0x0841, 0x5acb, 0x10c3, 0x5acb, 0x5acb, 0x5acb, 0x5acb, 0x5acb, 0x5acb, 0x10c3,
	0x5acb, 0x10c3, 0xf81f, 0xf81f, 0xf81f, 0x0841, 0x5acb, 0x5acb, 0x5acb, 0x5acb, 0x5acb, 0x5acb,
	0x5acb, 0xecce, 0x5acb, 0x5acb, 0x10c3, 0xf81f, 0xaa44, 0xf81f, 0xf81f, 0xf81f, 0x10c3, 0x5acb,
	0x5b0c, 0x5acb, 0x5acb, 0x5acb, 0xaa44, 0x5acb, 0x5acb, 0x5acb, 0x5acb, 0x0841, 0xf81f, 0xf81f,
	0xf81f, 0xf81f, 0xaa44, 0x10c3, 0x5acb, 0x5acb, 0x5acb, 0x5acb, 0x5acb, 0x5acb, 0x5acb, 0x5acb,
	0x5acb, 0x5acb, 0x0841, 0xf81f, 0xf81f, 0xf81f, 0x10c3, 0x5b0b, 0xaa44, 0x5acb, 0x5acb, 0x5acb,
	0x5acb, 0x5acb, 0x5b0c, 0xaa44, 0x5acb, 0x0841, 0xf81f, 0xf81f, 0xf81f, 0x0841, 0x5acb, 0x5acb,
	0x5acb, 0x5acb, 0x5acb, 0x5acb, 0x5acb, 0x5acb, 0x5acb, 0x5acb, 0x10c3, 0xaa44, 0xf81f, 0xf81f,
	0xf81f, 0xf81f, 0x0841, 0x5acb, 0x5acb, 0x5acb, 0x5acb, 0xaa44, 0x5acb, 0x5acb, 0x5acb, 0x5acb,
	0x5acb, 0x10c3, 0xf81f, 0xf81f, 0xf81f, 0xf81f, 0xaa44, 0x10c3, 0x5acb, 0x5acb, 0x5acb, 0x5acb,
	0x5acb, 0x5acb, 0x5acb, 0x5acb, 0x5acb, 0x5acb, 0x0841, 0xf81f, 0xf81f, 0xf81f, 0x0841, 0x5acb,
	0xaa44, 0x5b0c, 0x5acb, 0x5acb, 0x5acb, 0x5acb, 0x5acb, 0xaa44, 0x5b0b, 0x10c3, 0xf81f, 0xf81f,
	0xf81f, 0x0841, 0x5acb, 0x5acb, 0x5acb, 0x5acb, 0x5acb, 0x5acb, 0x5acb, 0x5acb, 0x5acb, 0x5acb,
	0x10c3, 0xaa44, 0xf81f, 0xf81f, 0xf81f, 0xf81f, 0xf81f, 0x0841, 0x5acb, 0x5acb, 0x5acb, 0x5acb,
	0x5acb, 0x5acb, 0x5acb, 0x5acb, 0x0841, 0xf81f, 0xf81f, 0xf81f, 0xf81f, 0xf81f, 0xf81f, 0xaa44,
	0x0841, 0x5acb, 0x5acb, 0x5acb, 0x5acb, 0x5acb, 0x5acb, 0x5acb, 0x5acb, 0x0841, 0xf81f, 0xf81f,
	0xf81f, 0xf81f, 0xf81f, 0x10c3, 0xecce, 0x5acb, 0x5acb, 0x5acb, 0x5acb, 0x5acb, 0x5acb, 0xecce,
	0x10c3, 0xf81f, 0xf81f, 0xf81f, 0xf81f, 0xf81f, 0x0841, 0x5acb, 0x5acb, 0x5acb, 0x5acb, 0x5acb,
	0x5acb, 0x5acb, 0x5acb, 0x0841, 0xaa44, 0xf81f, 0xf81f, 0xf81f, 0xf81f, 0xf81f, 0xf81f, 0x0841,
	0x5acb, 0x5acb, 0x5acb, 0x5acb, 0x5acb, 0x5acb, 0x5acb, 0x5acb, 0x0841, 0xf81f, 0xf81f, 0xf81f,
	0xf81f, 0xf81f, 0xf81f, 0xaa44, 0x0841, 0x5acb, 0x5acb, 0x5acb, 0x5acb, 0x5acb, 0x5acb, 0x5acb,
	0x5acb, 0x0841, 0xf81f, 0xf81f, 0xf81f, 0xf81f, 0xf81f, 0x10c3, 0xecce, 0x5acb, 0x5acb, 0x5acb,
	0x5acb, 0x5acb, 0x5acb, 0xecce, 0x10c3, 0xf81f, 0xf81f, 0xf81f, 0xf81f, 0xf81f, 0x0841, 0x5acb,
	0x5acb, 0x5acb, 0x5acb, 0x5acb, 0x5acb, 0x5acb, 0x5acb, 0x0841, 0xaa44, 0xf81f, 0xf81f, 0xf81f,
	0xf81f, 0xf81f, 0xf81f, 0xf81f, 0x0841, 0x0841, 0x0841, 0x0841, 0x0841, 0x0841, 0x0841, 0x0841,
	0xf81f, 0xf81f, 0xf81f, 0xf81f, 0xf81f, 0xf81f, 0xf81f, 0xf81f, 0xf81f, 0x0841, 0x0841, 0x0841,
	0x0841, 0x0841, 0x0841, 0x0841, 0x0841, 0xf81f, 0xf81f, 0xf81f, 0xf81f, 0xf81f, 0xf81f, 0xf81f,
	0x0841, 0x0841, 0x0841, 0x0841, 0x0841, 0x0841, 0x0841, 0x0841, 0xf81f, 0xf81f, 0xf81f, 0xf81f,
	0xf81f, 0xf81f, 0xf81f, 0x0841, 0x0841, 0x0841, 0x0841, 0x0841, 0x0841, 0x0841, 0x0841, 0xf81f,
	0xf81f, 0xf81f, 0xf81f, 0xf81f, 0xf81f, 0xf81f, 0xf81f, 0xf81f, 0x0841, 0x0841, 0x0841, 0x0841,
	0x0841, 0x0841, 0x0841, 0x0841, 0xf81f, 0xf81f, 0xf81f, 0xf81f, 0xf81f, 0xf81f, 0xf81f, 0xf81f,
	0xf81f, 0x0841, 0x0841, 0x0841, 0x0841, 0x0841, 0x0841, 0x0841, 0x0841, 0xf81f, 0xf81f, 0xf81f,
	0xf81f, 0xf81f, 0xf81f, 0xf81f, 0x0841, 0x0841, 0x0841, 0x0841, 0x0841, 0x0841, 0x0841, 0x0841,
	0xf81f, 0xf81f, 0xf81f, 0xf81f, 0xf81f, 0xf81f, 0xf81f, 0x0841, 0x0841, 0x0841, 0x0841, 0x0841,
	0x0841, 0x0841, 0x0841, 0xf81f, 0xf81f, 0xf81f, 0xf81f, 0xf81f, 0xf81f, 0xf81f, 0xf81f, 0xf81f,
	0xf81f, 0xaa44, 0xf81f, 0xf81f, 0xf81f, 0xf81f, 0xaa44, 0xf81f, 0xf81f, 0xf81f, 0xf81f, 0xf81f,
	0xf81f, 0xf81f, 0xf81f, 0xf81f, 0xf81f, 0xf81f, 0xaa44, 0xf81f, 0xf81f, 0xf81f, 0xf81f, 0xaa44,
	0xf81f, 0xf81f, 0xf81f, 0xf81f, 0xf81f, 0xf81f, 0xf81f, 0xf81f, 0xf81f, 0xaa44, 0xf81f, 0xf81f,
	0xf81f, 0xf81f, 0xaa44, 0xf81f, 0xf81f, 0xf81f, 0xf81f, 0xf81f, 0xf81f, 0xf81f, 0xf81f, 0xf81f,
	0xaa44, 0xf81f, 0xf81f, 0xf81f, 0xf81f, 0xaa44, 0xf81f, 0xf81f, 0xf81f, 0xf81f, 0xf81f, 0xf81f,
	0xf81f, 0xf81f, 0xf81f, 0xf81f, 0xf81f, 0xaa44, 0xf81f, 0xf81f, 0xf81f, 0xf81f, 0xaa44, 0xf81f,
	0xf81f, 0xf81f, 0xf81f, 0xf81f, 0xf81f, 0xf81f, 0xf81f, 0xf81f, 0xf81f, 0xf81f, 0xaa44, 0xf81f,
	0xf81f, 0xf81f, 0xf81f, 0xaa44, 0xf81f, 0xf81f, 0xf81f, 0xf81f, 0xf81f, 0xf81f, 0xf81f, 0xf81f,
	0xf81f, 0xaa44, 0xf81f, 0xf81f, 0xf81f, 0xf81f, 0xaa44, 0xf81f, 0xf81f, 0xf81f, 0xf81f, 0xf81f,
	0xf81f, 0xf81f, 0xf81f, 0xf81f, 0xaa44, 0xf81f, 0xf81f, 0xf81f, 0xf81f, 0xaa44, 0xf81f, 0xf81f,
	0xf81f, 0xf81f, 0xf81f, 0xf81f, 0xf81f, 0xf81f, 0xf81f, 0xf81f, 0x0841, 0x0841, 0x0841, 0xf81f,
	0xf81f, 0x0841, 0x0841, 0x0841, 0xf81f, 0xf81f, 0xf81f, 0xf81f, 0xf81f, 0xf81f, 0xf81f, 0xf81f,
	0xf81f, 0xf81f, 0xf81f, 0x0841, 0x0841, 0xf81f, 0x0841, 0x0841, 0x1041, 0xf81f, 0xf81f, 0xf81f,
	0xf81f, 0xf81f, 0xf81f, 0xf81f, 0x0841, 0x0841, 0x0841, 0xf81f, 0xf81f, 0x0841, 0x0841, 0x0841,
	0xf81f, 0xf81f, 0xf81f, 0xf81f, 0xf81f, 0xf81f, 0xf81f, 0x1041, 0x0841, 0x0841, 0xf81f, 0x0841,
	0x0841, 0xf81f, 0xf81f, 0xf81f, 0xf81f, 0xf81f, 0xf81f, 0xf81f, 0xf81f, 0xf81f, 0xf81f, 0xf81f,
	0x0841, 0x0841, 0x0841, 0xf81f, 0xf81f, 0x0841, 0x0841, 0x0841, 0xf81f, 0xf81f, 0xf81f, 0xf81f,
	0xf81f, 0xf81f, 0xf81f, 0xf81f, 0xf81f, 0xf81f, 0x0841, 0x0841, 0xf81f, 0x0841, 0x0841, 0x0841,
	0x1041, 0xf81f, 0xf81f, 0xf81f, 0xf81f, 0xf81f, 0xf81f, 0xf81f, 0xf81f, 0xf81f, 0xf81f, 0xf81f,
	0xf81f, 0xf81f, 0xf81f, 0xf81f, 0xf81f, 0xf81f, 0xf81f, 0xf81f, 0xf81f, 0xf81f, 0xf81f, 0x1041,
	0x0841, 0x0841, 0x0841, 0xf81f, 0x0841, 0x0841, 0xf81f, 0xf81f, 0xf81f, 0xf81f, 0xf81f, 0xf81f,
	0xf81f, 0xf81f, 0xf81f, 0xf81f, 0x0841, 0x0841, 0x0841, 0x5acb, 0x5acb, 0x0841, 0x0841, 0x0841,
	0xf81f, 0xf81f, 0xf81f, 0xf81f, 0xf81f, 0xf81f, 0xf81f, 0xf81f, 0xf81f, 0xf81f, 0xf81f, 0x0841,
	0x0841, 0x8c52, 0x8c52, 0x8c52, 0x9452, 0x1041, 0xf81f, 0xf81f, 0xf81f, 0xf81f, 0xf81f, 0xf81f,
	0x0841, 0x0841, 0x0841, 0x5acb, 0x5acb, 0x0841, 0x0841, 0x0841, 0xf81f, 0xecce, 0xecce, 0xf81f,
	0xf81f, 0xf81f, 0x1041, 0x9452, 0x8c52, 0x8c52, 0x8c52, 0x0841, 0x0841, 0xf81f, 0xf81f, 0xf81f,
	0xf81f, 0xf81f, 0xf81f, 0xf81f, 0xf81f, 0xf81f, 0xf81f, 0xf81f, 0x0841, 0x0841, 0x0841, 0x5acb,
	0x5acb, 0x0841, 0x0841, 0x0841, 0xf81f, 0xf81f, 0xf81f, 0xf81f, 0xf81f, 0xf81f, 0xf81f, 0x8e5b,
	0xf81f, 0xf81f, 0x0841, 0x0841, 0x0841, 0x8c52, 0x8c52, 0x8c52, 0x9452, 0x1041, 0xf81f, 0xf81f,
	0xf81f, 0xecce, 0xf81f, 0xf81f, 0x0841, 0x0841, 0x0841, 0xf81f, 0xf81f, 0x0841, 0x0841, 0x0841,
	0xf81f, 0xf81f, 0xf81f, 0xf81f, 0xf81f, 0xf81f, 0x1041, 0x9452, 0x8c52, 0x8c52, 0x8c52, 0x0841,
	0x0841, 0x0841, 0xf81f, 0xf81f, 0x8e5b, 0xf81f, 0xf81f, 0xf81f, 0xf81f, 0xf81f, 0xf81f, 0xf81f,
	0x0841, 0x5acb, 0x8c52, 0x8c52, 0x8c52, 0x8c52, 0x5acb, 0x0841, 0xf81f, 0xf81f, 0xf81f, 0xf81f,
	0xf81f, 0xf81f, 0x8e5b, 0x8e1b, 0xf81f, 0xf81f, 0xf81f, 0x0841, 0x8c52, 0x8c52, 0xce59, 0xce59,
	0x8c52, 0x8c52, 0x0841, 0xf81f, 0xf81f, 0xf81f, 0xf81f, 0xf81f, 0x0841, 0x0841, 0x8c52, 0x8c52,
	0x8c52, 0x8c52, 0x0841, 0x0841, 0xaa44, 0xf81f, 0xf81f, 0xf81f, 0xf81f, 0x0841, 0x8c52, 0x8c52,
	0xce59, 0xce59, 0x8c52, 0x8c52, 0x0841, 0xf81f, 0xf81f, 0xf81f, 0x8e1b, 0x8e5b, 0xf81f, 0xf81f,
	0xf81f, 0xf81f, 0xf81f, 0xf81f, 0x0841, 0x5acb, 0x8c52, 0x8c52, 0x8c52, 0x8c52, 0x5acb, 0x0841,
	0xf81f, 0xf81f, 0xf81f, 0xf81f, 0xf81f, 0xf81f, 0xf81f, 0xf81f, 0x8e1b, 0xf81f, 0x0841, 0x0841,
	0x8c52, 0x8c52, 0xce59, 0xce59, 0x8c52, 0x8c52, 0x0841, 0xf81f, 0xf81f, 0xf81f, 0xecce, 0xf81f,
	0x0841, 0x0841, 0x0841, 0x5acb, 0x5acb, 0x0841, 0x0841, 0x0841, 0xf81f, 0xf81f, 0xf81f, 0xf81f,
	0xf81f, 0x0841, 0x8c52, 0x8c52, 0xce59, 0xce59, 0x8c52, 0x8c52, 0x0841, 0x0841, 0xf81f, 0x8e1b,
	0xf81f, 0xf81f, 0xf81f, 0xf81f, 0xf81f, 0xf81f, 0xf81f, 0x0841, 0x8c52, 0x8c52, 0x8c52, 0x8c52,
	0x8c52, 0x8c52, 0x8c52, 0x8c52, 0x0841, 0xf81f, 0xf81f, 0xf81f, 0xf81f, 0xecce, 0xf81f, 0xf81f,
	0xf81f, 0xf81f, 0x0841, 0x8c52, 0x8c52, 0xce59, 0xce59, 0x0841, 0x0841, 0xce59, 0xce59, 0xecce,
	0xf81f, 0xf81f, 0xf81f, 0x0841, 0x8c52, 0x8c52, 0x8c52, 0x8c52, 0x8c52, 0x8c52, 0x8c52, 0x8c52,
	0x0841, 0xf81f, 0xf81f, 0xf81f, 0xecce, 0xce59, 0xce59, 0x0841, 0x0841, 0xce59, 0xce59, 0x8c52,
	0x8c52, 0x0841, 0xf81f, 0xf81f, 0xf81f, 0xf81f, 0xecce, 0xf81f, 0xf81f, 0xf81f, 0xf81f, 0x0841,
	0x8c52, 0x8c52, 0x8c52, 0x8c52, 0x8c52, 0x8c52, 0x8c52, 0x8c52, 0x0841, 0xf81f, 0xf81f, 0xf81f,
	0xecce, 0xf81f, 0xf81f, 0xf81f, 0xf81f, 0xf81f, 0x0841, 0x8c52, 0x8c52, 0xce59, 0x0841, 0x0841,
	0xce59, 0xce59, 0xce59, 0xecce, 0xf81f, 0xf81f, 0xf81f, 0xaa44, 0x0841, 0x0841, 0x8c52, 0x8c52,
	0x8c52, 0x8c52, 0x0841, 0x0841, 0xf81f, 0xf81f, 0xf81f, 0xf81f, 0xecce, 0xce59, 0xce59, 0xce59,
	0x0841, 0x0841, 0xce59, 0x8c52, 0x8c52, 0x0841, 0xf81f, 0xf81f, 0xf81f, 0xf81f, 0xf81f, 0xecce,
	0xf81f, 0xf81f, 0xf81f, 0x0841, 0x8c52, 0x8c52, 0x8c52, 0x8c52, 0x8c52, 0x8c52, 0x8c52, 0x8c52,
	0x0841, 0xf81f, 0xecce, 0xf81f, 0xf81f, 0xecce, 0xf81f, 0x8e5b, 0xf81f, 0x0841, 0x5acb, 0x8c52,
	0x8c52, 0xce59, 0xce59, 0xce59, 0x0841, 0xce59, 0xce59, 0xecce, 0xf81f, 0xf81f, 0xf81f, 0x0841,
	0x8c52, 0xce59, 0x8c52, 0x8c52, 0x8c52, 0x8c52, 0xce59, 0x8c52, 0x0841, 0xf81f, 0xf81f, 0xf81f,
	0xecce, 0xce59, 0xce59, 0x0841, 0xce59, 0xce59, 0xce59, 0x8c52, 0x8c52, 0x5acb, 0x0841, 0xf81f,
	0x8e5b, 0xf81f, 0xecce, 0xf81f, 0xf81f, 0xecce, 0xf81f, 0x0841, 0x8c52, 0x8c52, 0x8c52, 0x8c52,
	0x8c52, 0x8c52, 0x8c52, 0x8c52, 0x0841, 0xf81f, 0xf81f, 0xf81f, 0xecce, 0xf81f, 0x8e5b, 0x8e1b,
	0xf81f, 0x0841, 0x5acb, 0x8c52, 0x8c52, 0xce59, 0xce59, 0x10c3, 0xce59, 0xce59, 0xce59, 0xecce,
	0xf81f, 0xf81f, 0xf81f, 0x0841, 0x8c52, 0x8c52, 0x8c52, 0x8c52, 0x8c52, 0x8c52, 0x8c52, 0x8c52,
	0x0841, 0xf81f, 0xf81f, 0xf81f, 0xecce, 0xce59, 0xce59, 0xce59, 0x10c3, 0xce59, 0xce59, 0x8c52,
	0x8c52, 0x5acb, 0x0841, 0xf81f, 0x8e1b, 0x8e5b, 0xf81f, 0xecce, 0xf81f, 0xf81f, 0xf81f, 0x0841,
	0x8c52, 0x8c52, 0x8c92, 0x8c52, 0x8c52, 0x8c52, 0x8c52, 0x8c52, 0x0841, 0xf81f, 0xecce, 0xf81f,
	0xf81f, 0xf81f, 0xecce, 0xf81f, 0xf81f, 0x10c3, 0x5acb, 0x5acb, 0x8c52, 0xce59, 0xce59, 0xce59,
	0xce59, 0xce59, 0x0841, 0xf81f, 0xf81f, 0xf81f, 0xf81f, 0x0841, 0xce59, 0x10c3, 0xce59, 0x8c52,
	0x8c52, 0xce59, 0x10c3, 0xce59, 0x0841, 0xf81f, 0xf81f, 0xf81f, 0xf81f, 0x0841, 0xce59, 0xce59,
	0xce59, 0xce59, 0xce59, 0x8c52, 0x5acb, 0x5acb, 0x10c3, 0xf81f, 0xf81f, 0xecce, 0xf81f, 0xf81f,
	0xf81f, 0xecce, 0xf81f, 0x0841, 0x8c52, 0x8c52, 0x8c52, 0x8c52, 0x8c52, 0x8c52, 0x8c52, 0x8c52,
	0x0841, 0xf81f, 0xf81f, 0xf81f, 0xf81f, 0xecce, 0xf81f, 0xf81f, 0xf81f, 0x10c3, 0x5acb, 0x5b0b,
	0x8c52, 0xce59, 0xce59, 0xce59, 0xce59, 0xce59, 0x0841, 0xf81f, 0xf81f, 0xf81f, 0xf81f, 0x0841,
	0x8c52, 0xce59, 0x8c52, 0x8c52, 0x8c52, 0x8c52, 0xce59, 0x8c52, 0x0841, 0xf81f, 0xf81f, 0xf81f,
	0xf81f, 0x0841, 0xce59, 0xce59, 0xce59, 0xce59, 0xce59, 0x8c52, 0x5b0b, 0x5acb, 0x10c3, 0xf81f,
	0xf81f, 0xf81f, 0xecce, 0xf81f, 0xf81f, 0xf81f, 0xf81f, 0x0841, 0x8c52, 0x8c52, 0x8c52, 0x8c52,
	0x8c52, 0x8c92, 0x8c52, 0x8c52, 0x0841, 0xecce, 0xf81f, 0xf81f, 0xf81f, 0xf81f, 0xecce, 0xf81f,
	0x10c3, 0x5acb, 0x5b0b, 0x5acb, 0x5acb, 0x5acb, 0xce59, 0xce59, 0xce59, 0x0841, 0xf81f, 0xf81f,
	0xf81f, 0xf81f, 0x39c7, 0x10c3, 0xce59, 0xce59, 0x10c3, 0x8c52, 0x8c52, 0x10c3, 0xce59, 0xce59,
	0x0841, 0x39c7, 0xf81f, 0xf81f, 0xf81f, 0xf81f, 0x0841, 0xce59, 0xce59, 0xce59, 0x5acb, 0x5acb,
	0x5acb, 0x5b0b, 0x5acb, 0x10c3, 0xf81f, 0xecce, 0xf81f, 0xf81f, 0xf81f, 0xf81f, 0xecce, 0x0841,
	0x8c52, 0x8c52, 0x8c52, 0x8c52, 0x8c52, 0x8c52, 0x8c52, 0x8c52, 0x0841, 0xf81f, 0xf81f, 0xf81f,
	0xf81f, 0xecce, 0xf81f, 0xf81f, 0x10c3, 0x5b0b, 0x5acb, 0x5acb, 0x5acb, 0x5acb, 0xce59, 0xce59,
	0xce59, 0x0841, 0xf81f, 0xf81f, 0xf81f, 0xf81f, 0xf81f, 0x0841, 0xce59, 0x10c3, 0xce59, 0x8c52,
	0x8c52, 0xce59, 0x10c3, 0xce59, 0x0841, 0xf81f, 0xf81f, 0xf81f, 0xf81f, 0xf81f, 0x0841, 0xce59,
	0xce59, 0xce59, 0x5acb, 0x5acb, 0x5acb, 0x5acb, 0x5b0b, 0x10c3, 0xf81f, 0xf81f, 0xecce, 0xf81f,
	0xf81f, 0xf81f, 0xf81f, 0x0841, 0x8c52, 0x8c92, 0x8c52, 0x8c52, 0x8c52, 0x8c52, 0x8c52, 0xecce,
	0xecce, 0xf81f, 0xf81f, 0xf81f, 0xf81f, 0xf81f, 0xecce, 0xf81f, 0x10c3, 0x5acb, 0x5acb, 0x5b0b,
	0x5acb, 0x5b0c, 0x5acb, 0x5acb, 0x5acb, 0x0841, 0xf81f, 0xf81f, 0xf81f, 0xf81f, 0x39c7, 0x10c3,
	0xce59, 0xce59, 0xce59, 0xce59, 0xce59, 0xce59, 0xce59, 0xce59, 0x0841, 0x39c7, 0xf81f, 0xf81f,
	0xf81f, 0xf81f, 0x0841, 0x5acb, 0x5acb, 0x5acb, 0x5b0c, 0x5acb, 0x5b0b, 0x5acb, 0x5acb, 0x10c3,
	0xf81f, 0xecce, 0xf81f, 0xf81f, 0xf81f, 0xf81f, 0xf81f, 0xecce, 0xecce, 0x8c52, 0x8c52, 0x8c52,
	0x8c52, 0x8c52, 0x8c52, 0x8c92, 0x0841, 0xf81f, 0xf81f, 0xf81f, 0xf81f, 0xecce, 0xf81f, 0xf81f,
	0x10c3, 0x5acb, 0x5acb, 0x5acb, 0x5acb, 0x5acb, 0x5acb, 0x5acb, 0x5acb, 0x0841, 0xf81f, 0xf81f,
	0xf81f, 0xf81f, 0x39c7, 0x10c3, 0xce59, 0xce59, 0x10c3, 0x8c52, 0x8c52, 0x10c3, 0xce59, 0xce59,
	0x0841, 0x39c7, 0xf81f, 0xf81f, 0xf81f, 0xf81f, 0x0841, 0x5acb, 0x5acb, 0x5acb, 0x5acb, 0x5acb,
	0x5acb, 0x5acb, 0x5acb, 0x10c3, 0xf81f, 0xf81f, 0xecce, 0xf81f, 0xf81f, 0xf81f, 0x39c7, 0x5acb,
	0x5acb, 0x8c52, 0x8c52, 0x8c52, 0x8c52, 0x8c52, 0xecce, 0x8c52, 0x5acb, 0x39c7, 0xf81f, 0xf81f,
	0xf81f, 0xf81f, 0xecce, 0xf81f, 0x39c7, 0x5acb, 0x5acb, 0x5acb, 0x5acb, 0x5acb, 0x0841, 0xaa44,
	0xaa44, 0xecce, 0xecce, 0xecce, 0xf81f, 0xf81f, 0x39c7, 0x5acb, 0x0841, 0xce59, 0xce59, 0xce59,
	0xce59, 0xce59, 0xce59, 0x0841, 0x5acb, 0x39c7, 0xf81f, 0xf81f, 0xecce, 0xecce, 0xecce, 0xaa44,
	0xaa44, 0x0841, 0x5acb, 0x5acb, 0x5acb, 0x5acb, 0x5acb, 0x39c7, 0xf81f, 0xecce, 0xf81f, 0xf81f,
	0xf81f, 0xf81f, 0x39c7, 0x5acb, 0x8c52, 0xecce, 0x8c52, 0x8c52, 0x8c52, 0x8c52, 0x8c52, 0x5acb,
	0x5acb, 0x39c7, 0xf81f, 0xf81f, 0xf81f, 0xecce, 0xf81f, 0xf81f, 0x39c7, 0x5acb, 0x5acb, 0x5acb,
	0x5acb, 0x5acb, 0x0841, 0xaa44, 0xaa44, 0xecce, 0xecce, 0xecce, 0xf81f, 0xf81f, 0x39c7, 0x10c3,
	0xce59, 0xce59, 0xce59, 0xce59, 0xce59, 0xce59, 0xce59, 0xce59, 0x0841, 0x39c7, 0xf81f, 0xf81f,
	0xecce, 0xecce, 0xecce, 0xaa44, 0xaa44, 0x0841, 0x5acb, 0x5acb, 0x5acb, 0x5acb, 0x5acb, 0x39c7,
	0xf81f, 0xf81f, 0xecce, 0xf81f, 0xf81f, 0xf81f, 0x39c7, 0x5acb, 0x5acb, 0x5acb, 0x5acb, 0x5acb,
	0x5acb, 0xecce, 0x5acb, 0x5acb, 0x5acb, 0x39c7, 0xf81f, 0xf81f, 0xf81f, 0xf81f, 0xaa44, 0x10c3,
	0x5acb, 0x5acb, 0x5acb, 0x5acb, 0x5acb, 0x5acb, 0x5acb, 0x5acb, 0x5acb, 0x5acb, 0x39c7, 0xf81f,
	0xf81f, 0xf81f, 0x39c7, 0x5acb, 0x5acb, 0x0841, 0xce59, 0xce59, 0xce59, 0xce59, 0x0841, 0x5acb,
	0x5acb, 0x39c7, 0xf81f, 0xf81f, 0xf81f, 0x39c7, 0x5acb, 0x5acb, 0x5acb, 0x5acb, 0x5acb, 0x5acb,
	0x5acb, 0x5acb, 0x5acb, 0x5acb, 0x10c3, 0xaa44, 0xf81f, 0xf81f, 0xf81f, 0xf81f, 0x39c7, 0x5b0c,
	0x5acb, 0x5acb, 0xecce, 0x5acb, 0x5acb, 0x5acb, 0x5acb, 0x5acb, 0x5acb, 0x39c7, 0xf81f, 0xf81f,
	0xf81f, 0xaa44, 0xf81f, 0x10c3, 0x5acb, 0x5acb, 0x5acb, 0x5acb, 0x5acb, 0x5acb, 0x5acb, 0x5acb,
	0x5acb, 0x5acb, 0x39c7, 0xf81f, 0xf81f, 0xf81f, 0x39c7, 0x5acb, 0x0841, 0xce59, 0xce59, 0xce59,
	0xce59, 0xce59, 0xce59, 0x0841, 0x5b0b, 0x39c7, 0xf81f, 0xf81f, 0xf81f, 0x39c7, 0x5acb, 0x5acb,
	0x5acb, 0x5acb, 0x5acb, 0x5acb, 0x5acb, 0x5acb, 0x5acb, 0x5acb, 0x10c3, 0xf81f, 0xaa44, 0xf81f,
	0xf81f, 0xf81f, 0x10c3, 0x5acb, 0x5acb, 0x5acb, 0x5acb, 0x5acb, 0x5acb, 0xecce, 0x5acb, 0x5b0c,
	0x5acb, 0x0841, 0xf81f, 0xf81f, 0xf81f, 0xf81f, 0xaa44, 0x10c3, 0x5acb, 0x5b0c, 0x5acb, 0x5acb,
	0x5acb, 0x5acb, 0x5acb, 0x5acb, 0x5acb, 0x5acb, 0x0841, 0xf81f, 0xf81f, 0xf81f, 0x10c3, 0x5acb,
	0x5acb, 0x5acb, 0x0841, 0xecce, 0xecce, 0x0841, 0x5acb, 0x5acb, 0x5acb, 0x0841, 0xf81f, 0xf81f,
	0xf81f, 0x0841, 0x5acb, 0x5acb, 0x5acb, 0x5acb, 0x5acb, 0x5acb, 0x5acb, 0x5acb, 0x5b0c, 0x5acb,
	0x10c3, 0xaa44, 0xf81f, 0xf81f, 0xf81f, 0xf81f, 0x0841, 0x5acb, 0x5acb, 0x5acb, 0xecce, 0x5acb,
	0x5acb, 0x5acb, 0x5acb, 0x5acb, 0x5acb, 0x10c3, 0xf81f, 0xf81f, 0xf81f, 0xaa44, 0xf81f, 0x10c3,
	0x5acb, 0x5b0c, 0x5acb, 0x5acb, 0x5acb, 0x5acb, 0x5acb, 0x5acb, 0x5acb, 0x5acb, 0x0841, 0xf81f,
	0xf81f, 0xf81f, 0x39c7, 0x5acb, 0x5acb, 0x0841, 0xce59, 0xce59, 0xce59, 0xce59, 0x0841, 0x5acb,
	0x5acb, 0x39c7, 0xf81f, 0xf81f, 0xf81f, 0x0841, 0x5acb, 0x5acb, 0x5acb, 0x5acb, 0x5acb, 0x5acb,
	0x5acb, 0x5acb, 0x5b0c, 0x5acb, 0x10c3, 0xf81f, 0xaa44, 0xf81f, 0xf81f, 0xf81f, 0x10c3, 0x5acb,
	0x5acb, 0x5acb, 0x5acb, 0x5acb, 0xecce, 0x5acb, 0x5acb, 0x5acb, 0x5acb, 0x0841, 0xf81f, 0xf81f,
	0xf81f, 0xf81f, 0xaa44, 0x10c3, 0x5acb, 0x5acb, 0x5acb, 0x5acb, 0x5acb, 0x5acb, 0x5acb, 0x5acb,
	0x5b0c, 0x5acb, 0x0841, 0xf81f, 0xf81f, 0xf81f, 0x10c3, 0x5acb, 0x10c3, 0x5acb, 0x5acb, 0x5acb,
	0x5acb, 0x5acb, 0x5acb, 0x10c3, 0x5acb, 0x0841, 0xf81f, 0xf81f, 0xf81f, 0x0841, 0x5acb, 0x5b0c,
	0x5acb, 0x5acb, 0x5acb, 0x5acb, 0x5acb, 0x5acb, 0x5acb, 0x5acb, 0x10c3, 0xaa44, 0xf81f, 0xf81f,
	0xf81f, 0xf81f, 0x0841, 0x5acb, 0x5acb, 0x5acb, 0x5acb, 0xecce, 0x5b0c, 0x5acb, 0x5acb, 0x5acb,
	0x5acb, 0x10c3, 0xf81f, 0xf81f, 0xf81f, 0xaa44, 0xf81f, 0x10c3, 0x5acb, 0x5acb, 0x5acb, 0x5acb,
	0x5acb, 0x5acb, 0x5acb, 0x5acb, 0x5acb, 0x5acb, 0x0841, 0xf81f, 0xf81f, 0xf81f, 0x10c3, 0x5acb,
	0x5acb, 0x5acb, 0x0841, 0xecce, 0xecce, 0x0841, 0x5acb, 0x5acb, 0x5acb, 0x0841, 0xf81f, 0xf81f,
	0xf81f, 0x0841, 0x5acb, 0x5acb, 0x5acb, 0x5acb, 0x5acb, 0x5acb, 0x5acb, 0x5acb, 0x5acb, 0x5acb,
	0x10c3, 0xf81f, 0xaa44, 0xf81f, 0xf81f, 0xf81f, 0x10c3, 0x5acb, 0x5b0c, 0x5acb, 0x5acb, 0x5acb,
	0xaa44, 0x5acb, 0x5acb, 0x5acb, 0x5acb, 0x0841, 0xf81f, 0xf81f, 0xf81f, 0xf81f, 0xf81f, 0xaa44,
	0x5acb, 0x5acb, 0x5acb, 0x5acb, 0x5acb, 0x5acb, 0x5acb, 0x5acb, 0x5acb, 0x5acb, 0x0841, 0xf81f,
	0xf81f, 0xf81f, 0x10c3, 0x5acb, 0xaa44, 0x5acb, 0x5acb, 0x5acb, 0x5b0b, 0x5acb, 0x5acb, 0xaa44,
	0x5acb, 0x0841, 0xf81f, 0xf81f, 0xf81f, 0x0841, 0x5acb, 0x5acb, 0x5acb, 0x5acb, 0x5acb, 0x5acb,
	0x5acb, 0x5acb, 0x5acb, 0x5acb, 0xaa44, 0xf81f, 0xf81f, 0xf81f, 0xf81f, 0xf81f, 0x0841, 0x5acb,
	0x5acb, 0x5acb, 0x5acb, 0xaa44, 0x5acb, 0x5acb, 0x5acb, 0x5acb, 0x5acb, 0x10c3, 0xf81f, 0xf81f,
	0xf81f, 0xf81f, 0xaa44, 0x10c3, 0x5acb, 0x5acb, 0x5acb, 0x5b0b, 0x5acb, 0x5acb, 0x5acb, 0x5acb,
	0x5acb, 0x5acb, 0x0841, 0xf81f, 0xf81f, 0xf81f, 0x10c3, 0x5acb, 0x10c3, 0x5acb, 0x5acb, 0x5acb,
	0x5acb, 0x5acb, 0x5acb, 0x10c3, 0x5acb, 0x0841, 0xf81f, 0xf81f, 0xf81f, 0x0841, 0x5acb, 0x5acb,
	0x5acb, 0x5acb, 0x5acb, 0x5acb, 0x5b0b, 0x5acb, 0x5acb, 0x5acb, 0x10c3, 0xaa44, 0xf81f, 0xf81f,
	0xf81f, 0xf81f, 0xf81f, 0x0841, 0x5acb, 0x5acb, 0x5acb, 0x5acb, 0x5acb, 0x5acb, 0x5acb, 0x5acb,
	0x0841, 0xf81f, 0xf81f, 0xf81f, 0xf81f, 0xf81f, 0xf81f, 0xf81f, 0xaa44, 0x5acb, 0x5acb, 0x5acb,
	0x5acb, 0x5acb, 0x5acb, 0x5acb, 0x5acb, 0x0841, 0xf81f, 0xf81f, 0xf81f, 0xf81f, 0xf81f, 0x0841,
	0xecce, 0x5acb, 0x5acb, 0x5acb, 0x5acb, 0x5acb, 0x5acb, 0xecce, 0x0841, 0xf81f, 0xf81f, 0xf81f,
	0xf81f, 0xf81f, 0x0841, 0x5acb, 0x5acb, 0x5acb, 0x5acb, 0x5acb, 0x5acb, 0x5acb, 0x5acb, 0xaa44,
	0xf81f, 0xf81f, 0xf81f, 0xf81f, 0xf81f, 0xf81f, 0xf81f, 0x0841, 0x5acb, 0x5acb, 0x5acb, 0x5acb,
	0x5acb, 0x5acb, 0x5acb, 0x5acb, 0x0841, 0xf81f, 0xf81f, 0xf81f, 0xf81f, 0xf81f, 0xf81f, 0xaa44,
	0x0841, 0x5acb, 0x5acb, 0x5acb, 0x5acb, 0x5acb, 0x5acb, 0x5acb, 0x5acb, 0x0841, 0xf81f, 0xf81f,
	0xf81f, 0xf81f, 0x10c3, 0x5acb, 0xaa44, 0x5acb, 0x5acb, 0x5acb, 0x5acb, 0x5acb, 0x5b0c, 0xaa44,
	0x5acb, 0x0841, 0xf81f, 0xf81f, 0xf81f, 0xf81f, 0x0841, 0x5acb, 0x5acb, 0x5acb, 0x5acb, 0x5acb,
	0x5acb, 0x5acb, 0x5acb, 0x0841, 0xaa44, 0xf81f, 0xf81f, 0xf81f, 0xf81f, 0xf81f, 0xf81f, 0xf81f,
	0x0841, 0x0841, 0x0841, 0x0841, 0x0841, 0x0841, 0x0841, 0x0841, 0xf81f, 0xf81f, 0xf81f, 0xf81f,
	0xf81f, 0xf81f, 0xf81f, 0xf81f, 0xf81f, 0x0841, 0x0841, 0x0841, 0x0841, 0x0841, 0x0841, 0x0841,
	0x0841, 0xf81f, 0xf81f, 0xf81f, 0xf81f, 0xf81f, 0xf81f, 0xf81f, 0xecce, 0x0841, 0x0841, 0x0841,
	0x0841, 0x0841, 0x0841, 0xecce, 0xf81f, 0xf81f, 0xf81f, 0xf81f, 0xf81f, 0xf81f, 0xf81f, 0x0841,
	0x0841, 0x0841, 0x0841, 0x0841, 0x0841, 0x0841, 0x0841, 0xf81f, 0xf81f, 0xf81f, 0xf81f, 0xf81f,
	0xf81f, 0xf81f, 0xf81f, 0xf81f, 0x0841, 0x0841, 0x0841, 0x0841, 0x0841, 0x0841, 0x0841, 0x0841,
	0xf81f, 0xf81f, 0xf81f, 0xf81f, 0xf81f, 0xf81f, 0xf81f, 0xf81f, 0xf81f, 0x0841, 0x0841, 0x0841,
	0x0841, 0x0841, 0x0841, 0x0841, 0x0841, 0xf81f, 0xf81f, 0xf81f, 0xf81f, 0xf81f, 0xf81f, 0xecce,
	0x5acb, 0x5acb, 0x5acb, 0x5acb, 0x5b0c, 0x5acb, 0x5acb, 0x5acb, 0xecce, 0xf81f, 0xf81f, 0xf81f,
	0xf81f, 0xf81f, 0xf81f, 0x0841, 0x0841, 0x0841, 0x0841, 0x0841, 0x0841, 0x0841, 0x0841, 0xf81f,
	0xf81f, 0xf81f, 0xf81f, 0xf81f, 0xf81f, 0xf81f, 0xf81f, 0xf81f, 0xf81f, 0xaa44, 0xf81f, 0xf81f,
	0xf81f, 0xf81f, 0xaa44, 0xf81f, 0xf81f, 0xf81f, 0xf81f, 0xf81f, 0xf81f, 0xf81f, 0xf81f, 0xf81f,
	0xf81f, 0xf81f, 0xaa44, 0xf81f, 0xf81f, 0xf81f, 0xf81f, 0xf81f, 0xf81f, 0xf81f, 0xf81f, 0xf81f,
	0xf81f, 0xf81f, 0xf81f, 0xf81f, 0xecce, 0xf81f, 0xf81f, 0xf81f, 0xf81f, 0xf81f, 0xf81f, 0xecce,
	0xf81f, 0xf81f, 0xf81f, 0xf81f, 0xf81f, 0xf81f, 0xf81f, 0xf81f, 0xf81f, 0xf81f, 0xf81f, 0xf81f,
	0xf81f, 0xaa44, 0xf81f, 0xf81f, 0xf81f, 0xf81f, 0xf81f, 0xf81f, 0xf81f, 0xf81f, 0xf81f, 0xf81f,
	0xf81f, 0xaa44, 0xf81f, 0xf81f, 0xf81f, 0xf81f, 0xaa44, 0xf81f, 0xf81f, 0xf81f, 0xf81f, 0xf81f,
	0xf81f, 0xf81f, 0xf81f, 0xf81f, 0xf81f, 0xf81f, 0xaa44, 0xf81f, 0xf81f, 0xf81f, 0xf81f, 0xaa44,
	0xf81f, 0xf81f, 0xf81f, 0xf81f, 0xf81f, 0xf81f, 0xf81f, 0xf81f, 0xecce, 0x0841, 0x0841, 0x0841,
	0x0841, 0x0841, 0x0841, 0xecce, 0xf81f, 0xf81f, 0xf81f, 0xf81f, 0xf81f, 0xf81f, 0xf81f, 0xf81f,
	0xaa44, 0xf81f, 0xf81f, 0xf81f, 0xf81f, 0xaa44, 0xf81f, 0xf81f, 0xf81f, 0xf81f, 0xf81f, 0xf81f,
	0xf81f, 0xf81f, 0xf81f, 0x0000, 0x0841, 0x0841, 0x0841, 0x1041, 0x1041, 0x0841, 0x0841, 0x0841,
	0x1041, 0xf81f, 0xf81f, 0xf81f, 0xf81f, 0xf81f, 0xf81f, 0x0000, 0x0000, 0x1041, 0x0841, 0x0841,
	0x1041, 0x0841, 0x0841, 0x0841, 0x1041, 0xf81f, 0xf81f, 0xf81f, 0xf81f, 0xf81f, 0xf81f, 0x0000,
	0x0841, 0x0841, 0x0841, 0x5acb, 0x5acb, 0x0841, 0x0841, 0x0841, 0x1041, 0xecce, 0xf81f, 0xf81f,
	0xf81f, 0xf81f, 0xf81f, 0x1041, 0x0841, 0x0841, 0x0841, 0x1041, 0x0841, 0x0841, 0x1041, 0x0000,
	0x0000, 0xf81f, 0xf81f, 0xf81f, 0xf81f, 0xf81f, 0xf81f, 0x0000, 0x0841, 0x0841, 0x0841, 0x1041,
	0x1041, 0x0841, 0x0841, 0x0841, 0x1041, 0xf81f, 0xf81f, 0xf81f, 0xf81f, 0xf81f, 0xf81f, 0x0000,
	0x0000, 0x1041, 0x0841, 0x0841, 0x1041, 0x0841, 0x0841, 0x0841, 0x1041, 0xf81f, 0xf81f, 0xf81f,
	0xf81f, 0xf81f, 0xecce, 0x0000, 0x0841, 0x0841, 0x0841, 0x5acb, 0x5acb, 0x0841, 0x0841, 0x0841,
	0x1041, 0xf81f, 0xf81f, 0xf81f, 0xf81f, 0xf81f, 0xf81f, 0x1041, 0x0841, 0x0841, 0x0841, 0x1041,
	0x0841, 0x0841, 0x1041, 0x0000, 0x0000, 0xf81f, 0xf81f, 0xf81f, 0xf81f, 0x0841, 0x0841, 0x0000,
	0x0841, 0x0841, 0x0841, 0x5acb, 0x5acb, 0x0841, 0x0841, 0x0841, 0x0000, 0x1041, 0x1041, 0xf81f,
	0xf81f, 0x0841, 0x0841, 0x0000, 0x0000, 0x0000, 0x0841, 0x0841, 0x0841, 0x8c52, 0x8c52, 0x8c52,
	0x9452, 0x1041, 0x1041, 0xf81f, 0xf81f, 0x0841, 0x0841, 0x0000, 0x0841, 0x0841, 0x8c52, 0x8c52,
	0x8c52, 0x8c52, 0x0841, 0x0841, 0xaa45, 0x1041, 0x1041, 0xf81f, 0xf81f, 0x1041, 0x1041, 0x9452,
	0x8c52, 0x8c52, 0x8c52, 0x0841, 0x0841, 0x0841, 0x0000, 0x0000, 0x0000, 0x0841, 0x0841, 0xf81f,
	0xf81f, 0x0841, 0x0841, 0x0000, 0x0841, 0x0841, 0x0841, 0x5acb, 0x5acb, 0x0841, 0x0841, 0x0841,
	0x0000, 0x1041, 0x1041, 0xf81f, 0xf81f, 0x0841, 0x0841, 0x0000, 0x0000, 0x0000, 0x0841, 0x0841,
	0x0841, 0x8c52, 0x8c52, 0x8c52, 0x9452, 0x1041, 0x1041, 0xf81f, 0xf81f, 0x0841, 0x0841, 0xaa45,
	0x0841, 0x0841, 0x8c52, 0x8c52, 0x8c52, 0x8c52, 0x0841, 0x0841, 0x0841, 0x1041, 0x1041, 0xf81f,
	0xf81f, 0x1041, 0x1041, 0x9452, 0x8c52, 0x8c52, 0x8c52, 0x0841, 0x0841, 0x0841, 0x0000, 0x0000,
	0x0000, 0x0841, 0x0841, 0xf81f, 0x0841, 0x0000, 0x0000, 0x0000, 0x0841, 0x5acb, 0x8c52, 0x8c52,
	0x8c52, 0x8c52, 0x5acb, 0x0841, 0x0000, 0x0000, 0x0000, 0x0000, 0x0841, 0x0000, 0x0000, 0x0000,
	0x0000, 0x0000, 0x0841, 0x0841, 0x8c52, 0x8c52, 0xce59, 0xce59, 0x8c52, 0x8c52, 0x0841, 0x0000,
	0x0841, 0x0000, 0x0000, 0x0841, 0x8c52, 0x8c52, 0x8c52, 0x8c52, 0x8c52, 0x8c52, 0x8c52, 0x8c52,
	0x0841, 0x0000, 0x0000, 0x0000, 0x0000, 0x0841, 0x8c52, 0x8c52, 0xce59, 0xce59, 0x8c52, 0x8c52,
	0x0841, 0x0841, 0x0000, 0x0000, 0x0000, 0x0000, 0x0000, 0x0841, 0x0841, 0x0000, 0x0000, 0x0000,
	0x0841, 0x5acb, 0x8c52, 0x8c52, 0x8c52, 0x8c52, 0x5acb, 0x0841, 0x0000, 0x0000, 0x0000, 0x0000,
	0x0841, 0x0000, 0x0000, 0x0000, 0x0000, 0x0000, 0x0841, 0x0841, 0x8c52, 0x8c52, 0xce59, 0xce59,
	0x8c52, 0x8c52, 0x0841, 0x0000, 0x0841, 0x0000, 0x0000, 0x0841, 0x8c52, 0x8c52, 0x8c52, 0x8c52,
	0x8c52, 0x8c52, 0x8c52, 0x8c52, 0x0841, 0x0000, 0x0000, 0x0000, 0x0000, 0x0841, 0x8c52, 0x8c52,
	0xce59, 0xce59, 0x8c52, 0x8c52, 0x0841, 0x0841, 0x0000, 0x0000, 0x0000, 0x0000, 0x0000, 0x0841,
	0x0000, 0x0000, 0x0000, 0x0841, 0x8c52, 0x8c52, 0x8c52, 0x8c52, 0x8c52, 0x8c52, 0x8c52, 0x8c52,
	0x0841, 0x0000, 0x0000, 0x0000, 0xecce, 0x0000, 0x0000, 0x0000, 0x0000, 0x0000, 0x0841, 0x8c52,
	0x8c52, 0xce59, 0xce59, 0x10c3, 0xce59, 0xce59, 0xce59, 0xecce, 0x0000, 0x0000, 0x0000, 0x0841,
	0x8c52, 0xce59, 0x8c52, 0x8c52, 0x8c52, 0x8c52, 0xce59, 0x8c52, 0x0841, 0x0000, 0x0000, 0x0000,
	0xecce, 0xce59, 0xce59, 0xce59, 0x10c3, 0xce59, 0xce59, 0x8c52, 0x8c52, 0x0841, 0x0000, 0x0000,
	0x0000, 0x0000, 0x0000, 0xecce, 0x0000, 0x0000, 0x0000, 0x0841, 0x8c52, 0x8c52, 0x8c52, 0x8c52,
	0x8c52, 0x8c52, 0x8c52, 0x8c52, 0x0841, 0x0000, 0x0000, 0x0000, 0xecce, 0x0000, 0x0000, 0x0000,
	0x0000, 0x0000, 0x0841, 0x8c52, 0x8c52, 0xce59, 0xce59, 0x10c3, 0xce59, 0xce59, 0xce59, 0xecce,
	0x0000, 0x0000, 0x0000, 0x0841, 0x8c52, 0xce59, 0x8c52, 0x8c52, 0x8c52, 0x8c52, 0xce59, 0x8c52,
	0x0841, 0x0000, 0x0000, 0x0000, 0xecce, 0xce59, 0xce59, 0xce59, 0x10c3, 0xce59, 0xce59, 0x8c52,
	0x8c52, 0x0841, 0x0000, 0x0000, 0x0000, 0x0000, 0x0000, 0xecce, 0x0000, 0x0000, 0x0000, 0x0841,
	0x8c52, 0x8c52, 0x8c52, 0x8c52, 0x8c52, 0x8c52, 0x8c52, 0x8c52, 0x0841, 0x0000, 0xecce, 0x0000,
	0xecce, 0x0000, 0x0000, 0x0000, 0x0000, 0x0841, 0x5acb, 0x8c52, 0x8c52, 0xce59, 0xce59, 0x10c3,
	0xce59, 0xce59, 0xce59, 0xecce, 0x0000, 0x0000, 0x0000, 0x0841, 0xce59, 0x10c3, 0xce59, 0x8c52,
	0x8c52, 0xce59, 0x10c3, 0xce59, 0x0841, 0x0000, 0x0000, 0x0000, 0xecce, 0xce59, 0xce59, 0xce59,
	0x10c3, 0xce59, 0xce59, 0x8c52, 0x8c52, 0x5acb, 0x0841, 0x0000, 0x0000, 0x0000, 0x0000, 0xecce,
	0x0000, 0x0000, 0x0000, 0x0841, 0x8c52, 0x8c52, 0x8c52, 0x8c52, 0x8c52, 0x8c52, 0x8c52, 0x8c52,
	0x0841, 0x0000, 0xecce, 0x0000, 0xecce, 0x0000, 0x0000, 0x0000, 0x0000, 0x0841, 0x5acb, 0x8c52,
	0x8c52, 0xce59, 0xce59, 0x10c3, 0xce59, 0xce59, 0xce59, 0xecce, 0x0000, 0x0000, 0x0000, 0x0841,
	0xce59, 0x10c3, 0xce59, 0x8c52, 0x8c52, 0xce59, 0x10c3, 0xce59, 0x0841, 0x0000, 0x0000, 0x0000,
	0xecce, 0xce59, 0xce59, 0xce59, 0x10c3, 0xce59, 0xce59, 0x8c52, 0x8c52, 0x5acb, 0x0841, 0x0000,
	0x0000, 0x0000, 0x0000, 0xecce, 0x0000, 0x0000, 0x0000, 0x0841, 0x8c52, 0x8c52, 0x8c92, 0x8c52,
	0x8c52, 0x8c52, 0x8c52, 0x8c52, 0x0841, 0x0000, 0xecce, 0x1041, 0x0000, 0xecce, 0x0000, 0x0000,
	0x0000, 0x10c3, 0x5acb, 0x5acb, 0x8c52, 0xce59, 0xce59, 0xce59, 0xce59, 0xce59, 0x0841, 0x1041,
	0x0000, 0x0000, 0x39c7, 0x10c3, 0xce59, 0x10c3, 0xce59, 0x8c52, 0x8c52, 0xce59, 0x10c3, 0xce59,
	0x0841, 0x39c7, 0x0000, 0x1041, 0x1041, 0x0841, 0xce59, 0xce59, 0xce59, 0xce59, 0xce59, 0x8c52,
	0x5acb, 0x5acb, 0x10c3, 0x0000, 0x0000, 0x0000, 0xecce, 0x0000, 0x0000, 0x0000, 0x0000, 0x0841,
	0x8c52, 0x8c52, 0x8c92, 0x8c52, 0x8c52, 0x8c52, 0x8c52, 0x8c52, 0x0841, 0x0000, 0xecce, 0x1041,
	0x0000, 0xecce, 0x0000, 0x0000, 0x0000, 0x10c3, 0x5acb, 0x5acb, 0x8c52, 0xce59, 0xce59, 0xce59,
	0xce59, 0xce59, 0x0841, 0x1041, 0x0000, 0x0000, 0x39c7, 0x10c3, 0xce59, 0x10c3, 0xce59, 0x8c52,
	0x8c52, 0xce59, 0x10c3, 0xce59, 0x0841, 0x39c7, 0x0000, 0x1041, 0x1041, 0x0841, 0xce59, 0xce59,
	0xce59, 0xce59, 0xce59, 0x8c52, 0x5acb, 0x5acb, 0x10c3, 0x0000, 0x0000, 0x0000, 0xecce, 0x0000,
	0x0841, 0x1041, 0x0000, 0x0841, 0x8c52, 0x8c52, 0x8c52, 0x8c52, 0x8c52, 0x8c92, 0x8c52, 0x8c52,
	0x0841, 0xecce, 0x1041, 0x0841, 0x0841, 0x1041, 0x0000, 0x0000, 0x10c3, 0x5acb, 0x5acb, 0x5acb,
	0x5acb, 0x5acb, 0xce59, 0xce59, 0xce59, 0x0841, 0x1041, 0x0841, 0x0841, 0x1041, 0x39c7, 0x10c3,
	0xce59, 0xce59, 0xce59, 0xce59, 0xce59, 0xce59, 0xce59, 0xce59, 0x0841, 0x39c7, 0x1041, 0x0841,
	0x0841, 0x1041, 0x0841, 0xce59, 0xce59, 0xce59, 0x5acb, 0x5acb, 0x5acb, 0x5acb, 0x5acb, 0x10c3,
	0x0000, 0x0000, 0x1041, 0x0841, 0x0841, 0x1041, 0x0000, 0x0841, 0x8c52, 0x8c52, 0x8c52, 0x8c52,
	0x8c52, 0x8c92, 0x8c52, 0x8c52, 0x0841, 0xecce, 0x1041, 0x0841, 0x0841, 0x1041, 0x0000, 0x0000,
	0x10c3, 0x5acb, 0x5acb, 0x5acb, 0x5acb, 0x5acb, 0xce59, 0xce59, 0xce59, 0x0841, 0x1041, 0x0841,
	0x0841, 0x1041, 0x39c7, 0x10c3, 0xce59, 0xce59, 0xce59, 0xce59, 0xce59, 0xce59, 0xce59, 0xce59,
	0x0841, 0x39c7, 0x1041, 0x0841, 0x0841, 0x1041, 0x0841, 0xce59, 0xce59, 0xce59, 0x5acb, 0x5acb,
	0x5acb, 0x5acb, 0x5acb, 0x10c3, 0x0000, 0x0000, 0x1041, 0x0841, 0x0841, 0x3a88, 0x1041, 0x1041,
	0x1041, 0x1041, 0x1041, 0x1041, 0x1041, 0x0841, 0x0841, 0x1041, 0x1041, 0x1041, 0x3287, 0x1041,
	0x0841, 0x3a88, 0x1041, 0x1041, 0x1041, 0x1041, 0x1041, 0x1041, 0x1041, 0x0841, 0x0841, 0x1041,
	0x1041, 0x1041, 0x3287, 0x1041, 0x0841, 0x3a88, 0x1041, 0x1041, 0x0841, 0xce59, 0xce59, 0xce59,
	0xce59, 0xce59, 0xce59, 0x0841, 0x1041, 0x1041, 0x3287, 0x1041, 0x0841, 0x3a88, 0x1041, 0x1041,
	0x1041, 0x1041, 0x1041, 0x1041, 0x1041, 0x0841, 0x0841, 0x1041, 0x1041, 0x1041, 0x3287, 0x1041,
	0x0841, 0x3a88, 0x1041, 0x1041, 0x1041, 0x1041, 0x1041, 0x1041, 0x1041, 0x0841, 0x0841, 0x1041,
	0x1041, 0x1041, 0x3287, 0x1041, 0x0841, 0x3a88, 0x1041, 0x1041, 0x1041, 0x1041, 0x1041, 0x1041,
	0x1041, 0x0841, 0x0841, 0x1041, 0x1041, 0x1041, 0x3287, 0x1041, 0x0841, 0x3a88, 0x1041, 0x1041,
	0x0841, 0xce59, 0xce59, 0xce59, 0xce59, 0xce59, 0xce59, 0x0841, 0x1041, 0x1041, 0x3287, 0x1041,
	0x0841, 0x3a88, 0x1041, 0x1041, 0x1041, 0x1041, 0x1041, 0x1041, 0x1041, 0x0841, 0x0841, 0x1041,
	0x1041, 0x1041, 0x3287, 0x1041, 0x0841, 0x3a88, 0x9492, 0xad96, 0xad96, 0xad96, 0xad96, 0xad96,
	0xad96, 0xad96, 0xad96, 0xad96, 0xad96, 0x9492, 0x3a88, 0x1041, 0x0841, 0x3a88, 0x9492, 0xad96,
	0xad96, 0xad96, 0xad96, 0xad96, 0xad96, 0xad96, 0xad96, 0xad96, 0xad96, 0x9492, 0x3a88, 0x1041,
	0x0841, 0x3a88, 0x9492, 0xad96, 0xad96, 0x0841, 0xce59, 0xce59, 0xce59, 0xce59, 0x0841, 0xad96,
	0xad96, 0x9492, 0x3a88, 0x1041, 0x0841, 0x3a88, 0x9492, 0xad96, 0xad96, 0xad96, 0xad96, 0xad96,
	0xad96, 0xad96, 0xad96, 0xad96, 0xad96, 0x9492, 0x3a88, 0x1041, 0x0841, 0x3a88, 0x9492, 0xad96,
	0xad96, 0xad96, 0xad96, 0xad96, 0xad96, 0xad96, 0xad96, 0xad96, 0xad96, 0x9492, 0x3a88, 0x1041,
	0x0841, 0x3a88, 0x9492, 0xad96, 0xad96, 0xad96, 0xad96, 0xad96, 0xad96, 0xad96, 0xad96, 0xad96,
	0xad96, 0x9492, 0x3a88, 0x1041, 0x0841, 0x3a88, 0x9492, 0xad96, 0xad96, 0x0841, 0xce59, 0xce59,
	0xce59, 0xce59, 0x0841, 0xad96, 0xad96, 0x9492, 0x3a88, 0x1041, 0x0841, 0x3a88, 0x9492, 0xad96,
	0xad96, 0xad96, 0xad96, 0xad96, 0xad96, 0xad96, 0xad96, 0xad96, 0xad96, 0x9492, 0x3a88, 0x1041,
	0x1041, 0x3287, 0x9492, 0xad55, 0x3287, 0x9492, 0xad96, 0x3a88, 0x9492, 0xad96, 0x3a88, 0x9492,
	0xad96, 0x9492, 0x3a88, 0x0841, 0x1041, 0x3287, 0x9492, 0xad55, 0x3287, 0x9492, 0xad96, 0x3a88,
	0x9492, 0xad96, 0x3a88, 0x9492, 0xad96, 0x9492, 0x3a88, 0x0841, 0x1041, 0x3287, 0x9492, 0xad55,
	0x3287, 0x9492, 0x0841, 0xecce, 0xecce, 0x0841, 0x3a88, 0x9492, 0xad96, 0x9492, 0x3a88, 0x0841,
	0x1041, 0x3287, 0x9492, 0xad55, 0x3287, 0x9492, 0xad96, 0x3a88, 0x9492, 0xad96, 0x3a88, 0x9492,
	0xad96, 0x9492, 0x3a88, 0x0841, 0x1041, 0x3287, 0x9492, 0xad55, 0x3287, 0x9492, 0xad96, 0x3a88,
	0x9492, 0xad96, 0x3a88, 0x9492, 0xad96, 0x9492, 0x3a88, 0x0841, 0x1041, 0x3287, 0x9492, 0xad55,
	0x3287, 0x9492, 0xad96, 0x3a88, 0x9492, 0xad96, 0x3a88, 0x9492, 0xad96, 0x9492, 0x3a88, 0x0841,
	0x1041, 0x3287, 0x9492, 0xad55, 0x3287, 0x9492, 0x0841, 0xecce, 0xecce, 0x0841, 0x3a88, 0x9492,
	0xad96, 0x9492, 0x3a88, 0x0841, 0x1041, 0x3287, 0x9492, 0xad55, 0x3287, 0x9492, 0xad96, 0x3a88,
	0x9492, 0xad96, 0x3a88, 0x9492, 0xad96, 0x9492, 0x3a88, 0x0841, 0x1041, 0x3a88, 0x9492, 0xad96,
	0x3a88, 0x9492, 0xad96, 0x3287, 0x9492, 0xad96, 0x3a88, 0x9492, 0xad96, 0x9492, 0x3287, 0x0841,
	0x1041, 0x3a88, 0x9492, 0xad96, 0x3a88, 0x9492, 0xad96, 0x3287, 0x9492, 0xad96, 0x3a88, 0x9492,
	0xad96, 0x9492, 0x3287, 0x0841, 0x1041, 0x3a88, 0x9492, 0xad96, 0x3a88, 0x9492, 0xad96, 0x3287,
	0x9492, 0xad96, 0x3a88, 0x9492, 0xad96, 0x9492, 0x3287, 0x0841, 0x1041, 0x3a88, 0x9492, 0xad96,
	0x3a88, 0x9492, 0xad96, 0x3287, 0x9492, 0xad96, 0x3a88, 0x9492, 0xad96, 0x9492, 0x3287, 0x0841,
	0x1041, 0x3a88, 0x9492, 0xad96, 0x3a88, 0x9492, 0xad96, 0x3287, 0x9492, 0xad96, 0x3a88, 0x9492,
	0xad96, 0x9492, 0x3287, 0x0841, 0x1041, 0x3a88, 0x9492, 0xad96, 0x3a88, 0x9492, 0xad96, 0x3287,
	0x9492, 0xad96, 0x3a88, 0x9492, 0xad96, 0x9492, 0x3287, 0x0841, 0x1041, 0x3a88, 0x9492, 0xad96,
	0x3a88, 0x9492, 0xad96, 0x3287, 0x9492, 0xad96, 0x3a88, 0x9492, 0xad96, 0x9492, 0x3287, 0x0841,
	0x1041, 0x3a88, 0x9492, 0xad96, 0x3a88, 0x9492, 0xad96, 0x3287, 0x9492, 0xad96, 0x3a88, 0x9492,
	0xad96, 0x9492, 0x3287, 0x0841, 0xf81f, 0x1041, 0x9492, 0xad96, 0x3287, 0x9492, 0xad96, 0x3288,
	0x9492, 0xad96, 0x3a88, 0x9492, 0xad96, 0x9492, 0x0841, 0xf81f, 0xf81f, 0x1041, 0x9492, 0xad96,
	0x3287, 0x9492, 0xad96, 0x3288, 0x9492, 0xad96, 0x3a88, 0x9492, 0xad96, 0x9492, 0x0841, 0xf81f,
	0xf81f, 0x1041, 0x9492, 0xad96, 0x3287, 0x9492, 0xad96, 0x3288, 0x9492, 0xad96, 0x3a88, 0x9492,
	0xad96, 0x9492, 0x0841, 0xf81f, 0xf81f, 0x1041, 0x9492, 0xad96, 0x3287, 0x9492, 0xad96, 0x3288,
	0x9492, 0xad96, 0x3a88, 0x9492, 0xad96, 0x9492, 0x0841, 0xf81f, 0xf81f, 0x1041, 0x9492, 0xad96,
	0x3287, 0x9492, 0xad96, 0x3288, 0x9492, 0xad96, 0x3a88, 0x9492, 0xad96, 0x9492, 0x0841, 0xf81f,
	0xf81f, 0x1041, 0x9492, 0xad96, 0x3287, 0x9492, 0xad96, 0x3288, 0x9492, 0xad96, 0x3a88, 0x9492,
	0xad96, 0x9492, 0x0841, 0xf81f, 0xf81f, 0x1041, 0x9492, 0xad96, 0x3287, 0x9492, 0xad96, 0x3288,
	0x9492, 0xad96, 0x3a88, 0x9492, 0xad96, 0x9492, 0x0841, 0xf81f, 0xf81f, 0x1041, 0x9492, 0xad96,
	0x3287, 0x9492, 0xad96, 0x3288, 0x9492, 0xad96, 0x3a88, 0x9492, 0xad96, 0x9492, 0x0841, 0xf81f,
	0xf81f, 0x0841, 0x9492, 0xad96, 0x3a88, 0x9492, 0xad96, 0x3a88, 0x9492, 0xad96, 0x3a88, 0x9492,
	0xad96, 0x9492, 0x0841, 0xf81f, 0xf81f, 0x0841, 0x9492, 0xad96, 0x3a88, 0x9492, 0xad96, 0x3a88,
	0x9492, 0xad96, 0x3a88, 0x9492, 0xad96, 0x9492, 0x0841, 0xf81f, 0xf81f, 0x0841, 0x9492, 0xad96,
	0x3a88, 0x9492, 0xad96, 0x3a88, 0x9492, 0xad96, 0x3a88, 0x9492, 0xad96, 0x9492, 0x0841, 0xf81f,
	0xf81f, 0x0841, 0x9492, 0xad96, 0x3a88, 0x9492, 0xad96, 0x3a88, 0x9492, 0xad96, 0x3a88, 0x9492,
	0xad96, 0x9492, 0x0841, 0xf81f, 0xf81f, 0x0841, 0x9492, 0xad96, 0x3a88, 0x9492, 0xad96, 0x3a88,
	0x9492, 0xad96, 0x3a88, 0x9492, 0xad96, 0x9492, 0x0841, 0xf81f, 0xf81f, 0x0841, 0x9492, 0xad96,
	0x3a88, 0x9492, 0xad96, 0x3a88, 0x9492, 0xad96, 0x3a88, 0x9492, 0xad96, 0x9492, 0x0841, 0xf81f,
	0xf81f, 0x0841, 0x9492, 0xad96, 0x3a88, 0x9492, 0xad96, 0x3a88, 0x9492, 0xad96, 0x3a88, 0x9492,
	0xad96, 0x9492, 0x0841, 0xf81f, 0xf81f, 0x0841, 0x9492, 0xad96, 0x3a88, 0x9492, 0xad96, 0x3a88,
	0x9492, 0xad96, 0x3a88, 0x9492, 0xad96, 0x9492, 0x0841, 0xf81f, 0xf81f, 0x0841, 0x9492, 0xad96,
	0x3a88, 0x9492, 0xad96, 0x3a88, 0x9492, 0xad96, 0x3287, 0x9492, 0xad96, 0x9492, 0x1041, 0xf81f,
	0xf81f, 0x0841, 0x9492, 0xad96, 0x3a88, 0x9492, 0xad96, 0x3a88, 0x9492, 0xad96, 0x3287, 0x9492,
	0xad96, 0x9492, 0x1041, 0xf81f, 0xf81f, 0x0841, 0x9492, 0xad96, 0x3a88, 0x9492, 0xad96, 0x3a88,
	0x9492, 0xad96, 0x3287, 0x9492, 0xad96, 0x9492, 0x1041, 0xf81f, 0xf81f, 0x0841, 0x9492, 0xad96,
	0x3a88, 0x9492, 0xad96, 0x3a88, 0x9492, 0xad96, 0x3287, 0x9492, 0xad96, 0x9492, 0x1041, 0xf81f,
	0xf81f, 0x0841, 0x9492, 0xad96, 0x3a88, 0x9492, 0xad96, 0x3a88, 0x9492, 0xad96, 0x3287, 0x9492,
	0xad96, 0x9492, 0x1041, 0xf81f, 0xf81f, 0x0841, 0x9492, 0xad96, 0x3a88, 0x9492, 0xad96, 0x3a88,
	0x9492, 0xad96, 0x3287, 0x9492, 0xad96, 0x9492, 0x1041, 0xf81f, 0xf81f, 0x0841, 0x9492, 0xad96,
	0x3a88, 0x9492, 0xad96, 0x3a88, 0x9492, 0xad96, 0x3287, 0x9492, 0xad96, 0x9492, 0x1041, 0xf81f,
	0xf81f, 0x0841, 0x9492, 0xad96, 0x3a88, 0x9492, 0xad96, 0x3a88, 0x9492, 0xad96, 0x3287, 0x9492,
	0xad96, 0x9492, 0x1041, 0xf81f, 0xf81f, 0xf81f, 0x1041, 0xad96, 0x3287, 0x9492, 0xad96, 0x3a88,
	0x9492, 0xad96, 0x3287, 0x9492, 0xad96, 0x1041, 0x0000, 0xf81f, 0xf81f, 0xf81f, 0x1041, 0xad96,
	0x3287, 0x9492, 0xad96, 0x3a88, 0x9492, 0xad96, 0x3287, 0x9492, 0xad96, 0x1041, 0x0000, 0xf81f,
	0xf81f, 0xf81f, 0x1041, 0xad96, 0x3287, 0x9492, 0xad96, 0x3a88, 0x9492, 0xad96, 0x3287, 0x9492,
	0xad96, 0x1041, 0x0000, 0xf81f, 0xf81f, 0xf81f, 0x1041, 0xad96, 0x3287, 0x9492, 0xad96, 0x3a88,
	0x9492, 0xad96, 0x3287, 0x9492, 0xad96, 0x1041, 0x0000, 0xf81f, 0xf81f, 0xf81f, 0x1041, 0xad96,
	0x3287, 0x9492, 0xad96, 0x3a88, 0x9492, 0xad96, 0x3287, 0x9492, 0xad96, 0x1041, 0x0000, 0xf81f,
	0xf81f, 0xf81f, 0x1041, 0xad96, 0x3287, 0x9492, 0xad96, 0x3a88, 0x9492, 0xad96, 0x3287, 0x9492,
	0xad96, 0x1041, 0x0000, 0xf81f, 0xf81f, 0xf81f, 0x1041, 0xad96, 0x3287, 0x9492, 0xad96, 0x3a88,
	0x9492, 0xad96, 0x3287, 0x9492, 0xad96, 0x1041, 0x0000, 0xf81f, 0xf81f, 0xf81f, 0x1041, 0xad96,
	0x3287, 0x9492, 0xad96, 0x3a88, 0x9492, 0xad96, 0x3287, 0x9492, 0xad96, 0x1041, 0x0000, 0xf81f,
	0xf81f, 0xf81f, 0x0841, 0x0841, 0x1041, 0x1041, 0x1041, 0x1041, 0x1041, 0x1041, 0x1041, 0x1041,
	0x0841, 0x0841, 0xf81f, 0xf81f, 0xf81f, 0xf81f, 0x0841, 0x0841, 0x1041, 0x1041, 0x1041, 0x1041,
	0x1041, 0x1041, 0x1041, 0x1041, 0x0841, 0x0841, 0xf81f, 0xf81f, 0xf81f, 0xf81f, 0x0841, 0x0841,
	0x1041, 0x1041, 0x1041, 0x1041, 0x1041, 0x1041, 0x1041, 0x1041, 0x0841, 0x0841, 0xf81f, 0xf81f,
	0xf81f, 0xf81f, 0x0841, 0x0841, 0x1041, 0x1041, 0x1041, 0x1041, 0x1041, 0x1041, 0x1041, 0x1041,
	0x0841, 0x0841, 0xf81f, 0xf81f, 0xf81f, 0xf81f, 0x0841, 0x0841, 0x1041, 0x1041, 0x1041, 0x1041,
	0x1041, 0x1041, 0x1041, 0x1041, 0x0841, 0x0841, 0xf81f, 0xf81f, 0xf81f, 0xf81f, 0x0841, 0x0841,
	0x1041, 0x1041, 0x1041, 0x1041, 0x1041, 0x1041, 0x1041, 0x1041, 0x0841, 0x0841, 0xf81f, 0xf81f,
	0xf81f, 0xf81f, 0x0841, 0x0841, 0x1041, 0x1041, 0x1041, 0x1041, 0x1041, 0x1041, 0x1041, 0x1041,
	0x0841, 0x0841, 0xf81f, 0xf81f, 0xf81f, 0xf81f, 0x0841, 0x0841, 0x1041, 0x1041, 0x1041, 0x1041,
	0x1041, 0x1041, 0x1041, 0x1041, 0x0841, 0x0841, 0xf81f, 0xf81f, 0xf81f, 0xf81f, 0xf81f, 0xf81f,
	0xf81f, 0xf81f, 0xf81f, 0xf81f, 0xf81f, 0xf81f, 0xf81f, 0xf81f, 0xf81f, 0xf81f, 0xf81f, 0xf81f,
	0xf81f, 0xf81f, 0xf81f, 0xf81f, 0xf81f, 0xf81f, 0xf81f, 0xf81f, 0xf81f, 0xf81f, 0xf81f, 0xf81f,
	0xf81f, 0xf81f, 0xf81f, 0xf81f, 0xf81f, 0xf81f, 0xf81f, 0xf81f, 0xf81f, 0xf81f, 0xf81f, 0xf81f,
	0xf81f, 0xf81f, 0xf81f, 0xf81f, 0xf81f, 0xf81f, 0xf81f, 0xf81f, 0xf81f, 0xf81f, 0xf81f, 0xf81f,
	0xf81f, 0xf81f, 0xf81f, 0xf81f, 0xf81f, 0xf81f, 0xf81f, 0xf81f, 0xf81f, 0xf81f, 0xf81f, 0xf81f,
	0xf81f, 0xf81f, 0xf81f, 0xf81f, 0xf81f, 0xf81f, 0xf81f, 0xf81f, 0xf81f, 0xf81f, 0xf81f, 0xf81f,
	0xf81f, 0xf81f, 0xf81f, 0xf81f, 0xf81f, 0xf81f, 0xf81f, 0xf81f, 0xf81f, 0xf81f, 0xf81f, 0xf81f,
	0xf81f, 0xf81f, 0xf81f, 0xf81f, 0xf81f, 0xf81f, 0xf81f, 0xf81f, 0xf81f, 0xf81f, 0xf81f, 0xf81f,
	0xf81f, 0xf81f, 0xf81f, 0xf81f, 0xf81f, 0xf81f, 0xf81f, 0xf81f, 0xf81f, 0xf81f, 0xf81f, 0xf81f,
	0xf81f, 0xf81f, 0xf81f, 0xf81f, 0xf81f, 0xf81f, 0xf81f, 0xf81f, 0xf81f, 0xf81f, 0xf81f, 0xf81f,
	0xf81f, 0xf81f, 0xf81f, 0xf81f, 0xf81f, 0xf81f, 0xf81f, 0xf81f, 0xf81f, 0xf81f, 0xf81f, 0xf81f,
	0xf81f, 0xf81f, 0xf81f, 0xf81f, 0xf81f, 0xf81f, 0xf81f, 0xf81f, 0xf81f, 0xf81f, 0xf81f, 0xf81f,
	0xf81f, 0xf81f, 0xf81f, 0xf81f, 0xf81f, 0xf81f, 0xf81f, 0xf81f, 0xf81f, 0xf81f, 0xf81f, 0xf81f,
	0xf81f, 0xf81f, 0xf81f, 0xf81f, 0xf81f, 0xf81f, 0xf81f, 0xf81f, 0xf81f, 0xf81f, 0xf81f, 0xf81f,
	0xf81f, 0xf81f, 0xf81f, 0xf81f, 0xf81f, 0xf81f, 0xf81f, 0xf81f, 0xf81f, 0xf81f, 0xf81f, 0xf81f,
	0xf81f, 0xf81f, 0xf81f, 0xf81f, 0xf81f, 0xf81f, 0xf81f, 0xf81f, 0xf81f, 0xf81f, 0xf81f, 0xf81f,
	0xf81f, 0xf81f, 0xf81f, 0xf81f, 0xf81f, 0xf81f, 0xf81f, 0xf81f, 0xf81f, 0xf81f, 0xf81f, 0xf81f,
	0xf81f, 0xf81f, 0xf81f, 0xf81f, 0xf81f, 0xf81f, 0xf81f, 0xf81f, 0xf81f, 0xf81f, 0xf81f, 0xf81f,
	0xf81f, 0xf81f, 0xf81f, 0xf81f, 0xf81f, 0xf81f, 0xf81f, 0xf81f, 0xf81f, 0xf81f, 0xf81f, 0xf81f,
	0xf81f, 0xf81f, 0xf81f, 0xf81f, 0xf81f, 0xf81f, 0xf81f, 0xf81f, 0xf81f, 0xf81f, 0xf81f, 0xf81f,
	0xf81f, 0xf81f, 0xf81f, 0xf81f, 0xf81f, 0xf81f, 0xf81f, 0xf81f, 0xf81f, 0xf81f, 0xf81f, 0xf81f,
	0xf81f, 0xf81f, 0xf81f, 0xf81f, 0xf81f, 0xf81f, 0xf81f, 0xf81f, 0xf81f, 0xf81f, 0xf81f, 0xf81f,
	0xf81f, 0xf81f, 0xf81f, 0xf81f, 0xf81f, 0xf81f, 0xf81f, 0xf81f, 0xf81f, 0xf81f, 0xf81f, 0xf81f,
	0xf81f, 0xf81f, 0xf81f, 0xf81f, 0xf81f, 0xf81f, 0xf81f, 0xf81f, 0xf81f, 0xf81f, 0xf81f, 0xf81f,
	0xf81f, 0xf81f, 0xf81f, 0xf81f, 0xf81f, 0xf81f, 0xf81f, 0xf81f, 0xf81f, 0xf81f, 0xf81f, 0xf81f,
	0xf81f, 0xf81f, 0xf81f, 0xf81f, 0xf81f, 0xf81f, 0xf81f, 0xf81f, 0xf81f, 0xf81f, 0xf81f, 0xf81f,
	0xf81f, 0xf81f, 0xf81f, 0xf81f, 0xf81f, 0xf81f, 0xf81f, 0xf81f, 0xf81f, 0xf81f, 0xf81f, 0xf81f,
	0xf81f, 0xf81f, 0xf81f, 0xf81f, 0xf81f, 0xf81f, 0xf81f, 0xf81f, 0xf81f, 0xf81f, 0xf81f, 0xf81f,
	0xf81f, 0xf81f, 0xf81f, 0xf81f, 0xf81f, 0xf81f, 0xf81f, 0xf81f, 0xf81f, 0xf81f, 0xf81f, 0xf81f,
	0xf81f, 0xf81f, 0xf81f, 0xf81f, 0xf81f, 0xf81f, 0xf81f, 0xf81f, 0xf81f, 0xf81f, 0xf81f, 0xf81f,
	0xf81f, 0xf81f, 0xf81f, 0xf81f, 0xf81f, 0xf81f, 0xf81f, 0xf81f, 0xf81f, 0xf81f, 0xf81f, 0xf81f,
	0xf81f, 0xf81f, 0xf81f, 0xf81f, 0xf81f, 0xf81f, 0xf81f, 0xf81f, 0xf81f, 0xf81f, 0xf81f, 0xf81f,
	0xf81f, 0xf81f, 0xf81f, 0xf81f, 0xf81f, 0xf81f, 0xf81f, 0xf81f, 0xf81f, 0xf81f, 0xf81f, 0xf81f,
	0xf81f, 0xf81f, 0xf81f, 0xf81f, 0xf81f, 0xf81f, 0xf81f, 0xf81f, 0xf81f, 0xf81f, 0xf81f, 0xf81f,
	0xf81f, 0xf81f, 0xf81f, 0xf81f, 0xf81f, 0xf81f, 0xf81f, 0xf81f, 0xf81f, 0xf81f, 0xf81f, 0xf81f,
	0xf81f, 0xf81f, 0xf81f, 0xf81f, 0xf81f, 0xf81f, 0xf81f, 0xf81f, 0xf81f, 0xf81f, 0xf81f, 0xf81f,
	0xf81f, 0xf81f, 0xf81f, 0xf81f, 0xf81f, 0xf81f, 0xf81f, 0xf81f, 0xf81f, 0xf81f, 0xf81f, 0xf81f,
	0xf81f, 0xf81f, 0xf81f, 0xf81f, 0xf81f, 0xf81f, 0xf81f, 0xf81f, 0xf81f, 0xf81f, 0xf81f, 0xf81f,
	0xf81f, 0xf81f, 0xf81f, 0xf81f, 0xf81f, 0xf81f, 0xf81f, 0xf81f, 0xf81f, 0xf81f, 0xf81f, 0xf81f,
	0xf81f, 0xf81f, 0xf81f, 0xf81f, 0xf81f, 0xf81f, 0xf81f, 0xf81f, 0xf81f, 0xf81f, 0xf81f, 0xf81f,
	0xf81f, 0xf81f, 0xf81f, 0xf81f, 0xf81f, 0xf81f, 0xf81f, 0xf81f, 0xf81f, 0xf81f, 0xf81f, 0xf81f,
	0xf81f, 0xf81f, 0xf81f, 0xf81f, 0xf81f, 0xf81f, 0xf81f, 0xf81f, 0xf81f, 0xf81f, 0xf81f, 0xf81f,
	0xf81f, 0xf81f, 0xf81f, 0xf81f, 0xf81f, 0xf81f, 0xf81f, 0xf81f, 0xf81f, 0xf81f, 0xf81f, 0xf81f,
	0xf81f, 0xf81f, 0xf81f, 0xf81f, 0xf81f, 0xf81f, 0xf81f, 0xf81f, 0xf81f, 0xf81f, 0xf81f, 0xf81f,
	0xf81f, 0xf81f, 0xf81f, 0xf81f, 0xf81f, 0xf81f, 0xf81f, 0xf81f, 0xf81f, 0xf81f, 0xf81f, 0xf81f,
	0xf81f, 0xf81f, 0xf81f, 0xf81f, 0xf81f, 0xf81f, 0xf81f, 0xf81f, 0xf81f, 0xf81f, 0xf81f, 0xf81f,
	0xf81f, 0xf81f, 0xf81f, 0xf81f, 0xf81f, 0xf81f, 0xf81f, 0xf81f, 0xf81f, 0xf81f, 0xf81f, 0xf81f,
	0xf81f, 0xf81f, 0xf81f, 0xf81f, 0xf81f, 0xf81f, 0xf81f, 0xf81f, 0xf81f, 0xf81f, 0xf81f, 0xf81f,
	0xf81f, 0xf81f, 0xf81f, 0xf81f, 0xf81f, 0xf81f, 0xf81f, 0xf81f, 0xf81f, 0xf81f, 0xf81f, 0xf81f,
	0xf81f, 0xf81f, 0xf81f, 0xf81f, 0xf81f, 0xf81f, 0xf81f, 0xf81f, 0xf81f, 0xf81f, 0xf81f, 0xf81f,
	0xf81f, 0xf81f, 0xf81f, 0xf81f, 0xf81f, 0xf81f, 0xf81f, 0xf81f, 0xf81f, 0xf81f, 0xf81f, 0xf81f,
	0xf81f, 0xf81f, 0xf81f, 0xf81f, 0xf81f, 0xf81f, 0xf81f, 0xf81f, 0xf81f, 0xf81f, 0xf81f, 0xf81f,
	0xf81f, 0xf81f, 0xf81f, 0xf81f, 0xf81f, 0xf81f, 0xf81f, 0xf81f, 0xf81f, 0xf81f, 0xf81f, 0xf81f,
	0xf81f, 0xf81f, 0xf81f, 0xf81f, 0xf81f, 0xf81f, 0xf81f, 0xf81f, 0xf81f, 0xf81f, 0xf81f, 0xf81f,
	0xf81f, 0xf81f, 0xf81f, 0xf81f, 0xf81f, 0xf81f, 0xf81f, 0xf81f, 0xf81f, 0xf81f, 0xf81f, 0xf81f,
	0xf81f, 0xf81f, 0xf81f, 0xf81f, 0xf81f, 0xf81f, 0xf81f, 0xf81f, 0xf81f, 0xf81f, 0xf81f, 0xf81f,
	0xf81f, 0xf81f, 0xf81f, 0xf81f, 0xf81f, 0xf81f, 0xf81f, 0xf81f, 0xf81f, 0xf81f, 0xf81f, 0xf81f,
	0xf81f, 0xf81f, 0xf81f, 0xf81f, 0xf81f, 0xf81f, 0xf81f, 0xf81f, 0xf81f, 0xf81f, 0xf81f, 0xf81f,
	0xf81f, 0xf81f, 0xf81f, 0xf81f, 0xf81f, 0xf81f, 0xf81f, 0xf81f, 0xf81f, 0xf81f, 0xf81f, 0xf81f,
	0xf81f, 0xf81f, 0xf81f, 0xf81f, 0xf81f, 0xf81f, 0xf81f, 0xf81f, 0xf81f, 0xf81f, 0xf81f, 0xf81f,
	0xf81f, 0xf81f, 0xf81f, 0xf81f, 0xf81f, 0xf81f, 0xf81f, 0xf81f, 0xf81f, 0xf81f, 0xf81f, 0xf81f,
	0xf81f, 0xf81f, 0xf81f, 0xf81f, 0xf81f, 0xf81f, 0xf81f, 0xf81f, 0xf81f, 0xf81f, 0xf81f, 0xf81f,
	0xf81f, 0xf81f, 0xf81f, 0xf81f, 0xf81f, 0xf81f, 0xf81f, 0xf81f, 0xf81f, 0xf81f, 0xf81f, 0xf81f,
	0xf81f, 0xf81f, 0xf81f, 0xf81f, 0xf81f, 0xf81f, 0xf81f, 0xf81f, 0xf81f, 0xf81f, 0xf81f, 0xf81f,
	0xf81f, 0xf81f, 0xf81f, 0xf81f, 0xf81f, 0xf81f, 0xf81f, 0xf81f, 0xf81f, 0xf81f, 0xf81f, 0xf81f,
	0xf81f, 0xf81f, 0xf81f, 0xf81f, 0xf81f, 0xf81f, 0xf81f, 0xf81f, 0xf81f, 0xf81f, 0xf81f, 0xf81f,
	0xf81f, 0xf81f, 0xf81f, 0xf81f, 0xf81f, 0xf81f, 0xf81f, 0xf81f, 0xf81f, 0xf81f, 0xf81f, 0xf81f,
	0xf81f, 0xf81f, 0xf81f, 0xf81f, 0xf81f, 0xf81f, 0xf81f, 0xf81f, 0xf81f, 0xf81f, 0xf81f, 0xf81f,
	0xf81f, 0xf81f, 0xf81f, 0xf81f, 0xf81f, 0xf81f, 0xf81f, 0xf81f, 0xf81f, 0xf81f, 0xf81f, 0xf81f,
	0xf81f, 0xf81f, 0xf81f, 0xf81f, 0xf81f, 0xf81f, 0xf81f, 0xf81f, 0xf81f, 0xf81f, 0xf81f, 0xf81f,
	0xf81f, 0xf81f, 0xf81f, 0xf81f, 0xf81f, 0xf81f, 0xf81f, 0xf81f, 0xf81f, 0xf81f, 0xf81f, 0xf81f,
	0xf81f, 0xf81f, 0xf81f, 0xf81f, 0xf81f, 0xf81f, 0xf81f, 0xf81f, 0xf81f, 0xf81f, 0xf81f, 0xf81f,
	0xf81f, 0xf81f, 0xf81f, 0xf81f, 0xf81f, 0xf81f, 0xf81f, 0xf81f, 0xf81f, 0xf81f, 0xf81f, 0xf81f,
	0xf81f, 0xf81f, 0xf81f, 0xf81f, 0xf81f, 0xf81f, 0xf81f, 0xf81f, 0xf81f, 0xf81f, 0xf81f, 0xf81f,
	0xf81f, 0xf81f, 0xf81f, 0xf81f, 0xf81f, 0xf81f, 0xf81f, 0xf81f, 0xf81f, 0xf81f, 0xf81f, 0xf81f,
	0xf81f, 0xf81f, 0xf81f, 0xf81f, 0xf81f, 0xf81f, 0xf81f, 0xf81f, 0xf81f, 0xf81f, 0xf81f, 0xf81f,
	0xf81f, 0xf81f, 0xf81f, 0xf81f, 0xf81f, 0xf81f, 0xf81f, 0xf81f, 0xf81f, 0xf81f, 0xf81f, 0xf81f,
	0xf81f, 0xf81f, 0xf81f, 0xf81f, 0xf81f, 0xf81f, 0xf81f, 0xf81f, 0xf81f, 0xf81f, 0xf81f, 0xf81f,
	0xf81f, 0xf81f, 0xf81f, 0xf81f, 0xf81f, 0xf81f, 0xf81f, 0xf81f, 0xf81f, 0xf81f, 0xf81f, 0xf81f,
	0xf81f, 0xf81f, 0xf81f, 0xf81f, 0xf81f, 0xf81f, 0xf81f, 0xf81f, 0xf81f, 0xf81f, 0xf81f, 0xf81f,
	0xf81f, 0xf81f, 0xf81f, 0xf81f, 0xf81f, 0xf81f, 0xf81f, 0xf81f, 0xf81f, 0xf81f, 0xf81f, 0xf81f,
	0xf81f, 0xf81f, 0xf81f, 0xf81f, 0xf81f, 0xf81f, 0xf81f, 0xf81f, 0xf81f, 0xf81f, 0xf81f, 0xf81f,
	0xf81f, 0xf81f, 0xf81f, 0xf81f, 0xf81f, 0xf81f, 0xf81f, 0xf81f, 0xf81f, 0xf81f, 0xf81f, 0xf81f,
	0xf81f, 0xf81f, 0xf81f, 0xf81f, 0xf81f, 0xf81f, 0xf81f, 0xf81f, 0xf81f, 0xf81f, 0xf81f, 0xf81f,
	0xf81f, 0xf81f, 0xf81f, 0xf81f, 0xf81f, 0xf81f, 0xf81f, 0xf81f, 0xf81f, 0xf81f, 0xf81f, 0xf81f,
	0xf81f, 0xf81f, 0xf81f, 0xf81f, 0xf81f, 0xf81f, 0xf81f, 0xf81f, 0xf81f, 0xf81f, 0xf81f, 0xf81f,
	0xf81f, 0xf81f, 0xf81f, 0xf81f, 0xf81f, 0xf81f, 0xf81f, 0xf81f, 0xf81f, 0xf81f, 0xf81f, 0xf81f,
	0xf81f, 0xf81f, 0xf81f, 0xf81f, 0xf81f, 0xf81f, 0xf81f, 0xf81f, 0xf81f, 0xf81f, 0xf81f, 0xf81f,
	0xf81f, 0xf81f, 0xf81f, 0xf81f, 0xf81f, 0xf81f, 0xf81f, 0xf81f, 0xf81f, 0xf81f, 0xf81f, 0xf81f,
	0xf81f, 0xf81f, 0xf81f, 0xf81f, 0xf81f, 0xf81f, 0xf81f, 0xf81f, 0xf81f, 0xf81f, 0xf81f, 0xf81f,
	0xf81f, 0xf81f, 0xf81f, 0xf81f, 0xf81f, 0xf81f, 0xf81f, 0xf81f, 0xf81f, 0xf81f, 0xf81f, 0xf81f,
	0xf81f, 0xf81f, 0xf81f, 0xf81f, 0xf81f, 0xf81f, 0xf81f, 0xf81f, 0xf81f, 0xf81f, 0xf81f, 0xf81f,
	0xf81f, 0xf81f, 0xf81f, 0xf81f, 0xf81f, 0xf81f, 0xf81f, 0xf81f, 0xf81f, 0xf81f, 0xf81f, 0xf81f,
	0xf81f, 0xf81f, 0xf81f, 0xf81f, 0xf81f, 0xf81f, 0xf81f, 0xf81f, 0xf81f, 0xf81f, 0xf81f, 0xf81f,
	0xf81f, 0xf81f, 0xf81f, 0xf81f, 0xf81f, 0xf81f, 0xf81f, 0xf81f, 0xf81f, 0xf81f, 0xf81f, 0xf81f,
	0xf81f, 0xf81f, 0xf81f, 0xf81f, 0xf81f, 0xf81f, 0xf81f, 0xf81f, 0xf81f, 0xf81f, 0xf81f, 0xf81f,
	0xf81f, 0xf81f, 0xf81f, 0xf81f, 0xf81f, 0xf81f, 0xf81f, 0xf81f, 0xf81f, 0xf81f, 0xf81f, 0xf81f,
	0xf81f, 0xf81f, 0xf81f, 0xf81f, 0xf81f, 0xf81f, 0xf81f, 0xf81f, 0xf81f, 0xf81f, 0xf81f, 0xf81f,
	0xf81f, 0xf81f, 0xf81f, 0xf81f, 0xf81f, 0xf81f, 0xf81f, 0xf81f, 0xf81f, 0xf81f, 0xf81f, 0xf81f,
	0xf81f, 0xf81f, 0xf81f, 0xf81f, 0xf81f, 0xf81f, 0xf81f, 0xf81f, 0xf81f, 0xf81f, 0xf81f, 0xf81f,
	0xf81f, 0xf81f, 0xf81f, 0xf81f, 0xf81f, 0xf81f, 0xf81f, 0xf81f, 0xf81f, 0xf81f, 0xf81f, 0xf81f,
	0xf81f, 0xf81f, 0xf81f, 0xf81f, 0xf81f, 0xf81f, 0xf81f, 0xf81f, 0xf81f, 0xf81f, 0xf81f, 0xf81f,
	0xf81f, 0xf81f, 0xf81f, 0xf81f, 0xf81f, 0xf81f, 0xf81f, 0xf81f, 0xf81f, 0xf81f, 0xf81f, 0xf81f,
	0xf81f, 0xf81f, 0xf81f, 0xf81f, 0xf81f, 0xf81f, 0xf81f, 0xf81f, 0xf81f, 0xf81f, 0xf81f, 0xf81f,
	0xf81f, 0xf81f, 0xf81f, 0xf81f, 0xf81f, 0xf81f, 0xf81f, 0xf81f, 0xf81f, 0xf81f, 0xf81f, 0xf81f,
	0xf81f, 0xf81f, 0xf81f, 0xf81f, 0xf81f, 0xf81f, 0xf81f, 0xf81f, 0xf81f, 0xf81f, 0xf81f, 0xf81f,
	0xf81f, 0xf81f, 0xf81f, 0xf81f, 0xf81f, 0xf81f, 0xf81f, 0xf81f, 0xf81f, 0xf81f, 0xf81f, 0xf81f,
	0xf81f, 0xf81f, 0xf81f, 0xf81f, 0xf81f, 0xf81f, 0xf81f, 0xf81f, 0xf81f, 0xf81f, 0xf81f, 0xf81f,
	0xf81f, 0xf81f, 0xf81f, 0xf81f, 0xf81f, 0xf81f, 0xf81f, 0xf81f, 0xf81f, 0xf81f, 0xf81f, 0xf81f,
	0xf81f, 0xf81f, 0xf81f, 0xf81f, 0xf81f, 0xf81f, 0xf81f, 0xf81f, 0xf81f, 0xf81f, 0xf81f, 0xf81f,
	0xf81f, 0xf81f, 0xf81f, 0xf81f, 0xf81f, 0xf81f, 0xf81f, 0xf81f, 0xf81f, 0xf81f, 0xf81f, 0xf81f,
	0xf81f, 0xf81f, 0xf81f, 0xf81f, 0xf81f, 0xf81f, 0xf81f, 0xf81f, 0xf81f, 0xf81f, 0xf81f, 0xf81f,
	0xf81f, 0xf81f, 0xf81f, 0xf81f, 0xf81f, 0xf81f, 0xf81f, 0xf81f, 0xf81f, 0xf81f, 0xf81f, 0xf81f,
	0xf81f, 0xf81f, 0xf81f, 0xf81f, 0xf81f, 0xf81f, 0xf81f, 0xf81f, 0xf81f, 0xf81f, 0xf81f, 0xf81f,
	0xf81f, 0xf81f, 0xf81f, 0xf81f, 0xf81f, 0xf81f, 0xf81f, 0xf81f, 0xf81f, 0xf81f, 0xf81f, 0xf81f,
	0xf81f, 0xf81f, 0xf81f, 0xf81f, 0xf81f, 0xf81f, 0xf81f, 0xf81f, 0xf81f, 0xf81f, 0xf81f, 0xf81f,
	0xf81f, 0xf81f, 0xf81f, 0xf81f, 0xf81f, 0xf81f, 0xf81f, 0xf81f, 0xf81f, 0xf81f, 0xf81f, 0xf81f,
	0xf81f, 0xf81f, 0xf81f, 0xf81f, 0xf81f, 0xf81f, 0xf81f, 0xf81f, 0xf81f, 0xf81f, 0xf81f, 0xf81f,
	0xf81f, 0xf81f, 0xf81f, 0xf81f, 0xf81f, 0xf81f, 0xf81f, 0xf81f, 0xf81f, 0xf81f, 0xf81f, 0xf81f,
	0xf81f, 0xf81f, 0xf81f, 0xf81f, 0xf81f, 0xf81f, 0xf81f, 0xf81f, 0xf81f, 0xf81f, 0xf81f, 0xf81f,
	0xf81f, 0xf81f, 0xf81f, 0xf81f, 0xf81f, 0xf81f, 0xf81f, 0xf81f, 0xf81f, 0xf81f, 0xf81f, 0xf81f,
	0xf81f, 0xf81f, 0xf81f, 0xf81f, 0xf81f, 0xf81f, 0xf81f, 0xf81f, 0xf81f, 0xf81f, 0xf81f, 0xf81f,
	0xf81f, 0xf81f, 0xf81f, 0xf81f, 0xf81f, 0xf81f, 0xf81f, 0xf81f, 0xf81f, 0xf81f, 0xf81f, 0xf81f,
	0xf81f, 0xf81f, 0xf81f, 0xf81f, 0xf81f, 0xf81f, 0xf81f, 0xf81f, 0xf81f, 0xf81f, 0xf81f, 0xf81f,
	0xf81f, 0xf81f, 0xf81f, 0xf81f, 0xf81f, 0xf81f, 0xf81f, 0xf81f, 0xf81f, 0xf81f, 0xf81f, 0xf81f,
	0xf81f, 0xf81f, 0xf81f, 0xf81f, 0xf81f, 0xf81f, 0xf81f, 0xf81f, 0xf81f, 0xf81f, 0xf81f, 0xf81f,
	0xf81f, 0xf81f, 0xf81f, 0xf81f, 0xf81f, 0xf81f, 0xf81f, 0xf81f, 0xf81f, 0xf81f, 0xf81f, 0xf81f,
	0xf81f, 0xf81f, 0xf81f, 0xf81f, 0xf81f, 0xf81f, 0xf81f, 0xf81f, 0xf81f, 0xf81f, 0xf81f, 0xf81f,
	0xf81f, 0xf81f, 0xf81f, 0xf81f, 0xf81f, 0xf81f, 0xf81f, 0xf81f, 0xf81f, 0xf81f, 0xf81f, 0xf81f,
	0xf81f, 0xf81f, 0xf81f, 0xf81f, 0xf81f, 0xf81f, 0xf81f, 0xf81f, 0xf81f, 0xf81f, 0xf81f, 0xf81f,
	0xf81f, 0xf81f, 0xf81f, 0xf81f, 0xf81f, 0xf81f, 0xf81f, 0xf81f, 0xf81f, 0xf81f, 0xf81f, 0xf81f,
	0xf81f, 0xf81f, 0xf81f, 0xf81f, 0xf81f, 0xf81f, 0xf81f, 0xf81f, 0xf81f, 0xf81f, 0xf81f, 0xf81f,
	0xf81f, 0xf81f, 0xf81f, 0xf81f, 0xf81f, 0xf81f, 0xf81f, 0xf81f, 0xf81f, 0xf81f, 0xf81f, 0xf81f,
	0xf81f, 0xf81f, 0xf81f, 0xf81f, 0xf81f, 0xf81f, 0xf81f, 0xf81f, 0xf81f, 0xf81f, 0xf81f, 0xf81f,
	0xf81f, 0xf81f, 0xf81f, 0xf81f, 0xf81f, 0xf81f, 0xf81f, 0xf81f, 0xf81f, 0xf81f, 0xf81f, 0xf81f,
	0xf81f, 0xf81f, 0xf81f, 0xf81f, 0xf81f, 0xf81f, 0xf81f, 0xf81f, 0xf81f, 0xf81f, 0xf81f, 0xf81f,
	0xf81f, 0xf81f, 0xf81f, 0xf81f, 0xf81f, 0xf81f, 0xf81f, 0xf81f, 0xf81f, 0xf81f, 0xf81f, 0xf81f,
	0xf81f, 0xf81f, 0xf81f, 0xf81f, 0xf81f, 0xf81f, 0xf81f, 0xf81f, 0xf81f, 0xf81f, 0xf81f, 0xf81f,
	0xf81f, 0xf81f, 0xf81f, 0xf81f, 0xf81f, 0xf81f, 0xf81f, 0xf81f, 0xf81f, 0xf81f, 0xf81f, 0xf81f,
	0xf81f, 0xf81f, 0xf81f, 0xf81f, 0xf81f, 0xf81f, 0xf81f, 0xf81f, 0xf81f, 0xf81f, 0xf81f, 0xf81f,
	0xf81f, 0xf81f, 0xf81f, 0xf81f, 0xf81f, 0xf81f, 0xf81f, 0xf81f, 0xf81f, 0xf81f, 0xf81f, 0xf81f,
	0xf81f, 0xf81f, 0xf81f, 0xf81f, 0xf81f, 0xf81f, 0xf81f, 0xf81f, 0xf81f, 0xf81f, 0xf81f, 0xf81f,
	0xf81f, 0xf81f, 0xf81f, 0xf81f, 0xf81f, 0xf81f, 0xf81f, 0xf81f, 0xf81f, 0xf81f, 0xf81f, 0xf81f,
	0xf81f, 0xf81f, 0xf81f, 0xf81f, 0xf81f, 0xf81f, 0xf81f, 0xf81f, 0xf81f, 0xf81f, 0xf81f, 0xf81f,
	0xf81f, 0xf81f, 0xf81f, 0xf81f, 0xf81f, 0xf81f, 0xf81f, 0xf81f, 0xf81f, 0xf81f, 0xf81f, 0xf81f,
	0xf81f, 0xf81f, 0xf81f, 0xf81f, 0xf81f, 0xf81f, 0xf81f, 0xf81f, 0xf81f, 0xf81f, 0xf81f, 0xf81f,
	0xf81f, 0xf81f, 0xf81f, 0xf81f, 0xf81f, 0xf81f, 0xf81f, 0xf81f, 0xf81f, 0xf81f, 0xf81f, 0xf81f,
	0xf81f, 0xf81f, 0xf81f, 0xf81f, 0xf81f, 0xf81f, 0xf81f, 0xf81f, 0xf81f, 0xf81f, 0xf81f, 0xf81f,
	0xf81f, 0xf81f, 0xf81f, 0xf81f, 0xf81f, 0xf81f, 0xf81f, 0xf81f, 0xf81f, 0xf81f, 0xf81f, 0xf81f,
	0xf81f, 0xf81f, 0xf81f, 0xf81f, 0xf81f, 0xf81f, 0xf81f, 0xf81f, 0xf81f, 0xf81f, 0xf81f, 0xf81f,
	0xf81f, 0xf81f, 0xf81f, 0xf81f, 0xf81f, 0xf81f, 0xf81f, 0xf81f, 0xf81f, 0xf81f, 0xf81f, 0xf81f,
	0xf81f, 0xf81f, 0xf81f, 0xf81f, 0xf81f, 0xf81f, 0xf81f, 0xf81f, 0xf81f, 0xf81f, 0xf81f, 0xf81f,
	0xf81f, 0xf81f, 0xf81f, 0xf81f, 0xf81f, 0xf81f, 0xf81f, 0xf81f, 0xf81f, 0xf81f, 0xf81f, 0xf81f,
	0xf81f, 0xf81f, 0xf81f, 0xf81f, 0xf81f, 0xf81f, 0xf81f, 0xf81f, 0xf81f, 0xf81f, 0xf81f, 0xf81f,
	0xf81f, 0xf81f, 0xf81f, 0xf81f, 0xf81f, 0xf81f, 0xf81f, 0xf81f, 0xf81f, 0xf81f, 0xf81f, 0xf81f,
	0xf81f, 0xf81f, 0xf81f, 0xf81f, 0xf81f, 0xf81f, 0xf81f, 0xf81f, 0xf81f, 0xf81f, 0xf81f, 0xf81f,
	0xf81f, 0xf81f, 0xf81f, 0xf81f, 0xf81f, 0xf81f, 0xf81f, 0xf81f, 0xf81f, 0xf81f, 0xf81f, 0xf81f,
	0xf81f, 0xf81f, 0xf81f, 0xf81f, 0xf81f, 0xf81f, 0xf81f, 0xf81f, 0xf81f, 0xf81f, 0xf81f, 0xf81f,
	0xf81f, 0xf81f, 0xf81f, 0xf81f, 0xf81f, 0xf81f, 0xf81f, 0xf81f, 0xf81f, 0xf81f, 0xf81f, 0xf81f,
	0xf81f, 0xf81f, 0xf81f, 0xf81f, 0xf81f, 0xf81f, 0xf81f, 0xf81f, 0xf81f, 0xf81f, 0xf81f, 0xf81f,
	0xf81f, 0xf81f, 0xf81f, 0xf81f, 0xf81f, 0xf81f, 0xf81f, 0xf81f, 0xf81f, 0xf81f, 0xf81f, 0xf81f,
	0xf81f, 0xf81f, 0xf81f, 0xf81f, 0xf81f, 0xf81f, 0xf81f, 0xf81f, 0xf81f, 0xf81f, 0xf81f, 0xf81f,
	0xf81f, 0xf81f, 0xf81f, 0xf81f, 0xf81f, 0xf81f, 0xf81f, 0xf81f, 0xf81f, 0xf81f, 0xf81f, 0xf81f,
	0xf81f, 0xf81f, 0xf81f, 0xf81f, 0xf81f, 0xf81f, 0xf81f, 0xf81f, 0xf81f, 0xf81f, 0xf81f, 0xf81f,
	0xf81f, 0xf81f, 0xf81f, 0xf81f, 0xf81f, 0xf81f, 0xf81f, 0xf81f, 0xf81f, 0xf81f, 0xf81f, 0xf81f,
	0xf81f, 0xf81f, 0xf81f, 0xf81f, 0xf81f, 0xf81f, 0xf81f, 0xf81f, 0xf81f, 0xf81f, 0xf81f, 0xf81f,
	0xf81f, 0xf81f, 0xf81f, 0xf81f, 0xf81f, 0xf81f, 0xf81f, 0xf81f, 0xf81f, 0xf81f, 0xf81f, 0xf81f,
	0xf81f, 0xf81f, 0xf81f, 0xf81f, 0xf81f, 0xf81f, 0xf81f, 0xf81f, 0xf81f, 0xf81f, 0xf81f, 0xf81f,
	0xf81f, 0xf81f, 0xf81f, 0xf81f, 0xf81f, 0xf81f, 0xf81f, 0xf81f, 0xf81f, 0xf81f, 0xf81f, 0xf81f,
	0xf81f, 0xf81f, 0xf81f, 0xf81f, 0xf81f, 0xf81f, 0xf81f, 0xf81f, 0xf81f, 0xf81f, 0xf81f, 0xf81f,
	0xf81f, 0xf81f, 0xf81f, 0xf81f,
}; /* 16384 values */

static const struct asset2 possum2 = {
	.type = PICTURE16BIT,
	.seqNum = 1,
	.x = 128,
	.y = 128,
	.colormap = NULL, /* not used by PICTURE16BIT or PICTURE1BIT */
	.pixel16 = (const uint16_t *) possum2_data,
};
/* End of code generated by png-to-badge-asset from /Users/arxi/clang/badge2025/source/apps/microban_assets/possum2.png Tue May 20 19:07:31 2025 */
